frame,time_seconds,track_id,class_id,class_name,confidence,center_x,center_y,x1,y1,x2,y2
0,0.0,1,2,car,0.8836650848388672,579.0665588378906,529.7433929443359,373.01177978515625,345.4709167480469,785.121337890625,714.015869140625
0,0.0,2,2,car,0.6342312097549438,792.6915588378906,387.73382568359375,622.25927734375,230.1031494140625,963.1238403320312,545.364501953125
1,0.04,1,2,car,0.8836773037910461,579.066650390625,529.7432556152344,373.01202392578125,345.47088623046875,785.1212768554688,714.015625
1,0.04,2,2,car,0.6342741250991821,792.6915588378906,387.73499298095703,622.2588500976562,230.10389709472656,963.124267578125,545.3660888671875
2,0.08,1,2,car,0.8917133808135986,579.0224151611328,529.1682586669922,372.9713439941406,344.8834533691406,785.073486328125,713.4530639648438
2,0.08,2,2,car,0.6633806824684143,788.7777404785156,386.92298889160156,614.7877197265625,229.47836303710938,962.7677612304688,544.3676147460938
3,0.12,1,2,car,0.8839975595474243,579.1382446289062,529.2703094482422,372.18426513671875,344.1340637207031,786.0922241210938,714.4065551757812
3,0.12,2,2,car,0.665280818939209,792.2928771972656,387.4761199951172,618.9523315429688,230.50137329101562,965.6334228515625,544.4508666992188
4,0.16,1,2,car,0.8801743984222412,579.14453125,528.7587738037109,371.95892333984375,343.3645324707031,786.3301391601562,714.1530151367188
4,0.16,2,2,car,0.6455292105674744,792.2135925292969,388.61307525634766,618.5961303710938,231.34242248535156,965.8310546875,545.8837280273438
4,0.16,3,0,person,0.4844353199005127,399.78871154785156,248.40850067138672,354.4249267578125,123.09629821777344,445.1524963378906,373.720703125
5,0.2,1,2,car,0.8827488422393799,579.4102325439453,529.239990234375,372.6108093261719,344.14923095703125,786.2096557617188,714.3307495117188
5,0.2,2,2,car,0.6763483285903931,793.1199951171875,387.9529724121094,620.078369140625,231.0718994140625,966.16162109375,544.8340454101562
5,0.2,3,0,person,0.4297786056995392,406.47181701660156,252.57324981689453,363.3525695800781,133.3795623779297,449.591064453125,371.7669372558594
6,0.24,1,2,car,0.8763357400894165,579.2089538574219,530.21484375,373.45892333984375,346.10711669921875,784.958984375,714.3225708007812
6,0.24,2,2,car,0.6729614734649658,793.2577819824219,387.86566162109375,620.228271484375,230.8485107421875,966.2872924804688,544.8828125
6,0.24,3,0,person,0.42394670844078064,410.5827331542969,249.14019775390625,366.39788818359375,126.60397338867188,454.767578125,371.6764221191406
7,0.28,1,2,car,0.8722583651542664,578.7055206298828,530.6261138916016,373.2521667480469,346.8290710449219,784.1588745117188,714.4231567382812
7,0.28,2,2,car,0.665636420249939,793.2402954101562,387.67576599121094,620.5925903320312,230.87667846679688,965.8880004882812,544.474853515625
7,0.28,3,0,person,0.49868109822273254,411.82177734375,249.14282608032227,367.65362548828125,126.5854263305664,455.98992919921875,371.7002258300781
8,0.32,1,2,car,0.8700681328773499,579.2004547119141,530.7694702148438,373.8316345214844,347.08221435546875,784.5692749023438,714.4567260742188
8,0.32,2,2,car,0.6591798067092896,793.2596130371094,387.68607330322266,620.7223510742188,230.8500518798828,965.796875,544.5220947265625
8,0.32,3,0,person,0.4940212368965149,415.8991394042969,247.40926361083984,371.8382263183594,125.49256896972656,459.9600524902344,369.3259582519531
9,0.36,1,2,car,0.875516951084137,579.3565521240234,530.6855926513672,374.0823059082031,347.1204528808594,784.6307983398438,714.250732421875
9,0.36,3,0,person,0.6798312664031982,419.98402404785156,243.46657180786133,375.22308349609375,120.0861587524414,464.7449645996094,366.84698486328125
9,0.36,2,2,car,0.660792350769043,793.1415405273438,387.5685577392578,620.6956787109375,230.67642211914062,965.58740234375,544.460693359375
10,0.4,1,2,car,0.8835107088088989,579.6505126953125,530.4029235839844,374.52325439453125,346.9779052734375,784.7777709960938,713.8279418945312
10,0.4,3,0,person,0.7138246297836304,425.212890625,239.5934181213379,379.4595947265625,113.66199493408203,470.9661865234375,365.52484130859375
10,0.4,2,2,car,0.6643495559692383,793.1327209472656,387.61605072021484,620.6806640625,230.58164978027344,965.5847778320312,544.6504516601562
11,0.44,1,2,car,0.8846137523651123,579.5796203613281,530.4132843017578,374.230712890625,346.8009338378906,784.9285278320312,714.025634765625
11,0.44,3,0,person,0.7406213879585266,428.94573974609375,239.32333755493164,383.18218994140625,113.24344635009766,474.70928955078125,365.4032287597656
11,0.44,2,2,car,0.6650814414024353,793.0774230957031,387.3418960571289,620.8199462890625,230.3397979736328,965.3348999023438,544.343994140625
12,0.48,1,2,car,0.8877393007278442,579.6629486083984,530.2821960449219,373.9996643066406,346.35369873046875,785.3262329101562,714.210693359375
12,0.48,3,0,person,0.7429021000862122,432.7403259277344,239.1697540283203,386.7113952636719,111.8603515625,478.7692565917969,366.4791564941406
12,0.48,2,2,car,0.6674893498420715,793.0849609375,387.3361511230469,620.611572265625,229.9512939453125,965.558349609375,544.7210083007812
13,0.52,1,2,car,0.8738340139389038,579.5789794921875,530.2408142089844,373.73516845703125,346.0947265625,785.4227905273438,714.3869018554688
13,0.52,3,0,person,0.692426323890686,432.2044677734375,238.31307220458984,386.0658264160156,109.68522644042969,478.3431091308594,366.94091796875
13,0.52,2,2,car,0.6774210929870605,791.2322692871094,388.464599609375,618.243896484375,230.66387939453125,964.2206420898438,546.2653198242188
14,0.56,1,2,car,0.8829601407051086,579.5729522705078,530.3729858398438,373.8288269042969,346.28094482421875,785.3170776367188,714.4650268554688
14,0.56,2,2,car,0.6848489046096802,790.5784912109375,388.9679183959961,617.5261840820312,231.1920623779297,963.6307983398438,546.7437744140625
14,0.56,3,0,person,0.6738995909690857,431.67433166503906,238.6311378479004,386.05572509765625,109.46082305908203,477.2929382324219,367.80145263671875
15,0.6,1,2,car,0.8744015693664551,579.6155242919922,530.1312713623047,373.8821105957031,346.0066223144531,785.3489379882812,714.2559204101562
15,0.6,3,0,person,0.703871488571167,431.38829040527344,237.54546737670898,386.2208557128906,107.4029769897461,476.55572509765625,367.6879577636719
15,0.6,2,2,car,0.680515706539154,790.2310180664062,389.0482406616211,617.01416015625,231.1852264404297,963.4478759765625,546.9112548828125
16,0.64,1,2,car,0.8734562397003174,579.6894073486328,530.0538635253906,373.7575378417969,345.6748046875,785.6212768554688,714.4329223632812
16,0.64,2,2,car,0.6816858053207397,790.0840759277344,389.1116638183594,616.7777099609375,231.2366943359375,963.3904418945312,546.9866333007812
16,0.64,3,0,person,0.6748579144477844,432.044677734375,241.0684700012207,390.21533203125,118.68253326416016,473.8740234375,363.45440673828125
17,0.68,1,2,car,0.871038556098938,579.8041076660156,530.3388824462891,374.2044677734375,346.2214660644531,785.4037475585938,714.456298828125
17,0.68,3,0,person,0.6797773838043213,431.5685577392578,239.31292724609375,389.1173400878906,113.08306884765625,474.019775390625,365.54278564453125
17,0.68,2,2,car,0.6768581867218018,789.7543334960938,388.9937973022461,616.2337036132812,230.9965057373047,963.2749633789062,546.9910888671875
18,0.72,1,2,car,0.8706964254379272,579.9379272460938,530.2025451660156,374.4613037109375,346.14630126953125,785.41455078125,714.2587890625
18,0.72,3,0,person,0.6866364479064941,431.8625030517578,238.4394073486328,389.8863220214844,111.64361572265625,473.83868408203125,365.2351989746094
18,0.72,2,2,car,0.6760438680648804,791.7323608398438,387.93241119384766,618.8121948242188,230.2769317626953,964.6525268554688,545.587890625
19,0.76,1,2,car,0.8703738451004028,580.069580078125,530.0668640136719,374.44775390625,345.79473876953125,785.69140625,714.3389892578125
19,0.76,3,0,person,0.6904404759407043,433.027099609375,238.06356811523438,391.505126953125,110.7296142578125,474.549072265625,365.39752197265625
19,0.76,2,2,car,0.6886950135231018,792.4745178222656,387.4723587036133,620.1487426757812,230.18983459472656,964.80029296875,544.7548828125
20,0.8,1,2,car,0.8635641932487488,579.5127868652344,529.6898651123047,373.7803955078125,345.2423400878906,785.2451782226562,714.1373901367188
20,0.8,3,0,person,0.6875110864639282,434.07386779785156,238.4916534423828,393.3587341308594,112.1689453125,474.78900146484375,364.8143615722656
20,0.8,2,2,car,0.6787145137786865,792.8036499023438,387.36560821533203,620.6550903320312,230.0744171142578,964.9522094726562,544.6567993164062
21,0.84,1,2,car,0.8605111837387085,579.2316741943359,529.4070587158203,373.4789123535156,344.8642272949219,784.9844360351562,713.9498901367188
21,0.84,2,2,car,0.6802154183387756,792.9033813476562,387.3343200683594,620.8731689453125,229.986572265625,964.93359375,544.6820678710938
21,0.84,3,0,person,0.6488977670669556,434.78424072265625,236.6954116821289,394.63970947265625,111.01185607910156,474.92877197265625,362.37896728515625
22,0.88,1,2,car,0.862460732460022,579.1180572509766,529.1815795898438,373.3541564941406,344.5396728515625,784.8819580078125,713.823486328125
22,0.88,2,2,car,0.6762185096740723,792.98291015625,387.2996139526367,621.1041870117188,229.94017028808594,964.8616333007812,544.6590576171875
22,0.88,3,0,person,0.6445052623748779,434.4975891113281,233.7884521484375,394.49078369140625,107.79254150390625,474.50439453125,359.78436279296875
23,0.92,1,2,car,0.8631858825683594,579.0294799804688,528.9397735595703,373.17266845703125,344.1067199707031,784.8862915039062,713.7728271484375
23,0.92,2,2,car,0.6831254363059998,792.9831848144531,387.28385162353516,621.263916015625,229.93653869628906,964.7024536132812,544.6311645507812
23,0.92,3,0,person,0.6394509673118591,434.93162536621094,232.45608520507812,395.689453125,109.014892578125,474.1737976074219,355.89727783203125
24,0.96,1,2,car,0.8657754063606262,578.9980926513672,529.0607147216797,373.3319396972656,344.3230895996094,784.6642456054688,713.79833984375
24,0.96,2,2,car,0.685873806476593,792.8865661621094,387.2873840332031,621.2950439453125,229.94073486328125,964.4780883789062,544.634033203125
24,0.96,3,0,person,0.663532018661499,435.2081298828125,230.75636672973633,395.4501953125,105.82019805908203,474.966064453125,355.6925354003906
25,1.0,1,2,car,0.8820817470550537,579.4289398193359,529.2161712646484,374.0401306152344,344.7383728027344,784.8177490234375,713.6939697265625
25,1.0,3,0,person,0.7099308371543884,437.39955139160156,230.44562149047852,397.752685546875,106.71183013916016,477.0464172363281,354.1794128417969
25,1.0,2,2,car,0.6918583512306213,792.810791015625,386.7492446899414,620.9492797851562,228.9949493408203,964.6723022460938,544.5035400390625
26,1.04,1,2,car,0.8825330138206482,579.5537872314453,529.3151092529297,374.2253112792969,344.8995666503906,784.8822631835938,713.7306518554688
26,1.04,3,0,person,0.743695080280304,439.17108154296875,229.6070327758789,399.3169250488281,106.18894958496094,479.0252380371094,353.0251159667969
26,1.04,2,2,car,0.7004196047782898,792.9071044921875,386.57127380371094,620.9979858398438,228.60385131835938,964.8162231445312,544.5386962890625
27,1.08,1,2,car,0.8824564218521118,579.6202239990234,529.2596588134766,374.0528869628906,344.5910339355469,785.1875610351562,713.9282836914062
27,1.08,3,0,person,0.7387407422065735,439.8254089355469,228.6772575378418,399.4418640136719,104.31212615966797,480.2089538574219,353.0423889160156
27,1.08,2,2,car,0.6841131448745728,792.9528198242188,386.4897994995117,621.0966186523438,228.4248504638672,964.8090209960938,544.5547485351562
28,1.12,1,2,car,0.8839827179908752,579.6211242675781,529.2901458740234,373.99951171875,344.5365905761719,785.2427368164062,714.043701171875
28,1.12,3,0,person,0.7400073409080505,441.07334899902344,228.26204299926758,400.62335205078125,104.32074737548828,481.5233459472656,352.2033386230469
28,1.12,2,2,car,0.6711040139198303,793.0639953613281,386.32666015625,621.3194580078125,228.236083984375,964.8085327148438,544.417236328125
29,1.16,1,2,car,0.8828725218772888,579.5807495117188,529.3442230224609,373.9427490234375,344.5453796386719,785.21875,714.14306640625
29,1.16,3,0,person,0.7297407388687134,441.47406005859375,227.95823287963867,400.9581604003906,104.09740447998047,481.9899597167969,351.8190612792969
29,1.16,2,2,car,0.6701204776763916,793.130859375,386.1697998046875,621.53857421875,228.1064453125,964.72314453125,544.233154296875
30,1.2,1,2,car,0.881199836730957,579.5999755859375,529.3230590820312,373.9656982421875,344.4886474609375,785.2342529296875,714.157470703125
30,1.2,2,2,car,0.6663869619369507,793.1002807617188,386.2743606567383,621.4823608398438,228.0605010986328,964.7182006835938,544.4882202148438
30,1.2,3,0,person,0.5798472762107849,441.0415954589844,229.6984977722168,401.5648193359375,109.24980926513672,480.51837158203125,350.1471862792969
31,1.24,1,2,car,0.8802711963653564,579.6271667480469,529.3475036621094,374.00634765625,344.48687744140625,785.2479858398438,714.2081298828125
31,1.24,2,2,car,0.6665249466896057,793.1330871582031,386.45494842529297,621.4647827148438,228.0657196044922,964.8013916015625,544.8441772460938
31,1.24,3,0,person,0.5837936997413635,440.77288818359375,229.74746322631836,401.62335205078125,110.6509017944336,479.92242431640625,348.8440246582031
32,1.28,1,2,car,0.8814795613288879,579.5797271728516,529.4976348876953,374.1141052246094,344.7662048339844,785.0453491210938,714.2290649414062
32,1.28,3,0,person,0.6927723288536072,441.5546112060547,230.98476791381836,402.7212219238281,113.46627044677734,480.38800048828125,348.5032653808594
32,1.28,2,2,car,0.6599145531654358,793.1949462890625,386.2464599609375,621.8177490234375,228.0556640625,964.5721435546875,544.437255859375
33,1.32,1,2,car,0.8799950480461121,579.5161743164062,529.6044006347656,374.18865966796875,344.99920654296875,784.8436889648438,714.2095947265625
33,1.32,2,2,car,0.6580193042755127,793.2617492675781,386.34986877441406,621.8477783203125,228.01358032226562,964.6757202148438,544.6861572265625
33,1.32,3,0,person,0.6554628014564514,442.5365905761719,231.17317581176758,403.8765869140625,114.3782730102539,481.19659423828125,347.96807861328125
34,1.36,1,2,car,0.8765802979469299,579.5050964355469,529.7626342773438,374.3089599609375,345.2882080078125,784.7012329101562,714.237060546875
34,1.36,3,0,person,0.7274425625801086,444.2299041748047,227.2754783630371,404.44036865234375,107.43526458740234,484.0194396972656,347.1156921386719
34,1.36,2,2,car,0.6572740077972412,793.3006896972656,386.25115966796875,622.0468139648438,227.9814453125,964.5545654296875,544.5208740234375
35,1.4,1,2,car,0.8785067796707153,579.5334167480469,529.7337951660156,374.2745361328125,345.1953125,784.7922973632812,714.2722778320312
35,1.4,3,0,person,0.7185131907463074,445.28257751464844,226.5374298095703,405.98394775390625,108.8267822265625,484.5812072753906,344.2480773925781
35,1.4,2,2,car,0.6653116345405579,793.3038940429688,386.2424545288086,622.1570434570312,228.00205993652344,964.4507446289062,544.4828491210938
36,1.44,1,2,car,0.8828611969947815,579.573486328125,529.7341766357422,374.2784423828125,345.1568298339844,784.8685302734375,714.3115234375
36,1.44,3,0,person,0.6934388875961304,446.1664276123047,224.12368392944336,406.7847595214844,106.67705535888672,485.548095703125,341.5703125
36,1.44,2,2,car,0.6844972372055054,793.2343139648438,386.22493743896484,622.2640380859375,228.1060028076172,964.20458984375,544.3438720703125
37,1.48,1,2,car,0.8823730945587158,579.5779266357422,529.87060546875,374.3835754394531,345.3919677734375,784.7722778320312,714.3492431640625
37,1.48,3,0,person,0.6969917416572571,447.0992431640625,222.29233932495117,407.7029113769531,105.4713363647461,486.4955749511719,339.11334228515625
37,1.48,2,2,car,0.6792227625846863,793.2252502441406,386.3827667236328,622.1915893554688,228.14004516601562,964.2589111328125,544.62548828125
38,1.52,1,2,car,0.8804681897163391,579.5869140625,529.8895416259766,374.37554931640625,345.3935852050781,784.7982788085938,714.385498046875
38,1.52,3,0,person,0.7269566059112549,448.29017639160156,219.27498626708984,407.9288635253906,100.52125549316406,488.6514892578125,338.0287170410156
38,1.52,2,2,car,0.6791626811027527,793.2395629882812,386.4480895996094,622.2036743164062,228.14654541015625,964.2754516601562,544.7496337890625
39,1.56,1,2,car,0.8833888173103333,579.5690765380859,529.8292236328125,374.2857360839844,345.26239013671875,784.8524169921875,714.3960571289062
39,1.56,3,0,person,0.7203094363212585,448.1126708984375,216.4923553466797,406.60699462890625,95.46109008789062,489.61834716796875,337.52362060546875
39,1.56,2,2,car,0.682928204536438,793.208740234375,386.5001754760742,622.1868286132812,228.1555633544922,964.2306518554688,544.8447875976562
39,1.56,4,2,car,0.5581104159355164,1892.0054321289062,55.154242277145386,1872.067626953125,2.294797420501709,1911.9432373046875,108.01368713378906
40,1.6,1,2,car,0.8900668621063232,579.4545745849609,529.6203918457031,374.1080017089844,344.99395751953125,784.8011474609375,714.246826171875
40,1.6,3,0,person,0.7299447059631348,447.44520568847656,216.65225982666016,405.7967834472656,96.45613098144531,489.0936279296875,336.848388671875
40,1.6,2,2,car,0.6802248954772949,793.3795776367188,386.4304962158203,622.775634765625,228.48788452148438,963.9835205078125,544.3731079101562
40,1.6,4,2,car,0.5813230872154236,1885.6351928710938,56.10448467731476,1864.8155517578125,2.009910821914673,1906.454833984375,110.19905853271484
41,1.64,1,2,car,0.8865955471992493,579.4421844482422,529.6149139404297,374.1536560058594,345.0457458496094,784.730712890625,714.18408203125
41,1.64,3,0,person,0.7238069772720337,446.57518005371094,216.23065948486328,404.6369323730469,96.34321594238281,488.513427734375,336.11810302734375
41,1.64,4,2,car,0.690311849117279,1879.300537109375,56.96969437599182,1857.495849609375,2.2556118965148926,1901.105224609375,111.68377685546875
41,1.64,2,2,car,0.6687556505203247,793.4302673339844,386.07208251953125,623.3009033203125,228.62359619140625,963.5596313476562,543.5205688476562
42,1.68,1,2,car,0.8882039189338684,579.4789123535156,529.6167297363281,374.24737548828125,345.1092529296875,784.71044921875,714.1242065429688
42,1.68,3,0,person,0.7651035189628601,446.37767028808594,215.73129653930664,403.5188903808594,94.45172882080078,489.2364501953125,337.0108642578125
42,1.68,4,2,car,0.6967977285385132,1873.6987915039062,58.17113447189331,1850.441162109375,2.4894018173217773,1896.9564208984375,113.85286712646484
42,1.68,2,2,car,0.6623293161392212,793.4243469238281,385.77416229248047,623.654052734375,228.74119567871094,963.1946411132812,542.80712890625
43,1.72,1,2,car,0.8891550302505493,579.4520568847656,529.6037292480469,374.19427490234375,345.08013916015625,784.7098388671875,714.1273193359375
43,1.72,3,0,person,0.7730066180229187,445.2897644042969,215.04075622558594,401.912841796875,93.14105224609375,488.66668701171875,336.9404602050781
43,1.72,4,2,car,0.7406861186027527,1870.1697387695312,59.71743631362915,1845.2205810546875,3.096737861633301,1895.118896484375,116.338134765625
43,1.72,2,2,car,0.6759530901908875,793.3609619140625,385.58843994140625,623.697509765625,228.73431396484375,963.0244140625,542.4425659179688
44,1.76,1,2,car,0.8882895708084106,579.6490020751953,529.5333404541016,374.3763732910156,344.9734191894531,784.921630859375,714.09326171875
44,1.76,4,2,car,0.7798084020614624,1865.5604858398438,60.42267417907715,1838.5703125,2.9420127868652344,1892.5506591796875,117.90333557128906
44,1.76,3,0,person,0.7722710371017456,443.7124938964844,214.9747428894043,400.24517822265625,93.22811126708984,487.1798095703125,336.72137451171875
44,1.76,2,2,car,0.675446093082428,793.3223571777344,386.0561828613281,623.5923461914062,229.2152099609375,963.0523681640625,542.8971557617188
45,1.8,1,2,car,0.8836585879325867,579.7263946533203,529.4723052978516,374.4626770019531,344.8968811035156,784.9901123046875,714.0477294921875
45,1.8,4,2,car,0.7871382832527161,1859.5474243164062,61.22132420539856,1829.9417724609375,2.6494126319885254,1889.153076171875,119.7932357788086
45,1.8,3,0,person,0.7529890537261963,442.51206970214844,214.76658630371094,399.3841247558594,94.4580078125,485.6400146484375,335.0751647949219
45,1.8,2,2,car,0.6662440299987793,793.3344116210938,386.4186706542969,623.3355102539062,229.3668212890625,963.3333129882812,543.4705200195312
46,1.84,1,2,car,0.8838964700698853,579.7371826171875,529.4531860351562,374.46282958984375,344.8377685546875,785.0115356445312,714.068603515625
46,1.84,4,2,car,0.8274868130683899,1854.2557983398438,61.86586606502533,1821.7181396484375,2.2453200817108154,1886.79345703125,121.48641204833984
46,1.84,2,2,car,0.6614766716957092,793.3583679199219,386.70906829833984,623.0296020507812,229.35227966308594,963.6871337890625,544.0658569335938
46,1.84,3,0,person,0.6441519856452942,441.97552490234375,216.13835906982422,399.4433898925781,97.80006408691406,484.5076599121094,334.4766540527344
47,1.88,1,2,car,0.8861166834831238,579.7709808349609,529.4489440917969,374.5215148925781,344.8250732421875,785.0204467773438,714.0728149414062
47,1.88,4,2,car,0.8370698690414429,1848.9884033203125,63.030818462371826,1813.2142333984375,2.4659109115600586,1884.7625732421875,123.5957260131836
47,1.88,2,2,car,0.6723724603652954,793.3478088378906,386.8501281738281,622.9213256835938,229.4041748046875,963.7742919921875,544.2960815429688
47,1.88,3,0,person,0.5359125733375549,440.9121856689453,216.58952713012695,398.6872253417969,99.54193878173828,483.13714599609375,333.6371154785156
48,1.92,1,2,car,0.886523962020874,579.8052215576172,529.6294250488281,374.7129821777344,345.1409912109375,784.8974609375,714.1178588867188
48,1.92,4,2,car,0.841225802898407,1844.7800903320312,64.01240122318268,1805.5543212890625,2.4742348194122314,1884.005859375,125.55056762695312
48,1.92,2,2,car,0.6709113717079163,793.2366027832031,386.8912353515625,622.8110961914062,229.4541015625,963.662109375,544.328369140625
48,1.92,3,0,person,0.6118944883346558,440.4644317626953,213.39490509033203,397.853271484375,95.38511657714844,483.0755920410156,331.4046936035156
49,1.96,1,2,car,0.8856354355812073,579.8104400634766,529.6581878662109,374.7426452636719,345.1826477050781,784.8782348632812,714.1337280273438
49,1.96,4,2,car,0.8312950134277344,1840.4614868164062,65.80042147636414,1797.260498046875,2.7412238121032715,1883.6624755859375,128.859619140625
49,1.96,3,0,person,0.693855345249176,440.4561462402344,212.15979766845703,399.0186462402344,98.25141906738281,481.8936462402344,326.06817626953125
49,1.96,2,2,car,0.676213264465332,793.1459655761719,386.9177551269531,622.705810546875,229.479248046875,963.5861206054688,544.3562622070312
50,2.0,1,2,car,0.8882598876953125,579.8368988037109,529.613037109375,374.7126159667969,345.06036376953125,784.961181640625,714.1657104492188
50,2.0,4,2,car,0.8000216484069824,1835.2542724609375,67.1419712305069,1787.704833984375,2.445899248123169,1882.8037109375,131.83804321289062
50,2.0,2,2,car,0.6655991077423096,793.0849609375,386.92974853515625,622.635009765625,229.49139404296875,963.534912109375,544.3681030273438
50,2.0,3,0,person,0.6567881107330322,440.9246063232422,211.4476547241211,399.9355773925781,99.44975280761719,481.91363525390625,323.445556640625
51,2.04,1,2,car,0.8874499201774597,579.8545989990234,529.5788421630859,374.6685485839844,344.9389953613281,785.0406494140625,714.2186889648438
51,2.04,4,2,car,0.8323929309844971,1830.31396484375,68.30614340305328,1778.433837890625,2.3335392475128174,1882.194091796875,134.27874755859375
51,2.04,3,0,person,0.6901633143424988,441.1886901855469,210.09016036987305,399.96612548828125,97.93407440185547,482.4112548828125,322.2462463378906
51,2.04,2,2,car,0.6702441573143005,793.09912109375,386.91075134277344,622.6317138671875,229.45834350585938,963.5665283203125,544.3631591796875
52,2.08,1,2,car,0.885522723197937,579.8823394775391,529.5612335205078,374.6786193847656,344.8780822753906,785.0860595703125,714.244384765625
52,2.08,4,2,car,0.8520547747612,1825.72998046875,69.131276845932,1769.794677734375,2.5060839653015137,1881.665283203125,135.7564697265625
52,2.08,2,2,car,0.6752001643180847,793.1054992675781,386.8521728515625,622.699951171875,229.4696044921875,963.5110473632812,544.2347412109375
52,2.08,3,0,person,0.6612102389335632,441.5447998046875,210.39754486083984,400.5215759277344,99.03913879394531,482.5680236816406,321.7559509277344
53,2.12,1,2,car,0.8858878016471863,579.8577728271484,529.5616149902344,374.6909484863281,344.89117431640625,785.0245971679688,714.2320556640625
53,2.12,4,2,car,0.8125146627426147,1821.7717895507812,70.96564447879791,1761.1217041015625,2.8141167163848877,1882.421875,139.11717224121094
53,2.12,2,2,car,0.6739280819892883,793.0817260742188,386.81690979003906,622.6884155273438,229.45773315429688,963.4750366210938,544.1760864257812
53,2.12,3,0,person,0.6297487020492554,441.18519592285156,210.5981903076172,400.4885559082031,100.45733642578125,481.8818359375,320.7390441894531
54,2.16,1,2,car,0.8855407238006592,579.8413848876953,529.6484985351562,374.8021545410156,345.087890625,784.880615234375,714.2091064453125
54,2.16,4,2,car,0.808923065662384,1817.8184204101562,71.73797845840454,1752.8760986328125,2.7192583084106445,1882.7607421875,140.75669860839844
54,2.16,2,2,car,0.675446093082428,793.0772399902344,386.70604705810547,622.784423828125,229.46409606933594,963.3700561523438,543.947998046875
54,2.16,3,0,person,0.41669753193855286,441.27500915527344,210.09971618652344,400.52520751953125,100.07452392578125,482.0248107910156,320.1249084472656
55,2.2,1,2,car,0.8874728083610535,579.8050384521484,529.7010955810547,374.8313293457031,345.2015686035156,784.7787475585938,714.2006225585938
55,2.2,4,2,car,0.8112074732780457,1813.49072265625,72.61733531951904,1743.95556640625,2.4821834564208984,1883.02587890625,142.7524871826172
55,2.2,3,0,person,0.7015960216522217,440.9680633544922,209.74469757080078,400.005126953125,99.51524353027344,481.9309997558594,319.9741516113281
55,2.2,2,2,car,0.6733700037002563,793.0486145019531,386.68907165527344,622.7686157226562,229.48275756835938,963.32861328125,543.8953857421875
56,2.24,1,2,car,0.8826760649681091,579.8061828613281,529.6184692382812,374.79107666015625,345.06610107421875,784.8212890625,714.1708374023438
56,2.24,4,2,car,0.8295557498931885,1809.3611450195312,73.34244853258133,1734.5594482421875,1.3056398630142212,1884.162841796875,145.37925720214844
56,2.24,3,0,person,0.7200058698654175,441.0738220214844,207.25122451782227,399.0255126953125,94.31629180908203,483.12213134765625,320.1861572265625
56,2.24,2,2,car,0.6569818258285522,793.0801086425781,386.9175491333008,622.5328979492188,229.44960021972656,963.6273193359375,544.385498046875
57,2.28,1,2,car,0.8801620602607727,579.8164672851562,529.5912933349609,374.81927490234375,345.0453186035156,784.8136596679688,714.1372680664062
57,2.28,4,2,car,0.7844288945198059,1805.141845703125,74.74539816379547,1724.889892578125,0.6412327289581299,1885.393798828125,148.8495635986328
57,2.28,3,0,person,0.7346199750900269,442.1792755126953,203.90939712524414,399.0507507324219,87.75501251220703,485.30780029296875,320.06378173828125
57,2.28,2,2,car,0.6578636765480042,793.0963439941406,386.9725036621094,622.486083984375,229.437744140625,963.7066040039062,544.5072631835938
58,2.32,1,2,car,0.8802183866500854,579.8472290039062,529.5563659667969,374.85638427734375,345.00244140625,784.8380737304688,714.1102905273438
58,2.32,4,2,car,0.8199928402900696,1800.6588134765625,75.82985772937536,1715.365966796875,0.1686418503522873,1885.95166015625,151.49107360839844
58,2.32,3,0,person,0.7315220832824707,443.31727600097656,203.97864532470703,400.36761474609375,88.14927673339844,486.2669372558594,319.8080139160156
58,2.32,2,2,car,0.6631444096565247,793.0925598144531,386.9819641113281,622.4556274414062,229.41302490234375,963.7294921875,544.5509033203125
59,2.36,1,2,car,0.8804394602775574,579.8514709472656,529.5329132080078,374.8612060546875,344.9665832519531,784.8417358398438,714.0992431640625
59,2.36,4,2,car,0.8066898584365845,1797.0678100585938,76.7987289428711,1707.2264404296875,0.0,1886.9091796875,153.5974578857422
59,2.36,3,0,person,0.6819315552711487,444.8322448730469,203.79124069213867,402.4131774902344,89.02181243896484,487.2513122558594,318.5606689453125
59,2.36,2,2,car,0.664583683013916,793.0990295410156,387.04036712646484,622.4148559570312,229.4193572998047,963.783203125,544.661376953125
60,2.4,1,2,car,0.8812748789787292,579.8645477294922,529.6686553955078,375.0080261230469,345.2309875488281,784.7210693359375,714.1063232421875
60,2.4,4,2,car,0.6929486989974976,1793.8494262695312,77.87378456816077,1699.71923828125,0.11585526913404465,1887.9796142578125,155.6317138671875
60,2.4,2,2,car,0.663454532623291,793.0755004882812,386.9186553955078,622.4043579101562,229.29348754882812,963.7466430664062,544.5438232421875
60,2.4,3,0,person,0.6378012299537659,446.2440490722656,203.68767166137695,403.9962158203125,88.86566925048828,488.49188232421875,318.5096740722656
61,2.44,1,2,car,0.8819584250450134,579.9151763916016,529.8057403564453,375.1982116699219,345.5108337402344,784.6321411132812,714.1006469726562
61,2.44,4,2,car,0.748846173286438,1789.5469970703125,78.98370265215635,1690.9095458984375,0.073514923453331,1888.1844482421875,157.89389038085938
61,2.44,2,2,car,0.6722594499588013,793.0266418457031,386.9235153198242,622.4017944335938,229.3339080810547,963.6514892578125,544.5131225585938
62,2.48,1,2,car,0.8801381587982178,579.9595184326172,529.9685821533203,375.3702697753906,345.8226013183594,784.5487670898438,714.1145629882812
62,2.48,2,2,car,0.6654436588287354,793.0466918945312,386.8355407714844,622.3885498046875,229.1973876953125,963.704833984375,544.4736938476562
62,2.48,4,2,car,0.6486604809761047,1785.9196166992188,79.86880353093147,1683.3822021484375,0.40491968393325806,1888.45703125,159.3326873779297
62,2.48,3,0,person,0.6017451882362366,449.5753631591797,201.45620346069336,408.24169921875,88.77315521240234,490.9090270996094,314.1392517089844
63,2.52,1,2,car,0.8832588791847229,579.9642181396484,529.9523773193359,375.3324279785156,345.7893371582031,784.5960083007812,714.1154174804688
63,2.52,4,2,car,0.7037978172302246,1781.8873291015625,81.57410827279091,1674.138916015625,0.3407214283943176,1889.6357421875,162.8074951171875
63,2.52,2,2,car,0.6690808534622192,793.01123046875,386.8533172607422,622.3931274414062,229.24838256835938,963.6293334960938,544.458251953125
63,2.52,3,0,person,0.5961962342262268,450.48341369628906,199.07900619506836,409.1766662597656,86.40660858154297,491.7901611328125,311.75140380859375
64,2.56,1,2,car,0.8859383463859558,579.9201354980469,529.9435882568359,375.27496337890625,345.7955627441406,784.5653076171875,714.0916137695312
64,2.56,4,2,car,0.6951746344566345,1778.1358642578125,82.61062136292458,1666.0799560546875,0.3938043713569641,1890.1917724609375,164.8274383544922
64,2.56,2,2,car,0.6760129928588867,793.0053100585938,386.90250396728516,622.3759155273438,229.27699279785156,963.6347045898438,544.5280151367188
64,2.56,3,0,person,0.5332915782928467,450.96478271484375,198.35384368896484,409.9117736816406,86.23332214355469,492.0177917480469,310.474365234375
65,2.6,1,2,car,0.8879634737968445,579.9443206787109,529.9794464111328,375.3100891113281,345.8647155761719,784.5785522460938,714.0941772460938
65,2.6,4,2,car,0.7318163514137268,1774.7805786132812,83.76258552074432,1658.3170166015625,0.41425490379333496,1891.244140625,167.1109161376953
65,2.6,2,2,car,0.6866918802261353,792.9603576660156,386.94564056396484,622.3602294921875,229.3352508544922,963.5604858398438,544.5560302734375
65,2.6,3,0,person,0.5197155475616455,451.62196350097656,197.9863739013672,410.90625,86.32809448242188,492.3376770019531,309.6446533203125
66,2.64,1,2,car,0.8872362971305847,579.9551696777344,530.0046844482422,375.3253173828125,345.9145812988281,784.5850219726562,714.0947875976562
66,2.64,2,2,car,0.6790945529937744,792.9664611816406,386.90345764160156,622.3522338867188,229.26626586914062,963.5806884765625,544.5406494140625
66,2.64,4,2,car,0.6542622447013855,1772.3368530273438,85.10214588046074,1651.583984375,0.5553049445152283,1893.0897216796875,169.64898681640625
66,2.64,3,0,person,0.5174662470817566,452.6584930419922,198.52448272705078,412.4420166015625,87.29808044433594,492.8749694824219,309.7508850097656
67,2.68,1,2,car,0.8877087235450745,579.9595184326172,529.9928436279297,375.2975769042969,345.8907165527344,784.6214599609375,714.094970703125
67,2.68,2,2,car,0.682163417339325,792.9908447265625,386.96260833740234,622.3705444335938,229.3046112060547,963.6111450195312,544.62060546875
67,2.68,4,2,car,0.6492420434951782,1769.8999633789062,86.48216810822487,1644.337890625,0.17580777406692505,1895.4620361328125,172.7885284423828
68,2.72,1,2,car,0.8877307176589966,579.953857421875,530.0494537353516,375.323974609375,345.9931945800781,784.583740234375,714.105712890625
68,2.72,2,2,car,0.6756544709205627,793.0179748535156,387.0045852661133,622.3401489257812,229.27064514160156,963.69580078125,544.738525390625
68,2.72,4,2,car,0.6537255644798279,1766.92041015625,87.8589648026973,1636.8763427734375,0.03142142668366432,1896.9644775390625,175.68650817871094
69,2.76,1,2,car,0.8889827132225037,579.9550933837891,530.1067047119141,375.3586120605469,346.1009216308594,784.5515747070312,714.1124877929688
69,2.76,2,2,car,0.6766603589057922,793.0270385742188,387.084716796875,622.2949829101562,229.27587890625,963.7590942382812,544.8935546875
69,2.76,4,2,car,0.6506951451301575,1763.5569458007812,89.09702706336975,1629.74951171875,0.33995866775512695,1897.3643798828125,177.85409545898438
70,2.8,1,2,car,0.8877167105674744,579.9393463134766,530.0559234619141,375.2474060058594,345.9727478027344,784.6312866210938,714.1390991210938
70,2.8,2,2,car,0.6731958389282227,793.0353088378906,387.0143585205078,622.3306884765625,229.22189331054688,963.7399291992188,544.8068237304688
70,2.8,4,2,car,0.5084764361381531,1760.7418212890625,90.88070920109749,1622.4993896484375,0.5921831727027893,1898.9842529296875,181.1692352294922
71,2.84,1,2,car,0.8889046907424927,579.9706268310547,530.0502014160156,375.2645568847656,345.96405029296875,784.6766967773438,714.1363525390625
71,2.84,2,2,car,0.6806817054748535,793.0148620605469,386.99964141845703,622.3735961914062,229.26185607910156,963.6561279296875,544.7374267578125
71,2.84,4,2,car,0.6524763107299805,1758.0110473632812,92.35154205560684,1616.9664306640625,1.6632739305496216,1899.0556640625,183.03981018066406
72,2.88,1,2,car,0.8895968198776245,580.0054931640625,530.0163726806641,375.27239990234375,345.9126281738281,784.7385864257812,714.1201171875
72,2.88,2,2,car,0.672431230545044,793.0318908691406,387.1055221557617,622.3311157226562,229.3027801513672,963.732666015625,544.9082641601562
72,2.88,4,2,car,0.5954217910766602,1755.62939453125,93.35681706666946,1610.6202392578125,1.3666034936904907,1900.6385498046875,185.34703063964844
73,2.92,1,2,car,0.892151415348053,580.0217590332031,529.9927673339844,375.27984619140625,345.88311767578125,784.763671875,714.1024169921875
73,2.92,2,2,car,0.6918756365776062,793.0790710449219,387.0355911254883,622.400634765625,229.2519073486328,963.7575073242188,544.8192749023438
73,2.92,4,2,car,0.6477522850036621,1752.4298706054688,94.72359389066696,1603.7359619140625,1.5317367315292358,1901.123779296875,187.9154510498047
74,2.96,1,2,car,0.8908496499061584,579.9890441894531,530.0697021484375,375.33111572265625,346.05853271484375,784.64697265625,714.0808715820312
74,2.96,2,2,car,0.679394543170929,793.0951843261719,386.89979553222656,622.5272216796875,229.23867797851562,963.6631469726562,544.5609130859375
74,2.96,4,2,car,0.5465871095657349,1747.7465209960938,95.58598798513412,1596.03466796875,1.4600924253463745,1899.4583740234375,189.71188354492188
75,3.0,1,2,car,0.8881313800811768,579.9756622314453,530.0069274902344,375.2447204589844,345.9327392578125,784.7066040039062,714.0811157226562
75,3.0,2,2,car,0.6614658236503601,793.0909118652344,386.7649917602539,622.6319580078125,229.2382354736328,963.5498657226562,544.291748046875
75,3.0,4,2,car,0.5788109302520752,1743.0528564453125,96.87319445610046,1588.924560546875,1.8282217979431152,1897.18115234375,191.9181671142578
76,3.04,1,2,car,0.8890448212623596,579.9674072265625,530.0636291503906,375.27862548828125,346.04010009765625,784.6561889648438,714.087158203125
76,3.04,2,2,car,0.6707820892333984,793.1213073730469,386.7060852050781,622.6202392578125,229.15869140625,963.6223754882812,544.2534790039062
76,3.04,4,2,car,0.5506187081336975,1736.9029541015625,98.11795651912689,1579.719970703125,1.4958617687225342,1894.0859375,194.74005126953125
77,3.08,1,2,car,0.8887815475463867,579.9718170166016,530.0153045654297,375.2366027832031,345.9568786621094,784.70703125,714.07373046875
77,3.08,2,2,car,0.668218195438385,793.1268005371094,386.62828826904297,622.6637573242188,229.1436004638672,963.58984375,544.1129760742188
77,3.08,4,2,car,0.5049930214881897,1730.9467163085938,99.13815000653267,1570.693359375,0.6986785531044006,1891.2000732421875,197.57762145996094
78,3.12,1,2,car,0.8872879147529602,579.9439086914062,529.9341888427734,375.154541015625,345.8306579589844,784.7332763671875,714.0377197265625
78,3.12,2,2,car,0.6634658575057983,793.1060180664062,386.71556854248047,622.6085815429688,229.21861267089844,963.6034545898438,544.2125244140625
78,3.12,4,2,car,0.5796574354171753,1724.8676147460938,100.18612872064114,1562.3939208984375,0.22887060046195984,1887.34130859375,200.1433868408203
79,3.16,1,2,car,0.8892183899879456,579.8913879394531,530.0084381103516,375.1168212890625,345.9350891113281,784.6659545898438,714.081787109375
79,3.16,2,2,car,0.6689852476119995,793.0794677734375,386.57628631591797,622.5442504882812,229.06297302246094,963.6146850585938,544.089599609375
79,3.16,4,2,car,0.6324267387390137,1718.4996948242188,101.66286507248878,1554.4254150390625,0.4020851254463196,1882.573974609375,202.92364501953125
79,3.16,3,0,person,0.3702717423439026,456.3647155761719,199.58201599121094,420.4615173339844,100.01406860351562,492.2679138183594,299.14996337890625
80,3.2,1,2,car,0.8875568509101868,579.8052520751953,529.9850463867188,374.9324645996094,345.82769775390625,784.6780395507812,714.1423950195312
80,3.2,2,2,car,0.6561921834945679,793.0420532226562,386.7334899902344,622.1526489257812,228.86737060546875,963.9314575195312,544.599609375
80,3.2,4,2,car,0.6071987748146057,1713.2728271484375,103.53352840617299,1546.553466796875,0.1187383309006691,1879.9921875,206.9483184814453
81,3.24,1,2,car,0.8920021057128906,579.7970275878906,530.0426483154297,374.928466796875,345.9015197753906,784.6655883789062,714.1837768554688
81,3.24,4,2,car,0.6991280317306519,1708.127197265625,104.98713532090187,1540.43505859375,0.25304871797561646,1875.8193359375,209.72122192382812
81,3.24,2,2,car,0.6621145009994507,792.9996643066406,386.70399475097656,622.0328369140625,228.75186157226562,963.9664916992188,544.6561279296875
82,3.28,1,2,car,0.8912092447280884,579.8079833984375,530.0819244384766,374.932373046875,345.9447937011719,784.68359375,714.2190551757812
82,3.28,2,2,car,0.6606631875038147,792.9995422363281,386.4840621948242,622.1557006835938,228.6569061279297,963.8433837890625,544.3112182617188
83,3.32,1,2,car,0.8915554881095886,579.8282623291016,529.9694519042969,374.8258361816406,345.7044677734375,784.8306884765625,714.2344360351562
83,3.32,4,2,car,0.7931022047996521,1698.6187133789062,107.21450489759445,1529.291015625,0.3418363332748413,1867.9464111328125,214.08717346191406
83,3.32,2,2,car,0.6717410087585449,793.00830078125,386.31529235839844,622.3297729492188,228.67111206054688,963.6868286132812,543.95947265625
84,3.36,1,2,car,0.8964381217956543,579.7526245117188,529.899658203125,374.94598388671875,345.832275390625,784.5592651367188,713.967041015625
84,3.36,4,2,car,0.8139767050743103,1693.9334106445312,108.42457881569862,1524.8321533203125,0.5058959126472473,1863.03466796875,216.34326171875
84,3.36,2,2,car,0.6926641464233398,791.2323303222656,387.01549530029297,618.990966796875,228.11180114746094,963.4736938476562,545.919189453125
85,3.4,1,2,car,0.8954523205757141,579.7245178222656,529.8809204101562,374.9930419921875,345.90216064453125,784.4559936523438,713.8596801757812
85,3.4,4,2,car,0.8044701218605042,1690.1595458984375,109.53545078635216,1521.29736328125,0.5488983988761902,1859.021728515625,218.52200317382812
85,3.4,2,2,car,0.6918524503707886,792.4583740234375,387.30211639404297,620.2871704101562,228.3335418701172,964.6295776367188,546.2706909179688
86,3.44,1,2,car,0.8970803022384644,579.6976165771484,529.9496765136719,375.0309143066406,346.05645751953125,784.3643188476562,713.8428955078125
86,3.44,4,2,car,0.7489222884178162,1684.64501953125,110.6916851401329,1516.24365234375,0.5305718183517456,1853.04638671875,220.85279846191406
86,3.44,2,2,car,0.690008819103241,790.1221008300781,387.85327911376953,617.1151733398438,228.2593536376953,963.1290283203125,547.4472045898438
87,3.48,1,2,car,0.897859513759613,579.6934967041016,529.9217376708984,374.9839782714844,346.0069274902344,784.4030151367188,713.8365478515625
87,3.48,4,2,car,0.8212279081344604,1680.208251953125,111.87716262042522,1512.148193359375,0.4899819791316986,1848.268310546875,223.26434326171875
87,3.48,2,2,car,0.7005594372749329,789.2192077636719,388.07764434814453,615.814697265625,228.24513244628906,962.6237182617188,547.91015625
88,3.52,1,2,car,0.89668208360672,579.7005004882812,529.7611999511719,374.85662841796875,345.71881103515625,784.5443725585938,713.8035888671875
88,3.52,4,2,car,0.8181182146072388,1676.0914306640625,113.46241796016693,1507.9326171875,0.4439094066619873,1844.250244140625,226.48092651367188
88,3.52,2,2,car,0.7006025910377502,791.6161193847656,387.70943450927734,618.9886474609375,228.4540252685547,964.2435913085938,546.96484375
89,3.56,1,2,car,0.8963379263877869,579.7011871337891,529.6575164794922,374.7951965332031,345.5464172363281,784.607177734375,713.7686157226562
89,3.56,4,2,car,0.7142836451530457,1672.7692260742188,115.19885839521885,1504.5189208984375,0.39983776211738586,1841.01953125,229.9978790283203
89,3.56,2,2,car,0.6952263712882996,792.5483703613281,387.5660934448242,620.3108520507812,228.5477752685547,964.785888671875,546.5844116210938
90,3.6,1,2,car,0.8955242037773132,579.7150421142578,529.6140899658203,374.7690124511719,345.4547424316406,784.6610717773438,713.7734375
90,3.6,4,2,car,0.7280166149139404,1669.494140625,116.73018397390842,1501.505859375,0.35901907086372375,1837.482421875,233.10134887695312
90,3.6,2,2,car,0.7021446824073792,792.9107666015625,387.44666290283203,620.9660034179688,228.58912658691406,964.8555297851562,546.30419921875
91,3.64,1,2,car,0.8967370986938477,579.6985015869141,529.5811614990234,374.7085266113281,345.3680725097656,784.6884765625,713.7942504882812
91,3.64,4,2,car,0.749506950378418,1664.8422241210938,118.90445078909397,1496.3514404296875,0.321306973695755,1833.3330078125,237.4875946044922
91,3.64,2,2,car,0.7099734544754028,790.1343078613281,387.95804595947266,617.3701782226562,228.51576232910156,962.8984375,547.4003295898438
92,3.68,1,2,car,0.8969390392303467,579.6972198486328,529.5343017578125,374.6938781738281,345.2899169921875,784.7005615234375,713.7786865234375
92,3.68,4,2,car,0.7484796643257141,1661.250244140625,120.63737089931965,1492.8636474609375,0.2885052263736725,1829.6368408203125,240.98623657226562
92,3.68,2,2,car,0.7003389596939087,789.80322265625,387.6316833496094,616.8681640625,228.2684326171875,962.73828125,546.9949340820312
93,3.72,1,2,car,0.8962153792381287,579.7089996337891,529.5346984863281,374.7299499511719,345.2947998046875,784.6880493164062,713.7745971679688
93,3.72,4,2,car,0.7662068605422974,1657.7992553710938,122.50943696498871,1489.5079345703125,0.258162260055542,1826.090576171875,244.76071166992188
93,3.72,2,2,car,0.7045684456825256,791.8952026367188,387.49771881103516,619.5405883789062,228.5449981689453,964.2498168945312,546.450439453125
94,3.76,1,2,car,0.8951069712638855,579.7069244384766,529.4709930419922,374.7048034667969,345.1911315917969,784.7090454101562,713.7508544921875
94,3.76,4,2,car,0.8056080937385559,1653.5551147460938,124.48352894932032,1485.4088134765625,0.23118753731250763,1821.701416015625,248.73587036132812
94,3.76,2,2,car,0.7061662673950195,790.8408508300781,387.4232940673828,617.9778442382812,228.16574096679688,963.703857421875,546.6808471679688
95,3.8,1,2,car,0.8996911644935608,579.6928405761719,529.5393218994141,374.73077392578125,345.2796325683594,784.6549072265625,713.7990112304688
95,3.8,4,2,car,0.8095365762710571,1649.2506713867188,126.06904359161854,1481.60107421875,0.2071484625339508,1816.9002685546875,251.93093872070312
95,3.8,2,2,car,0.7089133262634277,789.5885620117188,387.95225524902344,616.192626953125,228.28939819335938,962.9844970703125,547.6151123046875
96,3.84,1,2,car,0.8981970548629761,579.7281951904297,529.4647827148438,374.6574401855469,345.07373046875,784.7989501953125,713.8558349609375
96,3.84,4,2,car,0.8470673561096191,1645.894775390625,127.98739478737116,1478.4796142578125,0.1851624995470047,1813.3099365234375,255.7896270751953
96,3.84,2,2,car,0.7053953409194946,791.7835083007812,387.7217712402344,619.02294921875,228.46820068359375,964.5440673828125,546.975341796875
97,3.88,1,2,car,0.8980443477630615,579.7107086181641,529.3614959716797,374.6018371582031,344.9007263183594,784.819580078125,713.822265625
97,3.88,4,2,car,0.8417668342590332,1643.1920166015625,129.6299968585372,1476.57861328125,0.16584698855876923,1809.805419921875,259.0941467285156
97,3.88,2,2,car,0.7036547064781189,792.6383666992188,387.65145111083984,620.2723388671875,228.61021423339844,965.00439453125,546.6926879882812
98,3.92,1,2,car,0.8974907398223877,579.708984375,529.2572784423828,374.54559326171875,344.7054138183594,784.8723754882812,713.8091430664062
98,3.92,4,2,car,0.8085600137710571,1641.8775024414062,130.838942758739,1476.5428466796875,0.1482834666967392,1807.212158203125,261.52960205078125
98,3.92,2,2,car,0.6948238015174866,792.9560241699219,387.77272033691406,620.686767578125,228.67575073242188,965.2252807617188,546.8696899414062
99,3.96,1,2,car,0.8960233330726624,579.7205657958984,529.1565856933594,374.4865417480469,344.48944091796875,784.95458984375,713.82373046875
99,3.96,4,2,car,0.7321019172668457,1640.216796875,131.8537671342492,1476.37060546875,0.13224740326404572,1804.06298828125,263.5752868652344
99,3.96,2,2,car,0.6871758699417114,793.0892639160156,387.7839584350586,620.9461669921875,228.6692352294922,965.2323608398438,546.898681640625
100,4.0,1,2,car,0.8985650539398193,579.7331848144531,529.288818359375,374.54754638671875,344.63629150390625,784.9188232421875,713.9413452148438
100,4.0,4,2,car,0.7742155194282532,1637.14404296875,133.97874791920185,1473.4442138671875,0.11783519387245178,1800.8438720703125,267.83966064453125
100,4.0,2,2,car,0.6898247599601746,793.23291015625,387.6025085449219,621.3902587890625,228.6558837890625,965.0755615234375,546.5491333007812
101,4.04,1,2,car,0.8969759345054626,579.7929840087891,529.3660583496094,374.7715148925781,344.84381103515625,784.814453125,713.8883056640625
101,4.04,4,2,car,0.7730588316917419,1634.4874267578125,135.63736821338534,1471.43896484375,0.1056385263800621,1797.535888671875,271.1690979003906
101,4.04,2,2,car,0.6976366639137268,793.2972106933594,387.5067672729492,621.7538452148438,228.74754333496094,964.840576171875,546.2659912109375
102,4.08,1,2,car,0.8947604298591614,579.786865234375,529.3197174072266,374.81640625,344.8272399902344,784.75732421875,713.8121948242188
102,4.08,4,2,car,0.7555316686630249,1632.0834350585938,137.22566889598966,1469.780517578125,0.0943736806511879,1794.3863525390625,274.3569641113281
102,4.08,2,2,car,0.6965543031692505,793.3194274902344,387.61370849609375,621.9270629882812,228.90753173828125,964.7117919921875,546.3198852539062
103,4.12,1,2,car,0.8933454155921936,579.7807312011719,529.3336334228516,374.7662353515625,344.7728576660156,784.7952270507812,713.8944091796875
103,4.12,2,2,car,0.6931418180465698,793.2756042480469,387.7411193847656,622.0018310546875,229.060302734375,964.5493774414062,546.4219360351562
103,4.12,4,2,car,0.6614283919334412,1630.856201171875,138.89647718146443,1469.3133544921875,0.08424464613199234,1792.3990478515625,277.7087097167969
104,4.16,1,2,car,0.8943403363227844,579.7578582763672,529.3451690673828,374.7017517089844,344.7248840332031,784.81396484375,713.9654541015625
104,4.16,2,2,car,0.7073028087615967,793.2455749511719,387.737548828125,622.0140380859375,229.00640869140625,964.4771118164062,546.4686889648438
104,4.16,4,2,car,0.7003907561302185,1627.3472290039062,140.8392207622528,1466.064453125,0.07523107528686523,1788.6300048828125,281.60321044921875
104,4.16,5,2,car,0.35652366280555725,1107.583740234375,87.5691146850586,1087.0970458984375,66.01457214355469,1128.0704345703125,109.1236572265625
105,4.2,1,2,car,0.8970808982849121,579.7535247802734,529.4339904785156,374.7439270019531,344.83880615234375,784.7631225585938,714.0291748046875
105,4.2,2,2,car,0.7093222141265869,793.1632690429688,387.79833984375,621.9954833984375,229.05694580078125,964.3310546875,546.5397338867188
105,4.2,4,2,car,0.7019696831703186,1624.0702514648438,142.74319783225656,1463.112548828125,0.06726724654436111,1785.0279541015625,285.41912841796875
105,4.2,5,2,car,0.3500576615333557,1107.6087646484375,87.56275177001953,1087.1229248046875,66.00675964355469,1128.0946044921875,109.11874389648438
106,4.24,1,2,car,0.8971133232116699,579.7828369140625,529.4548492431641,374.8154296875,344.8858337402344,784.750244140625,714.0238647460938
106,4.24,2,2,car,0.7096951007843018,793.2316589355469,387.78858947753906,622.1416015625,229.06649780273438,964.3217163085938,546.5106811523438
106,4.24,4,2,car,0.6924281716346741,1623.4566650390625,143.92309315875173,1463.7926025390625,0.0601145401597023,1783.1207275390625,287.78607177734375
107,4.28,1,2,car,0.8971046209335327,579.7536010742188,529.4466400146484,374.76177978515625,344.8423767089844,784.7454223632812,714.0509033203125
107,4.28,2,2,car,0.7182912826538086,793.2021179199219,387.672119140625,622.29052734375,229.057861328125,964.1137084960938,546.286376953125
107,4.28,4,2,car,0.6810306906700134,1621.9943237304688,145.18874447606504,1463.4454345703125,0.05351434275507927,1780.543212890625,290.323974609375
108,4.32,1,2,car,0.8979015350341797,579.7323760986328,529.4138031005859,374.6886901855469,344.7503356933594,784.7760620117188,714.0772705078125
108,4.32,2,2,car,0.7190467715263367,793.2189636230469,387.6338806152344,622.2518920898438,228.91790771484375,964.18603515625,546.349853515625
108,4.32,4,2,car,0.6795067191123962,1618.1405639648438,146.84433598816395,1460.16943359375,0.2640503942966461,1776.1116943359375,293.42462158203125
109,4.36,1,2,car,0.8985288739204407,579.690673828125,529.4069976806641,374.60614013671875,344.6952209472656,784.7752075195312,714.1187744140625
109,4.36,2,2,car,0.7072321772575378,793.2880554199219,387.6484603881836,622.18212890625,228.7589569091797,964.3939819335938,546.5379638671875
109,4.36,4,2,car,0.6843472123146057,1617.22509765625,148.33702346682549,1460.3892822265625,0.6366323828697205,1774.0609130859375,296.03741455078125
110,4.4,1,2,car,0.8977319002151489,579.7077026367188,529.4379730224609,374.6497802734375,344.7497863769531,784.765625,714.1261596679688
110,4.4,4,2,car,0.7137159705162048,1615.9484252929688,150.03425854444504,1459.9541015625,1.0889028310775757,1771.9427490234375,298.9796142578125
110,4.4,2,2,car,0.7116745710372925,793.3125610351562,387.6599807739258,622.3115234375,228.8283233642578,964.3135986328125,546.4916381835938
111,4.44,1,2,car,0.8975869417190552,579.6956481933594,529.4085235595703,374.62957763671875,344.7043151855469,784.76171875,714.1127319335938
111,4.44,2,2,car,0.7176507711410522,793.2545776367188,387.6167221069336,622.213134765625,228.70603942871094,964.2960205078125,546.5274047851562
111,4.44,4,2,car,0.6726850271224976,1615.8803100585938,151.71246284246445,1460.334228515625,0.886870265007019,1771.4263916015625,302.5380554199219
112,4.48,1,2,car,0.8966724872589111,579.7305450439453,529.3581237792969,374.6044006347656,344.58062744140625,784.856689453125,714.1356201171875
112,4.48,2,2,car,0.7147560119628906,793.2440185546875,387.66097259521484,622.1326293945312,228.6420135498047,964.3554077148438,546.679931640625
112,4.48,4,2,car,0.6235454678535461,1614.2393188476562,154.27388602495193,1459.3160400390625,1.7464414834976196,1769.16259765625,306.80133056640625
113,4.52,1,2,car,0.8960965275764465,579.7532958984375,529.3938140869141,374.72711181640625,344.7106628417969,784.7794799804688,714.0769653320312
113,4.52,2,2,car,0.7112078070640564,793.2039794921875,387.6355438232422,622.0703735351562,228.55728149414062,964.3375854492188,546.7138061523438
113,4.52,4,2,car,0.6112163066864014,1612.4594116210938,156.2357143163681,1458.2484130859375,2.116295576095581,1766.67041015625,310.3551330566406
114,4.56,1,2,car,0.8958738446235657,579.7641296386719,529.2179718017578,374.550537109375,344.3350524902344,784.9777221679688,714.1008911132812
114,4.56,2,2,car,0.7116593718528748,793.1827697753906,387.66024017333984,622.1239013671875,228.6184539794922,964.2416381835938,546.7020263671875
114,4.56,4,2,car,0.5693553686141968,1611.3555297851562,158.42648029327393,1457.7213134765625,2.5899600982666016,1764.98974609375,314.26300048828125
115,4.6,1,2,car,0.8979192972183228,579.7511291503906,529.1392822265625,374.49896240234375,344.195068359375,785.0032958984375,714.08349609375
115,4.6,2,2,car,0.7093408703804016,793.2005004882812,387.6572494506836,622.2109985351562,228.65330505371094,964.1900024414062,546.6611938476562
115,4.6,4,2,car,0.5639352798461914,1609.4179077148438,160.12712562084198,1456.3416748046875,2.729684591293335,1762.494140625,317.5245666503906
116,4.64,1,2,car,0.9021013379096985,579.6991729736328,529.2781066894531,373.9184875488281,343.769775390625,785.4798583984375,714.7864379882812
116,4.64,2,2,car,0.6787959933280945,793.4915466308594,386.9798278808594,622.6207275390625,228.06451416015625,964.3623657226562,545.8951416015625
117,4.68,1,2,car,0.8743468523025513,579.3845062255859,527.6929473876953,372.3409118652344,340.8190002441406,786.4281005859375,714.56689453125
117,4.68,4,2,car,0.6608273983001709,1605.18408203125,162.77276802062988,1451.455322265625,2.2558631896972656,1758.912841796875,323.2896728515625
117,4.68,2,2,car,0.660088300704956,793.6790771484375,386.54856872558594,622.5521240234375,227.33212280273438,964.8060302734375,545.7650146484375
118,4.72,1,2,car,0.8791177868843079,579.2756042480469,527.6927795410156,372.62408447265625,341.0411376953125,785.9271240234375,714.3444213867188
118,4.72,4,2,car,0.7339925765991211,1605.6201171875,164.53818798065186,1452.8314208984375,2.515188217163086,1758.4088134765625,326.5611877441406
118,4.72,2,2,car,0.6731981635093689,793.2657165527344,386.8026580810547,622.4889526367188,227.98446655273438,964.04248046875,545.620849609375
119,4.76,1,2,car,0.8909313678741455,579.4156341552734,528.8010711669922,374.0846252441406,343.4400329589844,784.7466430664062,714.162109375
119,4.76,4,2,car,0.7742540240287781,1603.0305786132812,166.65634787082672,1451.336669921875,3.7972538471221924,1754.7244873046875,329.51544189453125
119,4.76,2,2,car,0.6750869750976562,792.429931640625,387.60318756103516,621.6625366210938,229.06910705566406,963.1973266601562,546.1372680664062
120,4.8,1,2,car,0.8954871892929077,580.1051940917969,528.6778411865234,374.4222412109375,342.9562072753906,785.7881469726562,714.3994750976562
120,4.8,4,2,car,0.8018113970756531,1601.3847045898438,171.08601212501526,1449.8936767578125,6.217007160186768,1752.875732421875,335.95501708984375
120,4.8,2,2,car,0.6961824893951416,791.3517456054688,387.86473846435547,619.8263549804688,228.79258728027344,962.8771362304688,546.9368896484375
121,4.84,1,2,car,0.8984829783439636,579.9432373046875,528.5162200927734,374.39471435546875,342.9259948730469,785.4917602539062,714.1064453125
121,4.84,4,2,car,0.7710763812065125,1598.9298706054688,174.483868598938,1447.9739990234375,8.430780410766602,1749.8857421875,340.5369567871094
121,4.84,2,2,car,0.6772589683532715,792.800048828125,387.0489196777344,621.4190673828125,228.03216552734375,964.1810302734375,546.065673828125
122,4.88,1,2,car,0.8985620737075806,579.8977966308594,528.6505126953125,374.4271240234375,343.1695556640625,785.3684692382812,714.1314697265625
122,4.88,4,2,car,0.7958571314811707,1599.2680053710938,176.5095944404602,1449.103515625,9.21218204498291,1749.4324951171875,343.8070068359375
122,4.88,2,2,car,0.7004042863845825,793.6328735351562,387.2466812133789,622.6420288085938,228.52748107910156,964.6237182617188,545.9658813476562
123,4.92,1,2,car,0.897409975528717,580.0695495605469,528.790283203125,374.5689697265625,343.3004150390625,785.5701293945312,714.2801513671875
123,4.92,4,2,car,0.7375615239143372,1598.1051025390625,179.80240869522095,1448.4954833984375,11.211262702941895,1747.7147216796875,348.3935546875
123,4.92,2,2,car,0.7209881544113159,794.1160583496094,387.34683990478516,623.5042724609375,228.9555206298828,964.7278442382812,545.7381591796875
124,4.96,1,2,car,0.9009788036346436,580.3578643798828,529.0610961914062,375.1043395996094,343.7952880859375,785.6113891601562,714.326904296875
124,4.96,4,2,car,0.7146791219711304,1596.4929809570312,183.3137264251709,1447.6455078125,14.091045379638672,1745.3404541015625,352.5364074707031
124,4.96,2,2,car,0.6862933039665222,793.0494079589844,387.5123519897461,621.8384399414062,228.7349090576172,964.2603759765625,546.289794921875
125,5.0,1,2,car,0.901907205581665,580.2379455566406,528.8227844238281,374.6602783203125,343.22998046875,785.8156127929688,714.4155883789062
125,5.0,4,2,car,0.7228370904922485,1593.9301147460938,186.98222637176514,1446.5872802734375,18.226903915405273,1741.27294921875,355.737548828125
125,5.0,2,2,car,0.6991394758224487,793.768798828125,387.6231460571289,622.6895751953125,228.89271545410156,964.8480224609375,546.3535766601562
126,5.04,1,2,car,0.8960976004600525,580.0330657958984,528.6446228027344,374.2279968261719,342.8189697265625,785.838134765625,714.4702758789062
126,5.04,4,2,car,0.6949184536933899,1591.2997436523438,190.50192832946777,1444.4481201171875,21.219921112060547,1738.1513671875,359.783935546875
126,5.04,2,2,car,0.6870532631874084,794.1294555664062,387.69295501708984,622.9571533203125,228.74388122558594,965.3017578125,546.6420288085938
127,5.08,1,2,car,0.9002355337142944,580.0355224609375,528.271240234375,373.806884765625,341.95941162109375,786.26416015625,714.5830688476562
127,5.08,4,2,car,0.7645997405052185,1589.7645874023438,194.3237600326538,1442.8533935546875,23.628477096557617,1736.67578125,365.01904296875
127,5.08,2,2,car,0.7104198336601257,794.3484802246094,387.8827896118164,623.295654296875,228.9843292236328,965.4013061523438,546.78125
128,5.12,1,2,car,0.8972333669662476,579.7253570556641,527.4914855957031,373.2787780761719,340.880615234375,786.1719360351562,714.1023559570312
128,5.12,4,2,car,0.7352369427680969,1586.7741088867188,198.40177726745605,1440.774169921875,27.859737396240234,1732.7740478515625,368.9438171386719
128,5.12,2,2,car,0.7312673926353455,792.7333374023438,388.6946563720703,621.5087280273438,229.89682006835938,963.9579467773438,547.4924926757812
129,5.16,1,2,car,0.8984724879264832,579.5763854980469,527.3578033447266,373.15142822265625,340.6792297363281,786.0013427734375,714.036376953125
129,5.16,2,2,car,0.7428402304649353,792.1866760253906,388.9403381347656,620.7748413085938,230.18865966796875,963.5985107421875,547.6920166015625
129,5.16,4,2,car,0.6846098303794861,1583.4532470703125,202.13805675506592,1437.62841796875,31.004690170288086,1729.278076171875,373.27142333984375
130,5.2,1,2,car,0.8968079686164856,579.4767761230469,527.1916809082031,373.1300048828125,340.499755859375,785.8235473632812,713.8836059570312
130,5.2,2,2,car,0.7295182943344116,791.8726196289062,388.89527130126953,620.1237182617188,230.01832580566406,963.6215209960938,547.772216796875
130,5.2,4,2,car,0.673581600189209,1580.3116455078125,205.6579360961914,1434.0555419921875,33.37083435058594,1726.5677490234375,377.9450378417969
131,5.24,1,2,car,0.9001919627189636,579.5296325683594,527.2267456054688,373.218994140625,340.4835205078125,785.8402709960938,713.969970703125
131,5.24,2,2,car,0.7520775198936462,791.852294921875,389.0510482788086,620.0408935546875,230.30247497558594,963.6636962890625,547.7996215820312
131,5.24,4,2,car,0.7256710529327393,1577.7135009765625,210.01607131958008,1430.99853515625,36.56690216064453,1724.428466796875,383.4652404785156
132,5.28,1,2,car,0.9024975299835205,579.3929290771484,527.2958068847656,373.1184387207031,340.52410888671875,785.6674194335938,714.0675048828125
132,5.28,2,2,car,0.7450617551803589,792.1421508789062,388.7792739868164,620.0306396484375,229.84425354003906,964.253662109375,547.7142944335938
132,5.28,4,2,car,0.6653464436531067,1574.8004760742188,215.75606536865234,1427.672119140625,41.20799255371094,1721.9288330078125,390.30413818359375
133,5.32,1,2,car,0.9023642539978027,579.3361663818359,527.4287414550781,373.2400207519531,340.7967529296875,785.4323120117188,714.0607299804688
133,5.32,2,2,car,0.7466119527816772,792.3284606933594,389.00135803222656,620.3421020507812,230.30160522460938,964.3148193359375,547.7011108398438
133,5.32,4,2,car,0.6118289232254028,1571.969970703125,218.79833984375,1425.125,44.01068115234375,1718.81494140625,393.58599853515625
134,5.36,1,2,car,0.9052058458328247,579.3703002929688,527.4519958496094,373.33929443359375,340.84698486328125,785.4013061523438,714.0570068359375
134,5.36,2,2,car,0.7518848776817322,792.3837890625,389.0790557861328,620.3324584960938,230.41195678710938,964.4351196289062,547.7461547851562
134,5.36,4,2,car,0.6549168825149536,1570.1263427734375,221.9401035308838,1426.039794921875,45.78703689575195,1714.212890625,398.0931701660156
135,5.4,1,2,car,0.9041352272033691,579.3383331298828,527.5742645263672,373.4914855957031,341.1238098144531,785.1851806640625,714.0247192382812
135,5.4,2,2,car,0.7369862794876099,792.2497863769531,388.9368591308594,619.9913330078125,230.1629638671875,964.5082397460938,547.7107543945312
135,5.4,4,2,car,0.6713891625404358,1565.5968017578125,225.43844985961914,1418.3914794921875,49.00147247314453,1712.8021240234375,401.87542724609375
136,5.44,1,2,car,0.9035292863845825,579.3282775878906,527.6192932128906,373.560791015625,341.22906494140625,785.0957641601562,714.009521484375
136,5.44,2,2,car,0.7290671467781067,792.0919799804688,388.8262023925781,619.6241455078125,229.94366455078125,964.559814453125,547.708740234375
137,5.48,1,2,car,0.906594455242157,579.3155975341797,527.7429809570312,373.5986633300781,341.39501953125,785.0325317382812,714.0909423828125
137,5.48,2,2,car,0.7349814772605896,791.7933654785156,388.84705352783203,619.2720947265625,230.0323028564453,964.3146362304688,547.6618041992188
138,5.52,1,2,car,0.90599524974823,579.292724609375,527.8743133544922,373.6326904296875,341.5851135253906,784.9527587890625,714.1635131835938
138,5.52,2,2,car,0.7392169237136841,791.678955078125,388.9397888183594,619.1387329101562,230.2391357421875,964.2191772460938,547.6404418945312
138,5.52,4,2,car,0.6371244788169861,1558.9087524414062,237.6910343170166,1411.1240234375,59.06544876098633,1706.6934814453125,416.3166198730469
139,5.56,1,2,car,0.9051957130432129,579.2991333007812,527.9052886962891,373.6551513671875,341.6346130371094,784.943115234375,714.1759643554688
139,5.56,2,2,car,0.7476881146430969,791.6682434082031,389.1083984375,619.2144775390625,230.63739013671875,964.1220092773438,547.5794067382812
139,5.56,4,2,car,0.6344592571258545,1555.718505859375,242.129545211792,1408.26708984375,63.34896469116211,1703.169921875,420.9101257324219
140,5.6,1,2,car,0.9029426574707031,579.2599487304688,527.8249359130859,373.51397705078125,341.4454040527344,785.0059204101562,714.2044677734375
140,5.6,2,2,car,0.7388194799423218,791.6988830566406,389.0882034301758,619.0663452148438,230.5454864501953,964.3314208984375,547.6309204101562
140,5.6,4,2,car,0.5880588889122009,1551.8341674804688,247.10762405395508,1403.685302734375,67.1614761352539,1699.9830322265625,427.05377197265625
141,5.64,1,2,car,0.9036718606948853,579.2097320556641,527.8409423828125,373.4396667480469,341.43316650390625,784.9797973632812,714.2487182617188
141,5.64,2,2,car,0.746554970741272,791.6973876953125,389.1591262817383,619.08251953125,230.7550811767578,964.312255859375,547.5631713867188
141,5.64,4,2,car,0.5814892649650574,1548.6549682617188,250.22262573242188,1400.131103515625,69.484130859375,1697.1788330078125,430.96112060546875
142,5.68,1,2,car,0.9037376642227173,579.2013854980469,527.8282165527344,373.3922119140625,341.373779296875,785.0105590820312,714.2826538085938
142,5.68,2,2,car,0.7411882281303406,791.5277404785156,389.21862030029297,618.8004150390625,230.82920837402344,964.2550659179688,547.6080322265625
142,5.68,4,2,car,0.6612930297851562,1545.8198852539062,254.59582138061523,1396.4508056640625,72.41841888427734,1695.18896484375,436.7732238769531
143,5.72,1,2,car,0.9017484784126282,579.1956329345703,527.8965759277344,373.3983459472656,341.45159912109375,784.992919921875,714.341552734375
143,5.72,2,2,car,0.7314872145652771,791.4369201660156,389.2251968383789,618.5355224609375,230.7842559814453,964.3383178710938,547.6661376953125
143,5.72,4,2,car,0.6798418760299683,1543.3071899414062,259.64211654663086,1393.3946533203125,76.63231658935547,1693.2197265625,442.65191650390625
144,5.76,1,2,car,0.8998185396194458,579.1978454589844,528.0201568603516,373.49676513671875,341.6695251464844,784.89892578125,714.3707885742188
144,5.76,2,2,car,0.7266014814376831,791.6514892578125,389.3715362548828,618.7640380859375,231.02163696289062,964.5389404296875,547.721435546875
144,5.76,4,2,car,0.6199924945831299,1540.7274169921875,264.3107681274414,1389.8416748046875,80.11326599121094,1691.6131591796875,448.5082702636719
145,5.8,1,2,car,0.8993078470230103,579.1809692382812,528.1563110351562,373.5860595703125,341.92181396484375,784.77587890625,714.3908081054688
145,5.8,2,2,car,0.7184186577796936,791.7681579589844,389.50179290771484,618.8847045898438,231.23692321777344,964.651611328125,547.7666625976562
145,5.8,4,2,car,0.6032922267913818,1538.6777954101562,268.4423141479492,1386.4820556640625,82.94853210449219,1690.87353515625,453.93609619140625
146,5.84,1,2,car,0.9000507593154907,579.1441040039062,528.0978698730469,373.469482421875,341.7984619140625,784.8187255859375,714.3972778320312
146,5.84,2,2,car,0.7223910689353943,791.6714782714844,389.2994079589844,618.4576416015625,230.80047607421875,964.8853149414062,547.79833984375
146,5.84,4,2,car,0.6723039746284485,1535.8369750976562,273.50645446777344,1382.5758056640625,87.443359375,1689.09814453125,459.5695495605469
147,5.88,1,2,car,0.8988621830940247,579.1732177734375,527.9611968994141,373.40496826171875,341.5698547363281,784.9414672851562,714.3525390625
147,5.88,2,2,car,0.7184882760047913,791.72265625,389.1963806152344,618.3564453125,230.6064453125,965.0888671875,547.7863159179688
147,5.88,4,2,car,0.711570680141449,1533.9453125,277.9706039428711,1379.92431640625,91.80781555175781,1687.96630859375,464.1333923339844
148,5.92,1,2,car,0.8956319689750671,579.1440582275391,527.7826843261719,373.2373962402344,341.242431640625,785.0507202148438,714.3229370117188
148,5.92,2,2,car,0.7009985446929932,791.8493041992188,389.01561737060547,618.2553100585938,230.2109832763672,965.4432983398438,547.8202514648438
148,5.92,6,0,person,0.613660991191864,421.0823669433594,164.00146865844727,397.39312744140625,101.13518524169922,444.7716064453125,226.8677520751953
148,5.92,4,2,car,0.5768348574638367,1531.2552490234375,282.7950134277344,1375.5927734375,95.44564819335938,1686.917724609375,470.1443786621094
149,5.96,1,2,car,0.8948035836219788,579.1844329833984,527.7094421386719,373.3239440917969,341.19451904296875,785.044921875,714.224365234375
149,5.96,2,2,car,0.6910668611526489,791.966796875,388.8281555175781,618.2967529296875,229.95050048828125,965.6368408203125,547.705810546875
149,5.96,6,0,person,0.5723933577537537,422.52088928222656,165.52861785888672,399.5115966796875,104.58424377441406,445.5301818847656,226.47299194335938
149,5.96,4,2,car,0.5434326529502869,1526.9172973632812,288.2440986633301,1369.716064453125,100.0250015258789,1684.1185302734375,476.46319580078125
150,6.0,1,2,car,0.8929236531257629,579.1907501220703,527.5255432128906,373.0970153808594,340.7412109375,785.2844848632812,714.3098754882812
150,6.0,2,2,car,0.690666913986206,792.2672729492188,388.7662582397461,618.5718383789062,229.8202362060547,965.9627075195312,547.7122802734375
150,6.0,4,2,car,0.5238929986953735,1522.2780151367188,293.08393478393555,1363.508544921875,104.00582122802734,1681.0474853515625,482.16204833984375
151,6.04,1,2,car,0.8909904360771179,579.2269287109375,527.2722625732422,372.957763671875,340.2530822753906,785.49609375,714.2914428710938
151,6.04,2,2,car,0.6709098815917969,792.4248657226562,388.52860260009766,618.4649047851562,229.25318908691406,966.3848266601562,547.8040161132812
151,6.04,4,2,car,0.484241247177124,1518.0889282226562,298.0406150817871,1357.0703125,107.56859588623047,1679.1075439453125,488.51263427734375
152,6.08,1,2,car,0.8949266076087952,579.2450408935547,527.32177734375,373.0091247558594,340.2747802734375,785.48095703125,714.3687744140625
152,6.08,2,2,car,0.6865684986114502,792.5231628417969,388.4173889160156,618.552001953125,229.04925537109375,966.4943237304688,547.7855224609375
152,6.08,4,2,car,0.4816564619541168,1512.840576171875,302.96598052978516,1350.9461669921875,111.94581604003906,1674.7349853515625,493.98614501953125
153,6.12,1,2,car,0.8938658833503723,579.2332153320312,527.3730163574219,373.0657958984375,340.33380126953125,785.400634765625,714.4122314453125
153,6.12,2,2,car,0.6805083751678467,792.5700073242188,388.3447723388672,618.62158203125,228.92501831054688,966.5184326171875,547.7645263671875
153,6.12,4,2,car,0.5348160862922668,1507.5370483398438,308.47055435180664,1344.6685791015625,116.7624282836914,1670.405517578125,500.1786804199219
154,6.16,1,2,car,0.8912109732627869,579.2091369628906,527.3812408447266,373.0767822265625,340.3227844238281,785.3414916992188,714.439697265625
154,6.16,2,2,car,0.677200973033905,792.5562744140625,388.2050323486328,618.56396484375,228.66793823242188,966.548583984375,547.7421264648438
154,6.16,4,2,car,0.5225417017936707,1500.5364990234375,313.2817497253418,1337.14599609375,121.1096420288086,1663.927001953125,505.453857421875
155,6.2,1,2,car,0.8911565542221069,579.2245178222656,527.4131622314453,373.15362548828125,340.3717346191406,785.29541015625,714.45458984375
155,6.2,2,2,car,0.6733402013778687,792.5068969726562,388.2126693725586,618.6966552734375,228.8110809326172,966.317138671875,547.6142578125
155,6.2,4,2,car,0.5937307476997375,1492.7164916992188,318.41576385498047,1329.9296875,126.72392272949219,1655.5032958984375,510.10760498046875
156,6.24,1,2,car,0.8840409517288208,579.23046875,527.4045562744141,373.18304443359375,340.3420715332031,785.2778930664062,714.467041015625
156,6.24,2,2,car,0.6491425633430481,792.4166259765625,388.13854217529297,618.5136108398438,228.6114959716797,966.3196411132812,547.6655883789062
156,6.24,4,2,car,0.619143009185791,1486.2734985351562,323.67820739746094,1323.2169189453125,131.39297485351562,1649.330078125,515.9634399414062
157,6.28,1,2,car,0.8896883130073547,579.2558288574219,527.4050750732422,373.284912109375,340.3674011230469,785.2267456054688,714.4427490234375
157,6.28,2,2,car,0.6885218024253845,792.2225952148438,388.28143310546875,618.4551391601562,228.8890380859375,965.9900512695312,547.673828125
157,6.28,4,2,car,0.5998427867889404,1482.130126953125,329.6464157104492,1318.154296875,135.7090301513672,1646.10595703125,523.5838012695312
157,6.28,6,0,person,0.4571067988872528,430.48382568359375,163.34139251708984,407.27813720703125,102.12716674804688,453.68951416015625,224.5556182861328
158,6.32,1,2,car,0.8873447179794312,579.2482452392578,527.4226226806641,373.3667907714844,340.4372253417969,785.1296997070312,714.4080200195312
158,6.32,2,2,car,0.6730111837387085,792.1678161621094,388.3315658569336,618.4683837890625,229.00791931152344,965.8672485351562,547.6552124023438
158,6.32,4,2,car,0.6325610280036926,1476.597412109375,335.82125091552734,1311.2850341796875,140.0956268310547,1641.9097900390625,531.546875
158,6.32,6,0,person,0.37350204586982727,431.5712127685547,162.95158004760742,408.0495300292969,101.4352798461914,455.0928955078125,224.46788024902344
159,6.36,1,2,car,0.8822779655456543,579.2433471679688,527.4236145019531,373.38421630859375,340.4141845703125,785.1024780273438,714.4330444335938
159,6.36,4,2,car,0.6802906394004822,1473.8411865234375,341.6626205444336,1306.3975830078125,143.9139862060547,1641.2847900390625,539.4112548828125
159,6.36,2,2,car,0.6614862680435181,792.24951171875,388.4131622314453,618.6104125976562,229.13516235351562,965.8886108398438,547.691162109375
160,6.4,1,2,car,0.8686878085136414,579.1944122314453,527.5554504394531,373.4788513183594,340.66815185546875,784.9099731445312,714.4427490234375
160,6.4,4,2,car,0.7353147268295288,1470.3531494140625,348.4051055908203,1300.5257568359375,148.12496948242188,1640.1805419921875,548.6852416992188
160,6.4,2,2,car,0.6405699849128723,792.2009582519531,388.79415130615234,618.7971801757812,229.7769012451172,965.604736328125,547.8114013671875
160,6.4,6,0,person,0.4223032593727112,432.2235107421875,161.1638412475586,408.6340026855469,100.13925170898438,455.8130187988281,222.1884307861328
161,6.44,1,2,car,0.8858204483985901,579.736328125,527.9986419677734,374.03985595703125,341.0596008300781,785.4328002929688,714.9376831054688
161,6.44,4,2,car,0.7202466726303101,1465.6361694335938,352.64231872558594,1295.466552734375,152.19760131835938,1635.8057861328125,553.0870361328125
161,6.44,2,2,car,0.6525670886039734,792.2510375976562,389.17638397216797,618.83740234375,230.1781463623047,965.6646728515625,548.1746215820312
161,6.44,6,0,person,0.3665217459201813,432.45680236816406,160.7460479736328,409.3116149902344,101.76109313964844,455.60198974609375,219.7310028076172
162,6.48,1,2,car,0.8915191888809204,579.8988189697266,528.1360931396484,374.2713928222656,341.1997375488281,785.5262451171875,715.0724487304688
162,6.48,4,2,car,0.6827406883239746,1456.595458984375,356.6759338378906,1285.7733154296875,155.6329345703125,1627.4176025390625,557.7189331054688
162,6.48,2,2,car,0.6651531457901001,792.284423828125,389.3852081298828,618.957275390625,230.49868774414062,965.611572265625,548.271728515625
163,6.52,1,2,car,0.8908865451812744,579.9725036621094,528.3314819335938,374.52325439453125,341.5196533203125,785.4217529296875,715.143310546875
163,6.52,4,2,car,0.6825063824653625,1451.681640625,361.5512924194336,1280.9169921875,160.8437957763672,1622.4462890625,562.2587890625
163,6.52,2,2,car,0.6565660238265991,792.385986328125,389.3690414428711,619.0173950195312,230.46409606933594,965.7545776367188,548.2739868164062
164,6.56,1,2,car,0.8957244157791138,580.0055847167969,528.48583984375,374.72796630859375,341.808837890625,785.283203125,715.162841796875
164,6.56,2,2,car,0.6665173172950745,792.4459838867188,389.44779205322266,619.1583251953125,230.64710998535156,965.733642578125,548.2484741210938
164,6.56,4,2,car,0.6653525829315186,1446.908447265625,366.3725128173828,1276.140380859375,165.59158325195312,1617.676513671875,567.1534423828125
165,6.6,1,2,car,0.889128565788269,579.9829254150391,528.2365112304688,374.5417785644531,341.3541259765625,785.424072265625,715.118896484375
165,6.6,2,2,car,0.653430163860321,792.4375610351562,389.44203186035156,619.05078125,230.55545043945312,965.8243408203125,548.32861328125
165,6.6,4,2,car,0.6407133340835571,1440.0844116210938,371.8257293701172,1268.299560546875,170.11972045898438,1611.8692626953125,573.53173828125
166,6.64,1,2,car,0.8978835344314575,579.9712982177734,528.3774719238281,374.7638854980469,341.69189453125,785.1787109375,715.0630493164062
166,6.64,2,2,car,0.6797990798950195,792.3515014648438,389.5102310180664,619.2818603515625,230.97755432128906,965.421142578125,548.0429077148438
166,6.64,4,2,car,0.6111995577812195,1434.08935546875,378.8589401245117,1260.57275390625,175.1747283935547,1607.60595703125,582.5431518554688
167,6.68,1,2,car,0.9003523588180542,580.0148620605469,528.3947448730469,374.85845947265625,341.73199462890625,785.1712646484375,715.0574951171875
167,6.68,2,2,car,0.6950078010559082,792.1819763183594,389.5453338623047,619.2536010742188,231.21713256835938,965.1103515625,547.87353515625
167,6.68,4,2,car,0.5981652736663818,1430.189697265625,385.2044906616211,1254.9027099609375,179.4896697998047,1605.4766845703125,590.9193115234375
168,6.72,1,2,car,0.8981379866600037,580.0167846679688,528.3019714355469,374.79205322265625,341.5433349609375,785.2415161132812,715.0606079101562
168,6.72,2,2,car,0.686977207660675,792.1885986328125,389.3489761352539,619.1104736328125,230.92945861816406,965.2667236328125,547.7684936523438
168,6.72,4,2,car,0.6710376143455505,1426.482421875,390.8072509765625,1250.5745849609375,184.33270263671875,1602.3902587890625,597.2817993164062
169,6.76,1,2,car,0.8988473415374756,580.0142974853516,528.3377990722656,374.8232116699219,341.58990478515625,785.2053833007812,715.085693359375
169,6.76,2,2,car,0.6816565990447998,792.3511657714844,389.2515869140625,619.25537109375,230.8436279296875,965.4469604492188,547.6595458984375
169,6.76,4,2,car,0.621784508228302,1421.2706298828125,396.72095489501953,1244.5604248046875,189.3002471923828,1597.9808349609375,604.1416625976562
170,6.8,1,2,car,0.902336835861206,580.0311889648438,528.3822326660156,374.9100341796875,341.6715087890625,785.15234375,715.0929565429688
170,6.8,2,2,car,0.6891448497772217,792.1029968261719,389.08526611328125,618.8350830078125,230.560302734375,965.3709106445312,547.6102294921875
170,6.8,4,2,car,0.6488582491874695,1415.6420288085938,402.6780319213867,1237.0853271484375,193.09519958496094,1594.19873046875,612.2608642578125
171,6.84,1,2,car,0.9038498401641846,580.0496978759766,528.3911590576172,374.9880065917969,341.7084655761719,785.1113891601562,715.0738525390625
171,6.84,2,2,car,0.6777796149253845,792.0462036132812,388.9493408203125,618.64892578125,230.32666015625,965.4434814453125,547.572021484375
171,6.84,4,2,car,0.6296289563179016,1409.9122924804688,410.1251983642578,1230.2880859375,199.54794311523438,1589.5364990234375,620.7024536132812
172,6.88,1,2,car,0.9043787717819214,579.9958801269531,528.3063812255859,374.870849609375,341.5345764160156,785.1209106445312,715.0781860351562
172,6.88,2,2,car,0.6815305352210999,791.9626770019531,388.89844512939453,618.2596435546875,229.9799346923828,965.6657104492188,547.8169555664062
172,6.88,4,2,car,0.6138181090354919,1402.36572265625,416.8824768066406,1221.1431884765625,204.61920166015625,1583.5882568359375,629.145751953125
173,6.92,1,2,car,0.9039576053619385,579.9662170410156,528.3024749755859,374.82916259765625,341.5026550292969,785.103271484375,715.102294921875
173,6.92,4,2,car,0.705656886100769,1395.7154541015625,422.76287841796875,1213.24658203125,208.95068359375,1578.184326171875,636.5750732421875
173,6.92,2,2,car,0.6803339719772339,791.9473266601562,388.8909606933594,618.2694702148438,230.00775146484375,965.6251831054688,547.774169921875
174,6.96,1,2,car,0.8918428421020508,579.9353790283203,528.3470306396484,374.8225402832031,341.5508117675781,785.0482177734375,715.1432495117188
174,6.96,2,2,car,0.6544585824012756,791.8166198730469,388.94095611572266,618.0894775390625,230.02467346191406,965.5437622070312,547.8572387695312
174,6.96,4,2,car,0.6293171048164368,1391.1224365234375,429.30982971191406,1207.1480712890625,213.54348754882812,1575.0968017578125,645.076171875
175,7.0,1,2,car,0.8995375633239746,579.8938293457031,528.2967376708984,374.88580322265625,341.5824279785156,784.90185546875,715.0110473632812
175,7.0,2,2,car,0.6673731803894043,791.8181762695312,388.90757751464844,618.2012939453125,230.12826538085938,965.43505859375,547.6868896484375
175,7.0,4,2,car,0.6277080774307251,1387.6651000976562,437.65248107910156,1202.7161865234375,218.89547729492188,1572.614013671875,656.4094848632812
176,7.04,1,2,car,0.8964481949806213,579.8620758056641,528.1795501708984,374.8396301269531,341.4152526855469,784.884521484375,714.94384765625
176,7.04,2,2,car,0.6585155129432678,791.8466186523438,388.8897247314453,618.1709594726562,230.06362915039062,965.5222778320312,547.7158203125
176,7.04,4,2,car,0.648870587348938,1381.0074462890625,441.99414825439453,1194.4677734375,221.4344024658203,1567.547119140625,662.5538940429688
177,7.08,1,2,car,0.8969066143035889,579.8861083984375,528.2447662353516,374.94329833984375,341.5343322753906,784.8289184570312,714.9552001953125
177,7.08,2,2,car,0.6537381410598755,791.8470458984375,388.9401168823242,618.0785522460938,230.03758239746094,965.6155395507812,547.8426513671875
177,7.08,4,2,car,0.612450897693634,1373.9917602539062,447.0079650878906,1186.0428466796875,224.60516357421875,1561.940673828125,669.4107666015625
178,7.12,1,2,car,0.8984994888305664,579.9132232666016,528.3288269042969,375.0492858886719,341.67059326171875,784.7771606445312,714.987060546875
178,7.12,4,2,car,0.6605588793754578,1365.5746459960938,453.72679138183594,1175.0345458984375,229.76412963867188,1556.11474609375,677.689453125
178,7.12,2,2,car,0.6582639217376709,791.8777770996094,388.8899459838867,618.122802734375,230.0022430419922,965.6327514648438,547.7776489257812
179,7.16,1,2,car,0.8859390020370483,579.8913879394531,528.3322906494141,375.09014892578125,341.7263488769531,784.692626953125,714.938232421875
179,7.16,4,2,car,0.7487536668777466,1359.1842041015625,457.24647521972656,1166.1597900390625,228.56832885742188,1552.2086181640625,685.9246215820312
179,7.16,2,2,car,0.6472218632698059,792.0007934570312,389.0364303588867,618.2296752929688,230.12400817871094,965.7719116210938,547.9488525390625
180,7.2,1,2,car,0.8782486915588379,579.9225463867188,528.3804779052734,375.18695068359375,341.8387145996094,784.6581420898438,714.9222412109375
180,7.2,2,2,car,0.6525697112083435,793.5616455078125,388.39759063720703,620.2294921875,229.67835998535156,966.893798828125,547.1168212890625
181,7.24,1,2,car,0.8773584961891174,580.0086059570312,528.1966552734375,375.09674072265625,341.48138427734375,784.9204711914062,714.9119262695312
181,7.24,2,2,car,0.6426554322242737,794.1721801757812,388.0181579589844,621.167236328125,229.42132568359375,967.1771240234375,546.614990234375
182,7.28,1,2,car,0.8840009570121765,580.0676879882812,528.2755584716797,375.33892822265625,341.7509460449219,784.7964477539062,714.8001708984375
182,7.28,4,2,car,0.6942905187606812,1342.6110229492188,472.99098205566406,1142.1512451171875,236.32125854492188,1543.07080078125,709.6607055664062
182,7.28,2,2,car,0.652788519859314,794.4188537597656,387.91002655029297,621.7380981445312,229.46507263183594,967.099609375,546.35498046875
183,7.32,1,2,car,0.8851113319396973,580.1255340576172,528.3017883300781,375.5270080566406,341.92529296875,784.7240600585938,714.6782836914062
183,7.32,2,2,car,0.6649600267410278,794.5003662109375,387.8785171508789,622.0452880859375,229.51112365722656,966.9554443359375,546.2459106445312
183,7.32,4,2,car,0.663995623588562,1336.96240234375,481.4362335205078,1134.8154296875,242.33401489257812,1539.109375,720.5384521484375
184,7.36,1,2,car,0.8908732533454895,580.1624298095703,528.2230377197266,375.5323181152344,341.8367614746094,784.7925415039062,714.6093139648438
184,7.36,2,2,car,0.6808555722236633,794.3899536132812,387.9070281982422,622.0899658203125,229.54916381835938,966.68994140625,546.264892578125
184,7.36,4,2,car,0.6133294701576233,1329.8327026367188,489.9926986694336,1126.031005859375,248.9459686279297,1533.6343994140625,731.0394287109375
185,7.4,1,2,car,0.8732169270515442,580.2046356201172,528.1654052734375,375.4792785644531,341.701416015625,784.9299926757812,714.62939453125
185,7.4,2,2,car,0.6463601589202881,792.974853515625,388.6802291870117,620.2728881835938,230.01634216308594,965.6768188476562,547.3441162109375
185,7.4,4,2,car,0.6259303689002991,1319.75830078125,502.60296630859375,1118.78271484375,265.177978515625,1520.73388671875,740.0279541015625
186,7.44,1,2,car,0.8812974095344543,580.1476898193359,528.1619567871094,375.4342956542969,341.7332763671875,784.861083984375,714.5906372070312
186,7.44,4,2,car,0.7605791091918945,1308.8045043945312,513.9177551269531,1108.54150390625,277.64776611328125,1509.0675048828125,750.187744140625
186,7.44,2,2,car,0.6519261598587036,793.9747009277344,388.23046112060547,621.5643920898438,229.7153778076172,966.385009765625,546.7455444335938
187,7.48,1,2,car,0.885565996170044,580.1653594970703,528.0718994140625,375.3930969238281,341.612548828125,784.9376220703125,714.53125
187,7.48,2,2,car,0.6561177372932434,794.4113464355469,388.0367202758789,622.1616821289062,229.57130432128906,966.6610107421875,546.5021362304688
187,7.48,4,2,car,0.6414462924003601,1300.2359619140625,522.8521270751953,1099.2313232421875,286.0663757324219,1501.2406005859375,759.6378784179688
188,7.52,1,2,car,0.8767926692962646,580.1540832519531,528.1818084716797,375.40032958984375,341.7682800292969,784.9078369140625,714.5953369140625
188,7.52,4,2,car,0.6439751982688904,1290.6726684570312,530.9065093994141,1089.0689697265625,294.0791931152344,1492.2763671875,767.7338256835938
188,7.52,2,2,car,0.6324387192726135,793.2110595703125,388.4645309448242,620.6317138671875,229.78526306152344,965.7904052734375,547.143798828125
189,7.56,1,2,car,0.8868567943572998,580.0855560302734,528.3535461425781,375.2411193847656,341.8712158203125,784.9299926757812,714.8358764648438
189,7.56,2,2,car,0.6554768681526184,792.8352661132812,388.6499481201172,620.0576171875,229.89205932617188,965.6129150390625,547.4078369140625
189,7.56,4,2,car,0.617411732673645,1280.8844604492188,539.8684539794922,1078.33935546875,302.6173400878906,1483.4295654296875,777.1195678710938
190,7.6,1,2,car,0.8885757327079773,579.9615173339844,528.5414581298828,375.09674072265625,342.0486145019531,784.8262939453125,715.0343017578125
190,7.6,2,2,car,0.6625664234161377,792.5848999023438,388.7640380859375,619.53564453125,229.81640625,965.6341552734375,547.711669921875
190,7.6,4,2,car,0.42388230562210083,1268.8040771484375,548.3935241699219,1063.5289306640625,308.9429931640625,1474.0792236328125,787.8440551757812
191,7.64,1,2,car,0.8823899626731873,579.9727783203125,528.6466064453125,375.03021240234375,342.07958984375,784.9153442382812,715.213623046875
191,7.64,2,2,car,0.6722371578216553,793.8541870117188,388.39404296875,621.3104248046875,229.81134033203125,966.39794921875,546.9767456054688
191,7.64,4,2,car,0.5643231272697449,1261.3278198242188,556.8354797363281,1054.8125,316.42266845703125,1467.8431396484375,797.248291015625
192,7.68,1,2,car,0.8873413801193237,580.0240783691406,528.5814361572266,374.9871826171875,341.9219665527344,785.0609741210938,715.2409057617188
192,7.68,2,2,car,0.6794290542602539,794.2446899414062,388.12428283691406,622.04052734375,229.75949096679688,966.4488525390625,546.4890747070312
192,7.68,4,2,car,0.6688979864120483,1232.804931640625,565.3033599853516,1022.0908203125,323.8336486816406,1443.51904296875,806.7730712890625
193,7.72,1,2,car,0.8961181044578552,580.0603485107422,528.6552886962891,375.1363220214844,342.1130676269531,784.984375,715.197509765625
193,7.72,4,2,car,0.7654353380203247,1214.6671752929688,574.0183868408203,999.787109375,331.2375183105469,1429.5472412109375,816.7992553710938
193,7.72,2,2,car,0.695656955242157,794.3434753417969,387.9225845336914,622.4019165039062,229.7238311767578,966.2850341796875,546.121337890625
194,7.76,1,2,car,0.8862267732620239,580.15576171875,528.6233215332031,375.210693359375,342.06658935546875,785.100830078125,715.1800537109375
194,7.76,2,2,car,0.6830824613571167,794.5140991210938,387.87696838378906,622.5971069335938,229.62698364257812,966.4310913085938,546.126953125
194,7.76,4,2,car,0.6669801473617554,1207.0919189453125,584.0294342041016,988.236328125,339.1302795410156,1425.947509765625,828.9285888671875
195,7.8,1,2,car,0.880342423915863,580.1813049316406,528.5450744628906,375.283447265625,342.05426025390625,785.0791625976562,715.035888671875
195,7.8,2,2,car,0.6756189465522766,794.6412963867188,387.77598571777344,622.7155151367188,229.46749877929688,966.5670776367188,546.08447265625
195,7.8,4,2,car,0.6377453804016113,1203.1675415039062,592.7456512451172,979.9449462890625,344.2122497558594,1426.39013671875,841.279052734375
196,7.84,1,2,car,0.894203782081604,580.1871795654297,528.4768218994141,375.3930358886719,342.1121520996094,784.9813232421875,714.8414916992188
196,7.84,2,2,car,0.7057751417160034,794.5445556640625,387.71981048583984,622.6310424804688,229.3632049560547,966.4580688476562,546.076416015625
196,7.84,4,2,car,0.604645848274231,1196.9406127929688,603.1475524902344,972.72705078125,354.19293212890625,1421.1541748046875,852.1021728515625
197,7.88,1,2,car,0.9002739787101746,580.1728668212891,528.4237976074219,375.4862976074219,342.197509765625,784.8594360351562,714.6500854492188
197,7.88,2,2,car,0.710727334022522,794.3962707519531,387.7663116455078,622.529052734375,229.38479614257812,966.2634887695312,546.1478271484375
197,7.88,4,2,car,0.5877065062522888,1191.5155639648438,614.8933715820312,966.54541015625,365.4447021484375,1416.4857177734375,864.342041015625
198,7.92,1,2,car,0.8999829888343811,580.1577453613281,528.4306793212891,375.47882080078125,342.2441101074219,784.836669921875,714.6172485351562
198,7.92,2,2,car,0.6927629709243774,794.62939453125,387.7925262451172,622.7055053710938,229.32180786132812,966.5532836914062,546.2632446289062
198,7.92,4,2,car,0.6205140352249146,1186.1336669921875,623.0154418945312,958.6829833984375,370.5892333984375,1413.5843505859375,875.441650390625
199,7.96,1,2,car,0.9065235257148743,580.2161712646484,528.5264587402344,375.6333312988281,342.461181640625,784.7990112304688,714.5917358398438
199,7.96,4,2,car,0.7815811634063721,1177.0226440429688,633.2997589111328,948.5946044921875,379.6971130371094,1405.45068359375,886.9024047851562
199,7.96,2,2,car,0.7103707790374756,794.5640563964844,387.5990905761719,622.880126953125,229.33203125,966.2479858398438,545.8661499023438
200,8.0,1,2,car,0.9107831716537476,580.3514556884766,528.6725158691406,375.9718933105469,342.831787109375,784.7310180664062,714.5132446289062
200,8.0,4,2,car,0.7313770651817322,1167.3379516601562,641.8623657226562,937.8839111328125,384.8514404296875,1396.7919921875,898.873291015625
200,8.0,2,2,car,0.7186969518661499,794.2365112304688,387.54261779785156,622.7920532226562,229.46585083007812,965.6809692382812,545.619384765625
201,8.04,1,2,car,0.9043542146682739,580.27392578125,528.7282104492188,376.105224609375,343.14178466796875,784.442626953125,714.3146362304688
201,8.04,4,2,car,0.729158878326416,1157.2955017089844,651.7901458740234,923.3756713867188,391.9870910644531,1391.21533203125,911.5932006835938
201,8.04,2,2,car,0.704633355140686,794.2063598632812,387.8094482421875,622.7930908203125,229.73077392578125,965.61962890625,545.8881225585938
202,8.08,1,2,car,0.9066819548606873,580.2830352783203,528.6389465332031,376.1499328613281,343.15380859375,784.4161376953125,714.1240844726562
202,8.08,2,2,car,0.7206109762191772,794.0998229980469,387.8670959472656,622.8560791015625,229.92474365234375,965.3435668945312,545.8094482421875
202,8.08,4,2,car,0.7172792553901672,1146.1843872070312,662.9694976806641,910.4793701171875,401.6852111816406,1381.889404296875,924.2537841796875
203,8.12,1,2,car,0.9129370450973511,580.160888671875,528.5504302978516,375.8876953125,342.9721374511719,784.43408203125,714.1287231445312
203,8.12,2,2,car,0.7400562167167664,794.0355224609375,387.8529357910156,622.8674926757812,229.9720458984375,965.2035522460938,545.7338256835938
203,8.12,4,2,car,0.681746244430542,1138.9170532226562,673.1070251464844,900.034423828125,409.51214599609375,1377.7996826171875,936.701904296875
204,8.16,1,2,car,0.9015191793441772,580.0657043457031,528.5366363525391,375.3922119140625,342.5849304199219,784.7391967773438,714.4883422851562
204,8.16,2,2,car,0.7422101497650146,793.9853515625,387.93370819091797,622.7328491210938,229.9420623779297,965.2378540039062,545.9253540039062
204,8.16,4,2,car,0.6205912828445435,1129.2374267578125,684.3976135253906,886.0450439453125,417.5455322265625,1372.4298095703125,951.2496948242188
205,8.2,1,2,car,0.9022825956344604,579.9700164794922,528.5093688964844,375.1318664550781,342.38470458984375,784.8081665039062,714.634033203125
205,8.2,2,2,car,0.7445029020309448,793.9239807128906,387.9055404663086,622.7144775390625,229.92576599121094,965.1334838867188,545.8853149414062
205,8.2,4,2,car,0.7138609886169434,1111.2598876953125,694.6118316650391,869.143310546875,426.5215148925781,1353.37646484375,962.7021484375
206,8.24,1,2,car,0.8974918127059937,580.0196685791016,528.7121887207031,375.1156921386719,342.49945068359375,784.9236450195312,714.9249267578125
206,8.24,2,2,car,0.7374321222305298,793.8502807617188,387.7102279663086,622.8848876953125,229.9691619873047,964.815673828125,545.4512939453125
206,8.24,4,2,car,0.6262884736061096,1093.2381286621094,704.1542510986328,850.3963012695312,435.2800598144531,1336.0799560546875,973.0284423828125
207,8.28,1,2,car,0.8936551809310913,580.2587738037109,528.7632293701172,375.5648498535156,342.7582702636719,784.9526977539062,714.7681884765625
207,8.28,2,2,car,0.7323560118675232,793.8768005371094,387.49617767333984,623.055419921875,229.9137420654297,964.6981811523438,545.07861328125
207,8.28,4,2,car,0.643007755279541,1079.1429443359375,713.777587890625,834.883056640625,443.533935546875,1323.40283203125,984.021240234375
208,8.32,1,2,car,0.8869842886924744,580.5563812255859,528.6829986572266,376.0869445800781,342.9786682128906,785.0258178710938,714.3873291015625
208,8.32,2,2,car,0.7313727140426636,793.8640747070312,387.0915222167969,623.3645629882812,229.8748779296875,964.3635864257812,544.3081665039062
209,8.36,1,2,car,0.8828006386756897,580.7608489990234,528.1036224365234,376.5540466308594,342.7605285644531,784.9676513671875,713.4467163085938
209,8.36,2,2,car,0.7433027029037476,793.7064208984375,386.74449157714844,623.5471801757812,229.93209838867188,963.8656616210938,543.556884765625
209,8.36,4,2,car,0.6997156739234924,1052.4408264160156,742.4544525146484,796.4391479492188,460.2250671386719,1308.4425048828125,1024.683837890625
210,8.4,1,2,car,0.8943337202072144,580.7796783447266,527.7567291259766,376.5210876464844,342.4263610839844,785.0382690429688,713.0870971679688
210,8.4,2,2,car,0.7469710111618042,793.719482421875,386.66944885253906,623.607666015625,229.96987915039062,963.831298828125,543.3690185546875
210,8.4,4,2,car,0.42978623509407043,1043.0020446777344,752.3538513183594,792.3654174804688,471.59844970703125,1293.638671875,1033.1092529296875
211,8.44,1,2,car,0.8987043499946594,580.6604766845703,527.2279663085938,376.4803771972656,342.0423583984375,784.840576171875,712.41357421875
211,8.44,4,2,car,0.7492230534553528,1028.5692138671875,762.6599273681641,770.7054443359375,479.5309143066406,1286.4329833984375,1045.7889404296875
211,8.44,2,2,car,0.7398049831390381,793.8765869140625,386.68443298339844,623.6644897460938,229.96395874023438,964.0886840820312,543.4049072265625
212,8.48,1,2,car,0.8941634893417358,580.4277648925781,526.8358459472656,376.20831298828125,341.75823974609375,784.647216796875,711.9134521484375
212,8.48,4,2,car,0.7640319466590881,1018.4620666503906,774.1599731445312,758.2855834960938,489.5733642578125,1278.6385498046875,1058.74658203125
212,8.48,2,2,car,0.7310360670089722,793.977294921875,386.97644805908203,623.3408813476562,229.8974151611328,964.6137084960938,544.0554809570312
213,8.52,1,2,car,0.8871601819992065,580.1099853515625,526.6985778808594,375.613525390625,341.526611328125,784.6064453125,711.8705444335938
213,8.52,2,2,car,0.7285361886024475,791.8258361816406,386.9572525024414,620.3864135742188,229.4379425048828,963.2652587890625,544.4765625
213,8.52,4,2,car,0.629724383354187,1013.0337524414062,784.2301330566406,748.6807861328125,497.60113525390625,1277.38671875,1070.859130859375
214,8.56,1,2,car,0.8906886577606201,579.4820709228516,527.1728668212891,374.3783874511719,341.5286560058594,784.5857543945312,712.8170776367188
214,8.56,2,2,car,0.7235235571861267,790.9306030273438,386.97193145751953,619.016357421875,229.30555725097656,962.8448486328125,544.6383056640625
214,8.56,4,2,car,0.5798799991607666,997.1628112792969,791.1599426269531,731.4006958007812,505.12286376953125,1262.9249267578125,1077.197021484375
215,8.6,1,2,car,0.8813450932502747,578.9937133789062,527.8864288330078,373.00115966796875,341.3406677246094,784.9862670898438,714.4321899414062
215,8.6,2,2,car,0.7427106499671936,790.6388549804688,386.8725128173828,618.5013427734375,229.26956176757812,962.7763671875,544.4754638671875
215,8.6,4,2,car,0.6881760358810425,970.0035095214844,795.5734710693359,704.2306518554688,511.1469421386719,1235.7763671875,1080.0
216,8.64,1,2,car,0.871881365776062,579.9681396484375,525.9200744628906,373.1422119140625,338.56549072265625,786.7940673828125,713.274658203125
216,8.64,2,2,car,0.7552313804626465,790.314453125,386.6368942260742,618.1671752929688,229.2799530029297,962.4617309570312,543.9938354492188
216,8.64,4,2,car,0.6940431594848633,950.2217407226562,802.8304138183594,689.3065185546875,525.6608276367188,1211.136962890625,1080.0
217,8.68,1,2,car,0.871060848236084,580.4122467041016,525.2135620117188,373.4720153808594,337.7274169921875,787.3524780273438,712.69970703125
217,8.68,2,2,car,0.7519142627716064,790.3828430175781,386.6017608642578,618.0441284179688,229.30496215820312,962.7215576171875,543.8985595703125
217,8.68,4,2,car,0.741064190864563,933.0615844726562,805.5786437988281,666.8895263671875,538.2536010742188,1199.233642578125,1072.9036865234375
218,8.72,1,2,car,0.869803249835968,579.8035125732422,526.3641967773438,374.2722473144531,340.22235107421875,785.3347778320312,712.5060424804688
218,8.72,2,2,car,0.7248980402946472,792.8450927734375,387.24466705322266,620.0414428710938,229.36805725097656,965.6487426757812,545.1212768554688
218,8.72,4,2,car,0.703507661819458,913.2384033203125,811.6128845214844,653.562744140625,551.3777465820312,1172.9140625,1071.8480224609375
219,8.76,1,2,car,0.8737586140632629,579.7774047851562,526.4942932128906,375.18359375,341.34576416015625,784.3712158203125,711.642822265625
219,8.76,2,2,car,0.7227373123168945,791.6198120117188,387.6998291015625,617.9467163085938,229.0936279296875,965.2929077148438,546.3060302734375
219,8.76,4,2,car,0.7050436735153198,894.7752075195312,820.203857421875,640.8111572265625,566.7845458984375,1148.7392578125,1073.6231689453125
220,8.8,1,2,car,0.8886080384254456,579.042236328125,526.4638824462891,375.37762451171875,342.2296447753906,782.7068481445312,710.6981201171875
220,8.8,2,2,car,0.7351290583610535,791.0582885742188,387.6638946533203,617.217041015625,228.99270629882812,964.8995361328125,546.3350830078125
220,8.8,4,2,car,0.7179359197616577,879.334716796875,827.4581909179688,629.8773193359375,580.4375,1128.7921142578125,1074.4788818359375
221,8.84,1,2,car,0.8838496208190918,578.7263946533203,526.2822113037109,375.4924011230469,342.5165100097656,781.9603881835938,710.0479125976562
221,8.84,4,2,car,0.7558908462524414,864.7803039550781,832.8204650878906,619.9342651367188,592.8674926757812,1109.6263427734375,1072.7734375
221,8.84,2,2,car,0.7208136916160583,790.8904724121094,387.7997512817383,616.6836547851562,228.8522491455078,965.0972900390625,546.7472534179688
222,8.88,1,2,car,0.8839234709739685,578.6688995361328,525.8040771484375,376.0778503417969,342.764892578125,781.2599487304688,708.84326171875
222,8.88,2,2,car,0.7437364459037781,790.7412109375,387.8536376953125,616.3641357421875,228.81500244140625,965.1182861328125,546.8922729492188
222,8.88,4,2,car,0.7201128602027893,846.5671691894531,838.0007629394531,604.4385375976562,603.5767211914062,1088.69580078125,1072.4248046875
223,8.92,1,2,car,0.8798602819442749,578.79736328125,525.0846252441406,376.8182373046875,342.797607421875,780.7764892578125,707.3716430664062
223,8.92,2,2,car,0.7234739661216736,790.5121459960938,388.2973861694336,615.6575927734375,228.78587341308594,965.36669921875,547.8088989257812
223,8.92,4,2,car,0.5453982353210449,829.6908264160156,844.7350158691406,590.1012573242188,616.3363647460938,1069.2803955078125,1073.1336669921875
224,8.96,1,2,car,0.8758292198181152,578.8087005615234,524.9747772216797,376.7863464355469,342.7971496582031,780.8310546875,707.1524047851562
224,8.96,2,2,car,0.7000990509986877,792.787109375,388.24436950683594,618.8443603515625,229.36520385742188,966.7298583984375,547.12353515625
224,8.96,4,2,car,0.6231603026390076,811.5442199707031,852.2199401855469,571.0658569335938,626.6187133789062,1052.0225830078125,1077.8211669921875
225,9.0,1,2,car,0.8765824437141418,578.6133728027344,524.6970672607422,376.61065673828125,342.6659240722656,780.6160888671875,706.7282104492188
225,9.0,2,2,car,0.7071879506111145,791.4248046875,388.21038818359375,617.2112426757812,229.13946533203125,965.6383666992188,547.2813110351562
225,9.0,4,2,car,0.6846461296081543,794.3880615234375,857.343505859375,555.063232421875,638.5108642578125,1033.712890625,1076.1761474609375
226,9.04,1,2,car,0.8714056015014648,578.5705413818359,524.3142700195312,376.6602478027344,342.515869140625,780.4808349609375,706.1126708984375
226,9.04,2,2,car,0.7067825198173523,791.0177001953125,388.1087341308594,616.755126953125,229.051513671875,965.2802734375,547.1659545898438
226,9.04,4,2,car,0.6652904152870178,775.5564270019531,864.3468627929688,539.2403564453125,654.111083984375,1011.8724975585938,1074.5826416015625
227,9.08,1,2,car,0.8729835152626038,578.8457336425781,523.9989624023438,377.11285400390625,342.52813720703125,780.57861328125,705.4697875976562
227,9.08,2,2,car,0.7208248376846313,792.9114685058594,388.071533203125,619.5039672851562,229.6170654296875,966.3189697265625,546.5260009765625
228,9.12,1,2,car,0.8700254559516907,579.1283569335938,524.2837219238281,376.93218994140625,342.523681640625,781.3245239257812,706.0437622070312
228,9.12,2,2,car,0.7071622014045715,793.6629333496094,387.6938934326172,621.0177001953125,229.82156372070312,966.3081665039062,545.5662231445312
228,9.12,4,2,car,0.6291108131408691,740.6164245605469,878.6129760742188,505.62054443359375,682.3634033203125,975.6123046875,1074.862548828125
229,9.16,1,2,car,0.8641300201416016,579.4661254882812,525.4675140380859,375.5052490234375,342.1955261230469,783.427001953125,708.739501953125
229,9.16,2,2,car,0.7092622518539429,793.9434204101562,387.66536712646484,621.6399536132812,229.97203063964844,966.2468872070312,545.3587036132812
229,9.16,4,2,car,0.4411505460739136,720.062744140625,885.1124267578125,486.5162353515625,695.9810791015625,953.6092529296875,1074.2437744140625
230,9.2,1,2,car,0.8734650611877441,579.6076965332031,526.7957916259766,374.35516357421875,342.3389587402344,784.8602294921875,711.2526245117188
230,9.2,2,2,car,0.7058966755867004,793.9580688476562,387.72886657714844,621.7608032226562,230.00125122070312,966.1553344726562,545.4564819335938
230,9.2,4,2,car,0.5657048225402832,700.2615966796875,893.2763671875,468.11993408203125,711.071044921875,932.4032592773438,1075.481689453125
231,9.24,1,2,car,0.868249237537384,579.9888000488281,527.93896484375,373.08111572265625,341.83349609375,786.896484375,714.04443359375
231,9.24,2,2,car,0.7048605680465698,793.9634704589844,387.7863006591797,621.800048828125,229.97317504882812,966.1268920898438,545.5994262695312
231,9.24,4,2,car,0.5723885297775269,682.5628814697266,900.5887756347656,448.4953308105469,722.1804809570312,916.6304321289062,1078.9970703125
232,9.28,1,2,car,0.8773476481437683,579.6971740722656,528.6325378417969,371.93890380859375,341.53302001953125,787.4554443359375,715.7320556640625
232,9.28,2,2,car,0.7040576338768005,793.9122619628906,387.8064270019531,621.8524169921875,229.98846435546875,965.9721069335938,545.6243896484375
232,9.28,4,2,car,0.5664460062980652,661.1048126220703,908.3343811035156,428.6474914550781,736.6687622070312,893.5621337890625,1080.0
233,9.32,1,2,car,0.8676522970199585,580.056884765625,529.2392425537109,371.98260498046875,341.5591125488281,788.1311645507812,716.9193725585938
233,9.32,2,2,car,0.7044020891189575,793.86962890625,387.7920150756836,621.9244995117188,229.99034118652344,965.8147583007812,545.5936889648438
233,9.32,4,2,car,0.5705692172050476,627.8630828857422,914.98486328125,397.5903015136719,752.0751953125,858.1358642578125,1077.89453125
234,9.36,1,2,car,0.866159200668335,580.452880859375,529.7802276611328,372.71575927734375,342.1463928222656,788.1900024414062,717.4140625
234,9.36,2,2,car,0.7051164507865906,793.8318481445312,387.83177185058594,621.9580688476562,230.01174926757812,965.7056274414062,545.6517944335938
234,9.36,4,2,car,0.5432679653167725,605.6446685791016,923.1520385742188,380.2331237792969,770.7125244140625,831.0562133789062,1075.591552734375
235,9.4,1,2,car,0.8583182692527771,580.1324005126953,529.9053039550781,373.3749084472656,343.07977294921875,786.889892578125,716.7308349609375
235,9.4,2,2,car,0.7004119753837585,793.8422241210938,387.7946243286133,622.100341796875,230.02540588378906,965.5841064453125,545.5638427734375
235,9.4,4,2,car,0.6849455833435059,591.7481231689453,932.2127685546875,369.1845397949219,787.894775390625,814.3117065429688,1076.53076171875
236,9.44,1,2,car,0.8658838272094727,580.3887023925781,530.163818359375,373.740478515625,343.2711181640625,787.0369262695312,717.0565185546875
236,9.44,2,2,car,0.6993632912635803,793.8440246582031,387.8402786254883,622.12744140625,230.0251007080078,965.5606079101562,545.6554565429688
236,9.44,4,2,car,0.5980788469314575,579.8202056884766,940.6966552734375,363.2041320800781,806.0390625,796.436279296875,1075.354248046875
237,9.48,1,2,car,0.8672897815704346,580.4363250732422,530.3240966796875,373.9400329589844,343.3895263671875,786.9326171875,717.2586669921875
237,9.48,4,2,car,0.7418875694274902,564.0383605957031,950.8103332519531,350.884521484375,823.6293334960938,777.1921997070312,1077.9913330078125
237,9.48,2,2,car,0.7042385935783386,793.8201904296875,387.8722152709961,622.1768188476562,230.06028747558594,965.4635620117188,545.6841430664062
238,9.52,1,2,car,0.8610444068908691,580.10498046875,528.7916107177734,374.28961181640625,342.4710998535156,785.9203491210938,715.1121215820312
238,9.52,4,2,car,0.7777594923973083,543.5518188476562,959.2738037109375,337.10882568359375,841.607666015625,749.9948120117188,1076.93994140625
238,9.52,2,2,car,0.7044773101806641,793.7678833007812,387.88475799560547,622.1658935546875,230.0505828857422,965.369873046875,545.7189331054688
239,9.56,1,2,car,0.8737803101539612,580.0933990478516,529.5781860351562,373.7388610839844,342.619140625,786.4479370117188,716.5372314453125
239,9.56,4,2,car,0.7212706804275513,520.9062042236328,967.518310546875,321.0906677246094,859.16943359375,720.7217407226562,1075.8671875
239,9.56,2,2,car,0.7073016166687012,793.7707214355469,387.87366485595703,622.2674560546875,230.08851623535156,965.2739868164062,545.6588134765625
240,9.6,1,2,car,0.8776861429214478,580.1724243164062,529.6681518554688,373.72259521484375,342.44964599609375,786.6222534179688,716.8866577148438
240,9.6,4,2,car,0.8085858225822449,502.13734436035156,977.6804504394531,309.1900329589844,878.5465698242188,695.0846557617188,1076.8143310546875
240,9.6,2,2,car,0.7046226263046265,793.8550415039062,387.8702697753906,622.443115234375,230.1121826171875,965.2669677734375,545.6283569335938
241,9.64,1,2,car,0.8834495544433594,580.0941162109375,529.5673065185547,373.6495361328125,342.2048034667969,786.5386962890625,716.9298095703125
241,9.64,2,2,car,0.7072710394859314,793.8664245605469,387.8621368408203,622.4417114257812,230.05972290039062,965.2911376953125,545.66455078125
241,9.64,4,2,car,0.5055816173553467,481.5643768310547,987.2089233398438,297.1567687988281,897.7110595703125,665.9719848632812,1076.706787109375
242,9.68,1,2,car,0.8953962922096252,579.9721069335938,529.2704315185547,373.94805908203125,342.2070007324219,785.9961547851562,716.3338623046875
242,9.68,4,2,car,0.7200671434402466,465.1703643798828,996.6363830566406,293.2018127441406,918.1686401367188,637.138916015625,1075.1041259765625
242,9.68,2,2,car,0.7060111165046692,793.8248901367188,387.85240173339844,622.4240112304688,230.04660034179688,965.2257690429688,545.658203125
243,9.72,1,2,car,0.893487274646759,580.0010223388672,528.7762756347656,373.9770202636719,341.58544921875,786.0250244140625,715.9671020507812
243,9.72,2,2,car,0.6995183229446411,793.6163330078125,387.9561309814453,621.979248046875,229.90048217773438,965.25341796875,546.0117797851562
243,9.72,4,2,car,0.6940955519676208,448.29266357421875,1006.2135009765625,287.79669189453125,937.5975341796875,608.7886352539062,1074.8294677734375
243,9.72,7,2,car,0.6455946564674377,1891.830078125,111.1272325515747,1872.69775390625,30.1155948638916,1910.96240234375,192.1388702392578
244,9.76,1,2,car,0.894609272480011,580.08349609375,528.4292602539062,374.2650146484375,341.3231201171875,785.9019775390625,715.535400390625
244,9.76,7,2,car,0.7184460759162903,1883.9947509765625,110.02398681640625,1863.1563720703125,23.86865234375,1904.8331298828125,196.1793212890625
244,9.76,2,2,car,0.6956824064254761,793.5394592285156,387.95951080322266,621.8328247070312,229.8083038330078,965.24609375,546.1107177734375
245,9.8,1,2,car,0.8930033445358276,580.2297668457031,528.2526397705078,374.6942138671875,341.3393249511719,785.7653198242188,715.1659545898438
245,9.8,7,2,car,0.7659951448440552,1876.6138305664062,106.5989842414856,1852.9671630859375,11.958466529846191,1900.260498046875,201.239501953125
245,9.8,2,2,car,0.6942380666732788,793.5703430175781,388.01856231689453,621.8291015625,229.8002471923828,965.3115844726562,546.2368774414062
246,9.84,1,2,car,0.8936131000518799,580.2540893554688,528.2418823242188,374.93212890625,341.482177734375,785.5760498046875,715.0015869140625
246,9.84,7,2,car,0.7790289521217346,1870.0032348632812,103.58600652217865,1843.5128173828125,1.9840400218963623,1896.49365234375,205.18797302246094
246,9.84,2,2,car,0.6941642165184021,793.6010131835938,387.9645309448242,621.8849487304688,229.74266052246094,965.3170776367188,546.1864013671875
247,9.88,1,2,car,0.8954625129699707,580.2155151367188,528.2806396484375,375.0633544921875,341.64080810546875,785.36767578125,714.9204711914062
247,9.88,7,2,car,0.8502663373947144,1863.0314331054688,105.22608947753906,1833.7152099609375,0.0,1892.34765625,210.45217895507812
247,9.88,2,2,car,0.7027902603149414,793.6113891601562,387.86724853515625,621.991943359375,229.72039794921875,965.2308349609375,546.0140991210938
248,9.92,1,2,car,0.8965592980384827,580.3017730712891,528.3887329101562,375.2651672363281,341.83197021484375,785.33837890625,714.9454956054688
248,9.92,7,2,car,0.8455924987792969,1856.3080444335938,107.04065704345703,1824.2664794921875,0.0,1888.349609375,214.08131408691406
248,9.92,2,2,car,0.7054105997085571,793.6192321777344,387.7915344238281,622.0528564453125,229.6854248046875,965.1856079101562,545.8976440429688
249,9.96,1,2,car,0.898461103439331,580.3865356445312,528.5182037353516,375.3912353515625,341.9763488769531,785.3818359375,715.06005859375
249,9.96,7,2,car,0.8451029658317566,1849.500244140625,108.63732147216797,1814.4737548828125,0.0,1884.5267333984375,217.27464294433594
249,9.96,2,2,car,0.7131312489509583,793.6263732910156,387.7565002441406,622.11376953125,229.70098876953125,965.1389770507812,545.81201171875
250,10.0,1,2,car,0.9001091718673706,580.4071960449219,528.3380737304688,375.3211669921875,341.67022705078125,785.4932250976562,715.0059204101562
250,10.0,7,2,car,0.8456584811210632,1843.3929443359375,110.18411254882812,1805.0255126953125,0.0,1881.7603759765625,220.36822509765625
250,10.0,2,2,car,0.7104125022888184,793.5263366699219,387.72586822509766,621.9818725585938,229.62843322753906,965.07080078125,545.8233032226562
251,10.04,1,2,car,0.8983084559440613,580.4459075927734,528.3064575195312,375.3647155761719,341.59979248046875,785.527099609375,715.0131225585938
251,10.04,7,2,car,0.8375637531280518,1837.269287109375,112.47440338134766,1794.9542236328125,0.0,1879.5843505859375,224.9488067626953
251,10.04,2,2,car,0.7084072232246399,793.4595031738281,387.6476745605469,621.9762573242188,229.59979248046875,964.9427490234375,545.695556640625
252,10.08,1,2,car,0.8992786407470703,580.4662170410156,528.2803039550781,375.3800048828125,341.52056884765625,785.5524291992188,715.0400390625
252,10.08,7,2,car,0.8562830686569214,1831.6104736328125,116.1111068725586,1784.60791015625,0.0,1878.613037109375,232.2222137451172
252,10.08,2,2,car,0.7063530683517456,793.4226379394531,387.6039276123047,621.9590454101562,229.56674194335938,964.88623046875,545.64111328125
253,10.12,1,2,car,0.9004149436950684,580.4774322509766,528.2812805175781,375.4349060058594,341.52001953125,785.5199584960938,715.0425415039062
253,10.12,7,2,car,0.86297208070755,1825.4866943359375,118.65765380859375,1773.8238525390625,0.0,1877.1495361328125,237.3153076171875
253,10.12,2,2,car,0.704889714717865,793.4252624511719,387.6305236816406,621.9281616210938,229.5562744140625,964.92236328125,545.7047729492188
254,10.16,1,2,car,0.9013242125511169,580.4879760742188,528.3412322998047,375.54266357421875,341.6383361816406,785.4332885742188,715.0441284179688
254,10.16,7,2,car,0.8477609157562256,1819.4527587890625,121.58377838134766,1762.6533203125,0.0,1876.252197265625,243.1675567626953
254,10.16,2,2,car,0.7148374915122986,793.4229736328125,387.5875701904297,621.9974975585938,229.57803344726562,964.8484497070312,545.5971069335938
255,10.2,1,2,car,0.8990265130996704,580.4972381591797,528.3490600585938,375.6242370605469,341.68804931640625,785.3702392578125,715.0100708007812
255,10.2,7,2,car,0.8401408195495605,1814.2196655273438,124.3644790649414,1752.4178466796875,0.0,1876.021484375,248.7289581298828
255,10.2,2,2,car,0.7090061902999878,793.4310302734375,387.5703887939453,622.0379638671875,229.59603881835938,964.8240966796875,545.5447387695312
256,10.24,1,2,car,0.888035774230957,580.2445068359375,528.0891265869141,375.10772705078125,341.1929626464844,785.3812866210938,714.9852905273438
256,10.24,7,2,car,0.8474200963973999,1808.1566772460938,127.8858642578125,1740.51708984375,0.0,1875.7962646484375,255.771728515625
256,10.24,2,2,car,0.6724108457565308,793.95361328125,387.7418899536133,622.662841796875,229.83497619628906,965.244384765625,545.6488037109375
257,10.28,1,2,car,0.8880615234375,580.1368560791016,527.9769287109375,374.8761291503906,340.96771240234375,785.3975830078125,714.9861450195312
257,10.28,7,2,car,0.8554934859275818,1802.8623657226562,129.93722534179688,1729.727294921875,0.0,1875.9974365234375,259.87445068359375
257,10.28,2,2,car,0.6582656502723694,793.2065734863281,388.3061981201172,621.5361328125,230.12075805664062,964.8770141601562,546.4916381835938
258,10.32,1,2,car,0.8877367377281189,580.0884857177734,527.9029388427734,374.7395935058594,340.8075866699219,785.4373779296875,714.998291015625
258,10.32,7,2,car,0.8656299114227295,1796.7113647460938,132.23924255371094,1717.8455810546875,0.0,1875.5771484375,264.4784851074219
258,10.32,2,2,car,0.6553860306739807,793.9227905273438,388.04674530029297,622.4784545898438,230.0358123779297,965.3671264648438,546.0576782226562
259,10.36,1,2,car,0.8866368532180786,580.0795135498047,527.9086303710938,374.7266540527344,340.8070068359375,785.432373046875,715.01025390625
259,10.36,7,2,car,0.8567773699760437,1791.4503784179688,134.4826202392578,1706.89208984375,0.0,1876.0086669921875,268.9652404785156
259,10.36,2,2,car,0.6609126925468445,793.2436218261719,388.53475189208984,621.5743408203125,230.39292907714844,964.9129028320312,546.6765747070312
260,10.4,1,2,car,0.8871444463729858,580.0973052978516,527.8714294433594,374.6899108886719,340.705810546875,785.5046997070312,715.0370483398438
260,10.4,7,2,car,0.8755515813827515,1785.1135864257812,137.100830078125,1694.55908203125,0.0,1875.6680908203125,274.20166015625
260,10.4,2,2,car,0.6709387302398682,793.0163879394531,388.7462921142578,621.1980590820312,230.51821899414062,964.834716796875,546.974365234375
261,10.44,1,2,car,0.8859812021255493,580.1397705078125,527.8571929931641,374.73382568359375,340.6767272949219,785.5457153320312,715.0376586914062
261,10.44,7,2,car,0.8576670289039612,1780.3607788085938,140.04104614257812,1683.7237548828125,0.0,1876.997802734375,280.08209228515625
261,10.44,2,2,car,0.6660255789756775,792.9357604980469,388.8515167236328,621.0272827148438,230.59225463867188,964.84423828125,547.1107788085938
262,10.48,1,2,car,0.8883160948753357,580.1687622070312,527.8354187011719,374.7718505859375,340.650390625,785.565673828125,715.0204467773438
262,10.48,7,2,car,0.882292628288269,1776.0438232421875,143.0287628173828,1673.3818359375,0.0,1878.705810546875,286.0575256347656
262,10.48,2,2,car,0.673255443572998,792.9018859863281,388.90027618408203,620.95751953125,230.6664581298828,964.8462524414062,547.1340942382812
263,10.52,1,2,car,0.8879738450050354,580.162109375,527.8725738525391,374.79620361328125,340.7070007324219,785.5280151367188,715.0381469726562
263,10.52,7,2,car,0.8290078639984131,1771.0335083007812,146.58119201660156,1661.9676513671875,0.0,1880.099365234375,293.1623840332031
263,10.52,2,2,car,0.6646550893783569,792.9879760742188,388.89075469970703,621.0052490234375,230.67042541503906,964.970703125,547.111083984375
264,10.56,1,2,car,0.8894059062004089,580.1581420898438,527.8668212890625,374.805908203125,340.70648193359375,785.5103759765625,715.0271606445312
264,10.56,7,2,car,0.813643217086792,1767.0094604492188,150.58290913701057,1652.1956787109375,0.8944559693336487,1881.8232421875,300.2713623046875
264,10.56,2,2,car,0.6753634810447693,792.936767578125,388.8090286254883,620.8322143554688,230.5146026611328,965.0413208007812,547.1034545898438
265,10.6,1,2,car,0.8905085325241089,580.1526641845703,527.8323822021484,374.7878723144531,340.6476135253906,785.5174560546875,715.0171508789062
265,10.6,7,2,car,0.8365759253501892,1761.3140258789062,156.11243605613708,1640.1251220703125,3.06087064743042,1882.5029296875,309.16400146484375
265,10.6,2,2,car,0.6828305125236511,792.8627624511719,388.8019104003906,620.6572265625,230.450439453125,965.0682983398438,547.1533813476562
266,10.64,1,2,car,0.8920996189117432,580.1349792480469,527.8580780029297,374.804931640625,340.7016296386719,785.4650268554688,715.0145263671875
266,10.64,7,2,car,0.7901749610900879,1755.9851684570312,160.89881229400635,1629.4810791015625,5.96226692199707,1882.4892578125,315.8353576660156
266,10.64,2,2,car,0.6936401724815369,792.7392578125,389.0026168823242,620.7213134765625,230.8977508544922,964.7572021484375,547.1074829101562
267,10.68,1,2,car,0.8924369812011719,580.1145629882812,527.8316345214844,374.83203125,340.72442626953125,785.3970947265625,714.9388427734375
267,10.68,7,2,car,0.7750099301338196,1752.0122680664062,166.28464031219482,1620.96142578125,10.466497421264648,1883.0631103515625,322.102783203125
267,10.68,2,2,car,0.7024607062339783,792.6165466308594,389.2030563354492,620.75390625,231.34153747558594,964.4791870117188,547.0645751953125
268,10.72,1,2,car,0.8928744196891785,580.1083221435547,527.7982330322266,374.8260803222656,340.6912536621094,785.3905639648438,714.9052124023438
268,10.72,7,2,car,0.8407449126243591,1748.2238159179688,171.54694938659668,1613.229736328125,15.619686126708984,1883.2178955078125,327.4742126464844
268,10.72,2,2,car,0.693611204624176,792.5576171875,389.11199951171875,620.5712280273438,231.1944580078125,964.5440063476562,547.029541015625
269,10.76,1,2,car,0.8931315541267395,580.1187133789062,527.7339324951172,374.80218505859375,340.5912170410156,785.4352416992188,714.8766479492188
269,10.76,7,2,car,0.8368844389915466,1744.648681640625,175.37178707122803,1606.2054443359375,19.942792892456055,1883.0919189453125,330.80078125
269,10.76,2,2,car,0.7035164833068848,792.5082397460938,389.08016204833984,620.3848266601562,231.10008239746094,964.6316528320312,547.0602416992188
270,10.8,1,2,car,0.8916726112365723,580.1309661865234,527.6687774658203,374.7805480957031,340.4831848144531,785.4813842773438,714.8543701171875
270,10.8,7,2,car,0.8353878259658813,1740.764892578125,178.82934761047363,1599.09130859375,24.17868423461914,1882.4384765625,333.4800109863281
270,10.8,2,2,car,0.6938732266426086,792.5089721679688,388.98937225341797,620.2074584960938,230.8746795654297,964.8104858398438,547.1040649414062
271,10.84,1,2,car,0.8937146663665771,580.1152038574219,527.4433135986328,374.6041259765625,340.0813903808594,785.6262817382812,714.8052368164062
271,10.84,7,2,car,0.877916693687439,1736.1095581054688,184.02231884002686,1589.2752685546875,27.840749740600586,1882.94384765625,340.2038879394531
271,10.84,2,2,car,0.7137224078178406,792.5850219726562,388.85863494873047,620.0262451171875,230.5050506591797,965.143798828125,547.2122192382812
271,10.84,8,0,person,0.42018598318099976,596.8861083984375,72.98771619796753,566.1729736328125,4.491667747497559,627.5992431640625,141.4837646484375
272,10.88,1,2,car,0.895855188369751,580.0674896240234,527.3661956787109,374.5589294433594,339.9900207519531,785.5760498046875,714.7423706054688
272,10.88,7,2,car,0.8846564292907715,1731.9995727539062,189.43759536743164,1580.810546875,32.570899963378906,1883.1885986328125,346.3042907714844
272,10.88,2,2,car,0.7300218939781189,792.5386047363281,388.9073944091797,619.9357299804688,230.52572631835938,965.1414794921875,547.2890625
272,10.88,8,0,person,0.4733998775482178,597.042236328125,73.02757167816162,566.28076171875,4.29334831237793,627.8037109375,141.7617950439453
273,10.92,1,2,car,0.8961963057518005,579.9915313720703,527.2866821289062,374.4311828613281,339.84906005859375,785.5518798828125,714.7243041992188
273,10.92,7,2,car,0.8670443296432495,1727.2332153320312,195.43672943115234,1571.5787353515625,37.65306091308594,1882.8876953125,353.22039794921875
273,10.92,2,2,car,0.7308835983276367,792.5452575683594,388.9134979248047,619.830078125,230.44528198242188,965.2604370117188,547.3817138671875
273,10.92,8,0,person,0.6492990851402283,597.7754821777344,72.93296074867249,566.865234375,3.6876988410949707,628.6857299804688,142.17822265625
274,10.96,1,2,car,0.8949965834617615,580.0135040283203,527.2221832275391,374.4363708496094,339.7464904785156,785.5906372070312,714.6978759765625
274,10.96,7,2,car,0.8776549100875854,1723.2188110351562,201.05079460144043,1563.767333984375,43.05843734741211,1882.6702880859375,359.04315185546875
274,10.96,2,2,car,0.717846155166626,792.43603515625,388.8173522949219,619.5640869140625,230.22406005859375,965.3079833984375,547.41064453125
274,10.96,8,0,person,0.6220336556434631,598.1349182128906,73.56760835647583,567.1722412109375,3.96663761138916,629.0975952148438,143.1685791015625
275,11.0,1,2,car,0.89927738904953,579.9777221679688,527.2880401611328,374.3531494140625,339.7449035644531,785.602294921875,714.8311767578125
275,11.0,7,2,car,0.8826691508293152,1717.5010986328125,206.90748023986816,1553.3984375,47.18104934692383,1881.603759765625,366.6339111328125
275,11.0,2,2,car,0.740154504776001,792.3872375488281,388.74906158447266,619.4908447265625,230.14625549316406,965.2836303710938,547.3518676757812
275,11.0,8,0,person,0.6024287939071655,598.6917724609375,73.77981805801392,567.9268798828125,4.347233772277832,629.4566650390625,143.21240234375
276,11.04,1,2,car,0.898260235786438,579.9777221679688,527.3435211181641,374.38372802734375,339.8088073730469,785.5717163085938,714.8782348632812
276,11.04,7,2,car,0.8516284227371216,1710.4153442382812,212.8024387359619,1543.4344482421875,52.62044143676758,1877.396240234375,372.98443603515625
276,11.04,2,2,car,0.7177638411521912,792.4120483398438,388.546142578125,619.3160400390625,229.7469482421875,965.508056640625,547.3453369140625
276,11.04,8,0,person,0.5897650122642517,598.5216674804688,74.05966663360596,567.9983520507812,4.875757217407227,629.0449829101562,143.2435760498047
277,11.08,1,2,car,0.8968689441680908,579.9926300048828,527.3087768554688,374.4185485839844,339.778076171875,785.5667114257812,714.8394775390625
277,11.08,7,2,car,0.7735247015953064,1701.2046508789062,219.1981601715088,1530.5970458984375,57.4861946105957,1871.812255859375,380.9101257324219
277,11.08,2,2,car,0.7113098502159119,792.4462280273438,388.4906311035156,619.3324584960938,229.68255615234375,965.5599975585938,547.2987060546875
277,11.08,8,0,person,0.5662687420845032,599.0353393554688,73.7526285648346,568.7066650390625,4.7643513679504395,629.364013671875,142.74090576171875
278,11.12,1,2,car,0.8975419998168945,579.9789428710938,527.3458251953125,374.46258544921875,339.86102294921875,785.4953002929688,714.8306274414062
278,11.12,7,2,car,0.7839697599411011,1692.4180297851562,225.31099319458008,1519.5279541015625,63.271888732910156,1865.30810546875,387.35009765625
278,11.12,2,2,car,0.7148154973983765,792.5171203613281,388.45153045654297,619.4158935546875,229.64695739746094,965.6183471679688,547.256103515625
278,11.12,8,0,person,0.42034488916397095,599.1590576171875,72.93486380577087,569.19482421875,4.4876017570495605,629.123291015625,141.3821258544922
279,11.16,1,2,car,0.893643856048584,579.9431610107422,527.2863616943359,374.3725280761719,339.7329406738281,785.5137939453125,714.8397827148438
279,11.16,7,2,car,0.7889454960823059,1682.8295288085938,231.7357292175293,1507.7408447265625,69.4012680053711,1857.918212890625,394.0701904296875
279,11.16,2,2,car,0.704981803894043,792.7840881347656,388.44371795654297,619.6669311523438,229.61595153808594,965.9012451171875,547.271484375
279,11.16,8,0,person,0.4477871358394623,598.3271484375,71.37253928184509,568.9628295898438,4.025031566619873,627.6914672851562,138.7200469970703
280,11.2,1,2,car,0.8953758478164673,579.9160461425781,527.2588958740234,374.31207275390625,339.6588439941406,785.52001953125,714.8589477539062
280,11.2,7,2,car,0.8132213354110718,1676.433349609375,238.10866928100586,1499.5540771484375,75.66790008544922,1853.3126220703125,400.5494384765625
280,11.2,2,2,car,0.7200285196304321,792.9928283691406,388.5942611694336,619.8475341796875,229.7915496826172,966.1381225585938,547.39697265625
280,11.2,8,0,person,0.5149415731430054,598.7857055664062,70.87254309654236,569.8363647460938,4.107116222381592,627.7350463867188,137.63796997070312
281,11.24,1,2,car,0.8927392363548279,579.8951263427734,527.1304016113281,374.2135314941406,339.4246826171875,785.5767211914062,714.8361206054688
281,11.24,7,2,car,0.7984706163406372,1669.9204711914062,243.0845603942871,1490.752197265625,79.76378631591797,1849.0887451171875,406.40533447265625
281,11.24,2,2,car,0.730803370475769,793.3155212402344,388.90086364746094,620.4624633789062,230.39981079101562,966.1685791015625,547.4019165039062
282,11.28,1,2,car,0.8950707316398621,579.8775787353516,527.1216583251953,374.1942443847656,339.3882141113281,785.5609130859375,714.8551025390625
282,11.28,7,2,car,0.8178955912590027,1662.720458984375,249.7252082824707,1482.0518798828125,85.98770904541016,1843.3890380859375,413.46270751953125
282,11.28,2,2,car,0.7393366098403931,793.3546142578125,388.9461669921875,620.5868530273438,230.56353759765625,966.1223754882812,547.3287963867188
283,11.32,1,2,car,0.8889700174331665,579.8637390136719,527.0188598632812,374.12017822265625,339.193603515625,785.6072998046875,714.8441162109375
283,11.32,7,2,car,0.8050462603569031,1655.6212158203125,255.4995994567871,1473.8485107421875,91.47350311279297,1837.3939208984375,419.52569580078125
283,11.32,2,2,car,0.7121027708053589,793.5798950195312,388.88104248046875,620.6546630859375,230.37310791015625,966.505126953125,547.3889770507812
284,11.36,1,2,car,0.895122766494751,579.8453063964844,527.1610260009766,374.24395751953125,339.4604187011719,785.4466552734375,714.8616333007812
284,11.36,7,2,car,0.7990800142288208,1647.7695922851562,260.4262237548828,1463.6885986328125,95.06448364257812,1831.8505859375,425.7879638671875
284,11.36,2,2,car,0.7225390672683716,793.5588989257812,388.89403533935547,620.587890625,230.3630828857422,966.5299072265625,547.4249877929688
285,11.4,1,2,car,0.89337158203125,579.8379821777344,527.2730865478516,374.342041015625,339.6683654785156,785.3339233398438,714.8778076171875
285,11.4,7,2,car,0.7839689254760742,1640.7371215820312,267.5683784484863,1453.4921875,99.92005157470703,1827.9820556640625,435.2167053222656
285,11.4,2,2,car,0.7242237329483032,793.4569702148438,389.04734802246094,620.638671875,230.66250610351562,966.2752685546875,547.4321899414062
286,11.44,1,2,car,0.89450603723526,579.8306579589844,527.2896728515625,374.36834716796875,339.71038818359375,785.29296875,714.8689575195312
286,11.44,7,2,car,0.8645126223564148,1633.8737182617188,274.4381103515625,1444.427490234375,105.17782592773438,1823.3199462890625,443.6983947753906
286,11.44,2,2,car,0.728300929069519,793.4434814453125,389.13427734375,620.7338256835938,230.8597412109375,966.1531372070312,547.4088134765625
287,11.48,1,2,car,0.8892949223518372,579.8749847412109,527.2935943603516,374.3357849121094,339.6265563964844,785.4141845703125,714.9606323242188
287,11.48,7,2,car,0.8060649037361145,1627.8291625976562,281.2459259033203,1436.8448486328125,110.9566650390625,1818.8134765625,451.5351867675781
287,11.48,2,2,car,0.7165873646736145,793.3590393066406,389.07826232910156,620.436767578125,230.58364868164062,966.2813110351562,547.5728759765625
288,11.52,1,2,car,0.8960379958152771,579.8657531738281,527.4063568115234,374.462646484375,339.8656921386719,785.2688598632812,714.947021484375
288,11.52,7,2,car,0.7851735949516296,1621.8709106445312,288.1074981689453,1429.2655029296875,116.22268676757812,1814.476318359375,459.9923095703125
288,11.52,2,2,car,0.736221194267273,793.0884704589844,389.1128463745117,620.2080688476562,230.64036560058594,965.9688720703125,547.5853271484375
289,11.56,1,2,car,0.8986430168151855,579.8615875244141,527.409423828125,374.4920959472656,339.89556884765625,785.2310791015625,714.9232788085938
289,11.56,7,2,car,0.8225908279418945,1615.233642578125,294.60191345214844,1421.774658203125,121.80401611328125,1808.692626953125,467.3998107910156
289,11.56,2,2,car,0.7397223711013794,792.8096923828125,389.02490234375,619.91357421875,230.5386962890625,965.705810546875,547.5111083984375
289,11.56,8,0,person,0.4487932324409485,683.3734741210938,73.67055720090866,654.2476806640625,1.2171825170516968,712.499267578125,146.12393188476562
290,11.6,1,2,car,0.8936560153961182,579.8849487304688,527.4452972412109,374.5443115234375,339.9582214355469,785.2255859375,714.932373046875
290,11.6,7,2,car,0.7816845178604126,1608.509033203125,301.74426651000977,1413.5081787109375,127.3050308227539,1803.5098876953125,476.1835021972656
290,11.6,2,2,car,0.724368691444397,792.9553527832031,388.98692321777344,619.9595947265625,230.38534545898438,965.9511108398438,547.5885009765625
290,11.6,8,0,person,0.5569369792938232,685.2966003417969,73.55240887403488,656.2061157226562,1.6387380361557007,714.3870849609375,145.46607971191406
290,11.6,9,0,person,0.3511100709438324,601.7908020019531,67.24791014194489,574.6727905273438,3.939439058303833,628.9088134765625,130.55638122558594
291,11.64,1,2,car,0.8966524004936218,579.9333190917969,527.7381744384766,374.9112548828125,340.5852355957031,784.9553833007812,714.89111328125
291,11.64,7,2,car,0.7712388634681702,1601.4212646484375,308.9469985961914,1405.3751220703125,133.1869659423828,1797.4674072265625,484.70703125
291,11.64,2,2,car,0.7274601459503174,793.013671875,389.0848617553711,620.1438598632812,230.5922088623047,965.8834838867188,547.5775146484375
291,11.64,8,0,person,0.6256597638130188,680.7379760742188,72.88288205862045,651.8948974609375,1.6361254453659058,709.5810546875,144.129638671875
292,11.68,1,2,car,0.8967238664627075,579.9643402099609,527.7999877929688,375.0279846191406,340.7613525390625,784.9006958007812,714.838623046875
292,11.68,7,2,car,0.7928173542022705,1593.9541625976562,315.6253890991211,1398.1533203125,139.81105041503906,1789.7550048828125,491.4397277832031
292,11.68,2,2,car,0.7171921730041504,793.16455078125,389.0723419189453,620.2583618164062,230.53164672851562,966.0707397460938,547.613037109375
292,11.68,8,0,person,0.454851895570755,680.4510192871094,73.38028061389923,651.3733520507812,1.239290475845337,709.5286865234375,145.52127075195312
293,11.72,1,2,car,0.8939884305000305,579.9915924072266,527.8681945800781,375.1186828613281,340.92303466796875,784.864501953125,714.8133544921875
293,11.72,7,2,car,0.7856737971305847,1587.4890747070312,322.33543395996094,1391.744384765625,146.44699096679688,1783.2337646484375,498.223876953125
293,11.72,2,2,car,0.6998124718666077,793.2232055664062,389.1206512451172,620.4110717773438,230.66806030273438,966.0353393554688,547.5732421875
293,11.72,8,0,person,0.5093854069709778,682.0068969726562,72.52057552337646,653.1737670898438,0.7878704071044922,710.8400268554688,144.25328063964844
294,11.76,1,2,car,0.8949643969535828,580.0140380859375,528.0798797607422,375.34124755859375,341.3737487792969,784.6868286132812,714.7860107421875
294,11.76,7,2,car,0.8078866600990295,1581.72802734375,328.4856262207031,1385.3660888671875,151.83795166015625,1778.0899658203125,505.13330078125
294,11.76,2,2,car,0.705364465713501,793.0628356933594,389.1667709350586,620.3759765625,230.82872009277344,965.7496948242188,547.5048217773438
294,11.76,8,0,person,0.581559419631958,683.6109619140625,72.19369602203369,654.8563232421875,0.6674671173095703,712.3656005859375,143.7199249267578
295,11.8,1,2,car,0.8902404308319092,580.0107421875,528.1312408447266,375.43048095703125,341.5538635253906,784.5910034179688,714.7086181640625
295,11.8,7,2,car,0.7579891085624695,1574.98193359375,335.3935775756836,1377.2623291015625,157.3323211669922,1772.7015380859375,513.454833984375
295,11.8,2,2,car,0.6874560117721558,792.9284057617188,389.2243194580078,619.962646484375,230.58432006835938,965.8941650390625,547.8643188476562
295,11.8,8,0,person,0.5334206223487854,684.7432556152344,71.59903952479362,656.2673950195312,0.7533616423606873,713.2191162109375,142.44471740722656
296,11.84,1,2,car,0.8826922178268433,579.9306945800781,528.1907806396484,375.3031005859375,341.6173400878906,784.5582885742188,714.7642211914062
296,11.84,2,2,car,0.697388768196106,792.9043579101562,389.51671600341797,620.12939453125,231.0107879638672,965.6793212890625,548.0226440429688
296,11.84,7,2,car,0.6922820806503296,1568.2531127929688,342.6400680541992,1369.10888671875,163.10118103027344,1767.3973388671875,522.178955078125
297,11.88,1,2,car,0.8864496946334839,580.054443359375,528.1699981689453,375.031982421875,341.2240905761719,785.076904296875,715.1159057617188
297,11.88,7,2,car,0.7228750586509705,1562.270751953125,350.78331756591797,1363.1109619140625,171.2788543701172,1761.4305419921875,530.2877807617188
297,11.88,2,2,car,0.6843544840812683,792.6665344238281,389.2861099243164,619.87548828125,230.76722717285156,965.4575805664062,547.8049926757812
298,11.92,1,2,car,0.8964321613311768,579.7118988037109,528.0930786132812,374.5186462402344,341.003662109375,784.9051513671875,715.1824951171875
298,11.92,7,2,car,0.8150911331176758,1554.2324829101562,359.45532989501953,1351.8748779296875,176.7499542236328,1756.590087890625,542.1607055664062
298,11.92,2,2,car,0.6844308972358704,792.5019836425781,389.1328887939453,619.2044067382812,230.08340454101562,965.799560546875,548.182373046875
298,11.92,8,0,person,0.44643840193748474,689.928466796875,71.13150573521852,661.3765869140625,0.053081050515174866,718.4803466796875,142.20993041992188
299,11.96,1,2,car,0.8831164836883545,580.2025299072266,529.1793365478516,376.8122253417969,343.9857482910156,783.5928344726562,714.3729248046875
299,11.96,7,2,car,0.8140050172805786,1546.8544311523438,366.7535858154297,1345.017822265625,184.37832641601562,1748.6910400390625,549.1288452148438
299,11.96,2,2,car,0.655189573764801,793.3590087890625,389.5190124511719,620.7603759765625,231.38922119140625,965.9576416015625,547.6488037109375
300,12.0,1,2,car,0.9036910533905029,579.9425964355469,527.9586029052734,374.79156494140625,341.0558166503906,785.0936279296875,714.8613891601562
300,12.0,7,2,car,0.8222089409828186,1540.7548217773438,373.3152618408203,1336.607421875,188.42300415039062,1744.9022216796875,558.20751953125
300,12.0,2,2,car,0.590487539768219,793.5581665039062,388.03273010253906,619.8241577148438,228.60488891601562,967.2921752929688,547.4605712890625
301,12.04,1,2,car,0.8815693259239197,580.2109832763672,528.5917053222656,376.2461242675781,342.92218017578125,784.1758422851562,714.26123046875
301,12.04,7,2,car,0.7818465232849121,1534.4547729492188,381.13460540771484,1329.634033203125,195.29161071777344,1739.2755126953125,566.9776000976562
301,12.04,2,2,car,0.6782913208007812,792.7165832519531,389.0656509399414,618.8782348632812,229.5695343017578,966.554931640625,548.561767578125
301,12.04,8,0,person,0.4536437690258026,693.0908203125,68.96026611328125,664.9686279296875,0.0,721.2130126953125,137.9205322265625
302,12.08,1,2,car,0.8947806358337402,580.0005340576172,528.30126953125,375.6294250488281,342.29412841796875,784.3716430664062,714.3084106445312
302,12.08,7,2,car,0.801949143409729,1527.779541015625,387.9431686401367,1321.5338134765625,200.5988006591797,1734.0252685546875,575.2875366210938
302,12.08,2,2,car,0.6630470752716064,791.9864807128906,388.85047912597656,618.1519165039062,229.35165405273438,965.821044921875,548.3493041992188
302,12.08,8,0,person,0.3760293126106262,694.2266235351562,67.32209777832031,666.3863525390625,0.0,722.06689453125,134.64419555664062
303,12.12,1,2,car,0.8796786069869995,580.0781860351562,527.6263427734375,375.02655029296875,340.92181396484375,785.1298217773438,714.3308715820312
303,12.12,7,2,car,0.7538816928863525,1519.9669189453125,396.62613677978516,1312.23779296875,207.67237854003906,1727.696044921875,585.5798950195312
303,12.12,2,2,car,0.6579742431640625,792.1386413574219,389.3393020629883,618.6927490234375,230.2407989501953,965.5845336914062,548.4378051757812
304,12.16,1,2,car,0.8827333450317383,580.0567779541016,527.4363555908203,374.8793029785156,340.5808410644531,785.2342529296875,714.2918701171875
304,12.16,7,2,car,0.7630726099014282,1513.1527709960938,404.7159881591797,1304.512451171875,214.78268432617188,1721.7930908203125,594.6492919921875
304,12.16,2,2,car,0.6597090363502502,792.2102355957031,389.5670700073242,618.8729248046875,230.6342010498047,965.5475463867188,548.4999389648438
305,12.2,1,2,car,0.8802896738052368,580.1262817382812,527.6820068359375,375.146484375,340.9908447265625,785.1060791015625,714.3731689453125
305,12.2,7,2,car,0.7609900832176208,1504.5796508789062,411.46146392822266,1294.285400390625,219.8730010986328,1714.8739013671875,603.0499267578125
305,12.2,2,2,car,0.6347635388374329,792.2844848632812,389.6560745239258,618.833251953125,230.62916564941406,965.7357177734375,548.6829833984375
306,12.24,1,2,car,0.8824009299278259,580.2145080566406,527.3307495117188,374.91607666015625,340.27655029296875,785.512939453125,714.3849487304688
306,12.24,7,2,car,0.7685190439224243,1497.1295776367188,417.63675689697266,1284.04833984375,223.0609893798828,1710.2108154296875,612.2125244140625
306,12.24,2,2,car,0.6459984183311462,792.7829895019531,389.81128692626953,619.6036987304688,231.1681671142578,965.9622802734375,548.4544067382812
307,12.28,1,2,car,0.8764843940734863,580.3107757568359,527.5113525390625,375.2265930175781,340.62548828125,785.3949584960938,714.397216796875
307,12.28,7,2,car,0.7253068685531616,1489.6963500976562,424.07494354248047,1275.1072998046875,227.6536102294922,1704.285400390625,620.4962768554688
307,12.28,2,2,car,0.6349068284034729,793.0467224121094,390.1577606201172,620.1229248046875,231.87527465820312,965.9705200195312,548.4402465820312
308,12.32,1,2,car,0.8791918158531189,580.3104705810547,527.4689331054688,375.1797790527344,340.5,785.441162109375,714.4378662109375
308,12.32,7,2,car,0.8322228789329529,1482.7114868164062,432.8177261352539,1264.7806396484375,232.6371612548828,1700.642333984375,632.998291015625
308,12.32,2,2,car,0.6400226354598999,792.9226989746094,390.0567398071289,619.7449340820312,231.5978546142578,966.1004638671875,548.515625
309,12.36,1,2,car,0.8763632774353027,580.3531494140625,527.400390625,375.1842041015625,340.34600830078125,785.5220947265625,714.4547729492188
309,12.36,7,2,car,0.8203380703926086,1475.1524658203125,443.08631896972656,1254.5872802734375,239.54360961914062,1695.7176513671875,646.6290283203125
309,12.36,2,2,car,0.6477614641189575,792.5183715820312,389.91001892089844,619.0256958007812,231.21939086914062,966.0110473632812,548.6006469726562
310,12.4,1,2,car,0.8708415031433105,580.4506683349609,527.2428894042969,375.2697448730469,340.11798095703125,785.631591796875,714.3677978515625
310,12.4,7,2,car,0.8358452320098877,1468.2302856445312,450.85572052001953,1246.392822265625,245.41676330566406,1690.0677490234375,656.294677734375
310,12.4,2,2,car,0.6469968557357788,792.6123657226562,389.95274353027344,619.154541015625,231.32278442382812,966.0701904296875,548.5827026367188
311,12.44,1,2,car,0.8794492483139038,580.4318542480469,527.2028961181641,375.228515625,339.9972839355469,785.6351928710938,714.4085083007812
311,12.44,7,2,car,0.8561373949050903,1460.895751953125,458.29996490478516,1236.344970703125,249.5973663330078,1685.446533203125,667.0025634765625
311,12.44,2,2,car,0.6572185754776001,792.5254821777344,389.9711685180664,619.1979370117188,231.4810333251953,965.85302734375,548.4613037109375
312,12.48,1,2,car,0.8802844285964966,580.4643402099609,527.4199829101562,375.5696716308594,340.48431396484375,785.3590087890625,714.3556518554688
312,12.48,7,2,car,0.8425918817520142,1454.3924560546875,466.75775146484375,1229.6412353515625,257.310791015625,1679.1436767578125,676.2047119140625
312,12.48,2,2,car,0.6514475345611572,792.6114807128906,390.03433990478516,619.3832397460938,231.67982482910156,965.8397216796875,548.3888549804688
313,12.52,1,2,car,0.887270450592041,580.4532318115234,527.4222564697266,375.6528015136719,340.5552673339844,785.253662109375,714.2892456054688
313,12.52,7,2,car,0.8629980087280273,1445.6163330078125,477.90692138671875,1221.9775390625,269.3563232421875,1669.255126953125,686.45751953125
313,12.52,2,2,car,0.6608750820159912,792.2731018066406,390.08849334716797,619.0403442382812,231.7585906982422,965.505859375,548.4183959960938
314,12.56,1,2,car,0.8810359239578247,580.4898529052734,527.4837951660156,375.8217468261719,340.7398681640625,785.157958984375,714.2277221679688
314,12.56,7,2,car,0.8703917860984802,1436.4299926757812,487.47413635253906,1212.6688232421875,278.6781921386719,1660.191162109375,696.2700805664062
314,12.56,2,2,car,0.6425619721412659,792.2328796386719,389.8174285888672,618.6796264648438,231.20870971679688,965.7861328125,548.4261474609375
315,12.6,1,2,car,0.8851887583732605,580.5555725097656,527.5875701904297,376.03167724609375,340.9866638183594,785.0794677734375,714.1884765625
315,12.6,7,2,car,0.8642635941505432,1427.82373046875,497.61102294921875,1201.96923828125,286.50048828125,1653.67822265625,708.7215576171875
315,12.6,2,2,car,0.6494244337081909,791.8863525390625,389.60723876953125,618.2440795898438,230.912841796875,965.5286254882812,548.3016357421875
316,12.64,1,2,car,0.8846032023429871,580.6259460449219,527.7186431884766,376.17657470703125,341.1968078613281,785.0753173828125,714.240478515625
316,12.64,7,2,car,0.8803633451461792,1420.3862915039062,506.67918395996094,1192.41357421875,293.3446350097656,1648.3590087890625,720.0137329101562
316,12.64,2,2,car,0.6460389494895935,791.7841491699219,389.4434051513672,617.97412109375,230.58560180664062,965.5941772460938,548.3012084960938
317,12.68,7,2,car,0.8951306939125061,1412.3037719726562,516.8902587890625,1181.4287109375,300.41632080078125,1643.1788330078125,733.3641967773438
317,12.68,1,2,car,0.8891437649726868,580.6542358398438,527.9515228271484,376.4283447265625,341.6609191894531,784.880126953125,714.2421264648438
317,12.68,2,2,car,0.6349034905433655,791.7501831054688,389.5190963745117,618.1382446289062,230.85447692871094,965.3621215820312,548.1837158203125
318,12.72,7,2,car,0.9016737341880798,1403.1138305664062,526.6392211914062,1173.2513427734375,310.95135498046875,1632.976318359375,742.3270874023438
318,12.72,1,2,car,0.8761882781982422,580.7003021240234,528.0166473388672,376.5219421386719,341.7893371582031,784.878662109375,714.2439575195312
318,12.72,2,2,car,0.623826801776886,791.9440612792969,389.6162414550781,618.387451171875,230.97332763671875,965.5006713867188,548.2591552734375
319,12.76,7,2,car,0.8882433176040649,1395.328125,537.1591339111328,1164.5103759765625,320.6513977050781,1626.1458740234375,753.6668701171875
319,12.76,1,2,car,0.8862734436988831,580.6189270019531,528.052978515625,376.4439697265625,341.86065673828125,784.7938842773438,714.2453002929688
319,12.76,2,2,car,0.6469293236732483,792.073974609375,389.7173156738281,618.4684448242188,231.05206298828125,965.6795043945312,548.382568359375
320,12.8,7,2,car,0.8967741131782532,1386.4920043945312,546.6640167236328,1154.4178466796875,328.9828186035156,1618.566162109375,764.34521484375
320,12.8,1,2,car,0.8936070203781128,580.7457122802734,527.9833679199219,376.8192443847656,342.05242919921875,784.6721801757812,713.914306640625
320,12.8,2,2,car,0.6512472033500671,792.2133483886719,389.5101623535156,618.7069702148438,230.94927978515625,965.7197265625,548.071044921875
321,12.84,1,2,car,0.8935301899909973,580.8415374755859,528.4794921875,376.9792175292969,342.63519287109375,784.703857421875,714.3237915039062
321,12.84,7,2,car,0.8809213638305664,1377.7135009765625,557.3983001708984,1143.787353515625,337.8522033691406,1611.6396484375,776.9443969726562
321,12.84,2,2,car,0.6207253932952881,793.8524169921875,388.79639434814453,620.931396484375,230.6212921142578,966.7734375,546.9714965820312
322,12.88,1,2,car,0.8908001780509949,580.8729705810547,528.6929168701172,377.0173034667969,342.8719787597656,784.7286376953125,714.5138549804688
322,12.88,7,2,car,0.8725127577781677,1371.3229370117188,565.5138244628906,1134.5181884765625,343.15118408203125,1608.127685546875,787.87646484375
322,12.88,2,2,car,0.6399534344673157,794.1499633789062,388.4456253051758,621.779052734375,230.62049865722656,966.5208740234375,546.270751953125
323,12.92,1,2,car,0.9001045227050781,580.9215087890625,528.8844146728516,377.14898681640625,343.1968078613281,784.6940307617188,714.572021484375
323,12.92,7,2,car,0.8799253106117249,1362.5848999023438,578.1048278808594,1125.4307861328125,355.55975341796875,1599.739013671875,800.64990234375
323,12.92,2,2,car,0.6696051955223083,794.2400207519531,388.28089141845703,622.15234375,230.58131408691406,966.3276977539062,545.98046875
324,12.96,1,2,car,0.8968073725700378,580.9174041748047,529.0944976806641,377.2605285644531,343.5823669433594,784.5742797851562,714.6066284179688
324,12.96,7,2,car,0.8530485033988953,1353.4085083007812,589.1663665771484,1114.490966796875,365.2422790527344,1592.3260498046875,813.0904541015625
324,12.96,2,2,car,0.6590505838394165,794.454345703125,388.29119873046875,622.4581298828125,230.56646728515625,966.4505615234375,546.0159301757812
325,13.0,1,2,car,0.8947015404701233,581.0589752197266,528.9402923583984,377.3627014160156,343.4296569824219,784.7552490234375,714.450927734375
325,13.0,7,2,car,0.8476793766021729,1344.6090698242188,598.3210754394531,1102.3551025390625,371.5411376953125,1586.863037109375,825.1010131835938
325,13.0,2,2,car,0.6522833704948425,794.6048583984375,388.18981170654297,622.598876953125,230.37120056152344,966.61083984375,546.0084228515625
326,13.04,1,2,car,0.8943268656730652,581.1543884277344,529.1956329345703,377.65484619140625,343.9354553222656,784.6539306640625,714.455810546875
326,13.04,7,2,car,0.8802158832550049,1335.1045532226562,607.5647583007812,1089.49169921875,377.76025390625,1580.7174072265625,837.3692626953125
326,13.04,2,2,car,0.6626359224319458,794.2670593261719,388.18141174316406,622.2801513671875,230.24240112304688,966.2539672851562,546.1204223632812
327,13.08,1,2,car,0.8871376514434814,581.1510772705078,529.2749938964844,377.5074768066406,343.92864990234375,784.794677734375,714.621337890625
327,13.08,7,2,car,0.8359625935554504,1325.101318359375,618.0516967773438,1075.0810546875,383.66259765625,1575.12158203125,852.4407958984375
327,13.08,2,2,car,0.6432106494903564,794.3067321777344,388.3379821777344,622.4249877929688,230.37554931640625,966.1884765625,546.3004150390625
328,13.12,1,2,car,0.8959827423095703,581.2033081054688,529.1543121337891,377.35394287109375,343.6506652832031,785.0526733398438,714.657958984375
328,13.12,7,2,car,0.8827273845672607,1315.51904296875,628.6368103027344,1062.9412841796875,391.43817138671875,1568.0968017578125,865.83544921875
328,13.12,2,2,car,0.6689900755882263,794.2210693359375,388.35706329345703,622.496337890625,230.43910217285156,965.94580078125,546.2750244140625
329,13.16,1,2,car,0.9029046297073364,581.1686859130859,529.0166168212891,377.2758483886719,343.5196838378906,785.0615234375,714.5135498046875
329,13.16,7,2,car,0.887296736240387,1306.3800048828125,642.1450805664062,1054.282470703125,405.2255859375,1558.4775390625,879.0645751953125
329,13.16,2,2,car,0.6688194274902344,794.3504638671875,388.3725051879883,622.6390380859375,230.38758850097656,966.0618896484375,546.357421875
330,13.2,1,2,car,0.8928847908973694,581.1306457519531,528.9906616210938,377.19171142578125,343.493896484375,785.069580078125,714.4874267578125
330,13.2,7,2,car,0.8529687523841858,1297.6686401367188,653.5430603027344,1044.0252685546875,414.78985595703125,1551.31201171875,892.2962646484375
330,13.2,2,2,car,0.6568744778633118,794.6287841796875,388.42987060546875,622.94677734375,230.41473388671875,966.310791015625,546.4450073242188
331,13.24,1,2,car,0.8922556042671204,581.0701599121094,529.0319671630859,377.2044677734375,343.6617126464844,784.9358520507812,714.4022216796875
331,13.24,7,2,car,0.8327730894088745,1288.21533203125,665.7357788085938,1032.5621337890625,424.9169921875,1543.8685302734375,906.5545654296875
331,13.24,2,2,car,0.6757718920707703,794.4922180175781,388.4355010986328,622.851318359375,230.38180541992188,966.1331176757812,546.4891967773438
332,13.28,1,2,car,0.8959969878196716,581.0558624267578,528.9652709960938,377.2300720214844,343.68145751953125,784.8816528320312,714.2490844726562
332,13.28,7,2,car,0.8502801656723022,1273.5762939453125,677.2520446777344,1016.2857666015625,435.34075927734375,1530.8668212890625,919.163330078125
332,13.28,2,2,car,0.6681866645812988,794.519287109375,388.4762420654297,622.9210205078125,230.41104125976562,966.1175537109375,546.5414428710938
333,13.32,1,2,car,0.8927962183952332,580.9786376953125,528.9666290283203,377.17919921875,343.7507019042969,784.778076171875,714.1825561523438
333,13.32,7,2,car,0.8822785019874573,1254.0315551757812,688.9850463867188,992.7115478515625,444.571044921875,1515.3515625,933.3990478515625
333,13.32,2,2,car,0.6719346642494202,794.4780883789062,388.5653533935547,622.8511352539062,230.42263793945312,966.1050415039062,546.7080688476562
334,13.36,7,2,car,0.8899948596954346,1245.5135498046875,701.7559509277344,981.4334716796875,455.5750732421875,1509.5936279296875,947.9368286132812
334,13.36,1,2,car,0.8884863257408142,581.0355529785156,528.9868011474609,377.2220458984375,343.7951965332031,784.8490600585938,714.1784057617188
334,13.36,2,2,car,0.670172929763794,794.75634765625,388.47129821777344,623.0919189453125,230.27584838867188,966.4207763671875,546.666748046875
335,13.4,1,2,car,0.8938279747962952,580.938232421875,528.9770812988281,377.19384765625,343.87982177734375,784.6826171875,714.0743408203125
335,13.4,7,2,car,0.8851174712181091,1238.7581176757812,714.7060394287109,970.9237060546875,465.2233581542969,1506.592529296875,964.188720703125
335,13.4,2,2,car,0.6814860701560974,794.7525939941406,388.42369842529297,623.000732421875,230.1020965576172,966.5044555664062,546.7453002929688
336,13.44,1,2,car,0.8850464820861816,580.9440307617188,528.9421081542969,377.1719970703125,343.83831787109375,784.716064453125,714.0458984375
336,13.44,7,2,car,0.8578284978866577,1232.7273559570312,728.5769348144531,960.9676513671875,474.93463134765625,1504.487060546875,982.21923828125
336,13.44,2,2,car,0.6799983382225037,794.6610717773438,388.3582229614258,623.0474243164062,230.1326446533203,966.2747192382812,546.5838012695312
336,13.44,10,0,person,0.5407002568244934,737.9974975585938,56.087117448449135,707.7659912109375,0.2709069550037384,768.22900390625,111.90332794189453
336,13.44,11,0,person,0.4705894887447357,682.0166625976562,50.20125961303711,658.35888671875,0.0,705.6744384765625,100.40251922607422
337,13.48,1,2,car,0.8787901401519775,580.9373931884766,528.8491973876953,376.9900817871094,343.5868835449219,784.8847045898438,714.1115112304688
337,13.48,7,2,car,0.8540714979171753,1226.6155395507812,738.7297973632812,954.524169921875,484.48675537109375,1498.7069091796875,992.9728393554688
337,13.48,2,2,car,0.683347225189209,794.452880859375,388.2644271850586,622.951416015625,230.0968475341797,965.954345703125,546.4320068359375
337,13.48,10,0,person,0.5216021537780762,738.1488647460938,56.44501821696758,706.93359375,0.26998791098594666,769.3641357421875,112.62004852294922
337,13.48,11,0,person,0.3962312936782837,683.0974731445312,52.81835077702999,658.34423828125,0.41066548228263855,707.8507080078125,105.22603607177734
338,13.52,1,2,car,0.8940791487693787,580.8400726318359,528.7496948242188,376.8984680175781,343.51727294921875,784.7816772460938,713.9821166992188
338,13.52,7,2,car,0.8877629637718201,1217.8901062011719,754.9729919433594,940.2986450195312,494.41552734375,1495.4815673828125,1015.5304565429688
338,13.52,2,2,car,0.7016761898994446,794.3570861816406,388.38050079345703,622.9169921875,230.2284698486328,965.7971801757812,546.5325317382812
338,13.52,10,0,person,0.4047636389732361,737.8848876953125,56.43643629178405,705.8926391601562,0.09432338923215866,769.8771362304688,112.77854919433594
339,13.56,1,2,car,0.8985689282417297,580.8110198974609,529.3888092041016,377.0121765136719,344.3402404785156,784.60986328125,714.4373779296875
339,13.56,2,2,car,0.6985228657722473,794.2203674316406,387.81388092041016,622.629638671875,229.45277404785156,965.8110961914062,546.1749877929688
339,13.56,7,2,car,0.6637640595436096,1206.6299133300781,765.2506103515625,925.3882446289062,500.0137939453125,1487.87158203125,1030.4874267578125
340,13.6,1,2,car,0.9008046388626099,580.6194152832031,529.0938568115234,376.6917724609375,343.9612731933594,784.5470581054688,714.2264404296875
340,13.6,7,2,car,0.843510627746582,1196.1796569824219,772.0491790771484,913.5661010742188,504.5802917480469,1478.793212890625,1039.51806640625
340,13.6,2,2,car,0.720862090587616,792.4440307617188,388.2477111816406,620.3970336914062,229.77215576171875,964.4910278320312,546.7232666015625
341,13.64,1,2,car,0.9094318747520447,580.8053894042969,529.5898590087891,376.93890380859375,344.5476379394531,784.671875,714.632080078125
341,13.64,7,2,car,0.8550805449485779,1186.1017761230469,777.6261901855469,899.1222534179688,504.72869873046875,1473.081298828125,1050.523681640625
341,13.64,2,2,car,0.7093824148178101,793.3495178222656,387.7854232788086,621.3461303710938,229.2371063232422,965.3529052734375,546.333740234375
341,13.64,10,0,person,0.4609632194042206,740.9811096191406,55.35406160354614,709.5607299804688,0.5328683853149414,772.4014892578125,110.17525482177734
341,13.64,11,0,person,0.43635648488998413,689.5848083496094,51.67846877127886,665.2008666992188,0.21175779402256012,713.96875,103.14517974853516
342,13.68,1,2,car,0.9007883667945862,580.8099670410156,529.0188293457031,376.98486328125,344.03546142578125,784.6350708007812,714.002197265625
342,13.68,7,2,car,0.8174176216125488,1175.4575805664062,783.8538818359375,881.17138671875,501.9228515625,1469.7437744140625,1065.784912109375
342,13.68,2,2,car,0.7323638200759888,791.83984375,388.1913299560547,619.4842529296875,229.65841674804688,964.1954345703125,546.7242431640625
342,13.68,11,0,person,0.5013967752456665,691.6817016601562,49.97912549972534,667.9598999023438,0.18530941009521484,715.4035034179688,99.77294158935547
342,13.68,10,0,person,0.4820080101490021,742.7916564941406,55.06688356399536,711.9537963867188,1.2077569961547852,773.6295166015625,108.92601013183594
343,13.72,1,2,car,0.9107116460800171,580.6987457275391,529.3397064208984,377.0550842285156,344.5807189941406,784.3424072265625,714.0986938476562
343,13.72,7,2,car,0.8268254995346069,1163.302978515625,791.3780517578125,868.4940185546875,507.8394775390625,1458.1119384765625,1074.9166259765625
343,13.72,2,2,car,0.7155764102935791,793.0377807617188,387.77330780029297,620.5941772460938,229.0055389404297,965.4813842773438,546.5410766601562
343,13.72,10,0,person,0.49150753021240234,742.5960388183594,53.87127786874771,712.0413818359375,1.2185307741165161,773.1506958007812,106.5240249633789
343,13.72,11,0,person,0.415749192237854,692.9125366210938,47.67293880134821,669.9774780273438,0.1730184108018875,715.8475952148438,95.17285919189453
344,13.76,1,2,car,0.9030494689941406,580.4814605712891,529.0759887695312,376.6875305175781,344.205810546875,784.275390625,713.9461669921875
344,13.76,7,2,car,0.8728901743888855,1152.478515625,809.690185546875,872.53369140625,541.9849853515625,1432.42333984375,1077.3953857421875
344,13.76,2,2,car,0.7150996327400208,791.76513671875,388.13446044921875,619.0584106445312,229.3363037109375,964.4718627929688,546.9326171875
344,13.76,11,0,person,0.4505540430545807,693.9409790039062,46.70774229615927,671.0828247070312,0.15068356692790985,716.7991333007812,93.26480102539062
345,13.8,1,2,car,0.8966858983039856,580.3786773681641,528.8711242675781,376.5093688964844,343.94732666015625,784.2479858398438,713.794921875
345,13.8,7,2,car,0.8810559511184692,1140.9262390136719,821.1513061523438,870.1785278320312,564.4906005859375,1411.6739501953125,1077.81201171875
345,13.8,2,2,car,0.7003425359725952,791.0448608398438,388.0294647216797,617.8427124023438,228.92050170898438,964.2470092773438,547.138427734375
345,13.8,11,0,person,0.35328003764152527,695.0111389160156,45.88992551714182,672.091064453125,0.1437273770570755,717.9312133789062,91.63612365722656
346,13.84,1,2,car,0.9030215740203857,580.2985076904297,528.8993835449219,376.4819641113281,344.0689697265625,784.1150512695312,713.7297973632812
346,13.84,7,2,car,0.8893722295761108,1128.4862060546875,828.3522338867188,863.6490478515625,580.212646484375,1393.3233642578125,1076.4918212890625
346,13.84,2,2,car,0.7117849588394165,791.5214538574219,388.52310943603516,618.3367919921875,229.47425842285156,964.7061157226562,547.5719604492188
346,13.84,10,0,person,0.36633896827697754,751.8950805664062,53.95850220322609,721.8324584960938,0.5777633786201477,781.9577026367188,107.33924102783203
347,13.88,7,2,car,0.90284663438797,1116.120849609375,834.9538269042969,853.871826171875,592.4397583007812,1378.369873046875,1077.4678955078125
347,13.88,1,2,car,0.8925661444664001,580.5189666748047,528.8590240478516,376.6241760253906,343.9883728027344,784.4137573242188,713.7296752929688
347,13.88,2,2,car,0.7098998427391052,793.1034851074219,388.2290344238281,620.629150390625,229.73858642578125,965.5778198242188,546.719482421875
347,13.88,10,0,person,0.4769209325313568,754.5329895019531,55.48189955949783,724.6322631835938,0.8543020486831665,784.4337158203125,110.1094970703125
348,13.92,1,2,car,0.9080685973167419,580.6446075439453,529.1536407470703,376.9654846191406,344.5788269042969,784.32373046875,713.7284545898438
348,13.92,7,2,car,0.8906586766242981,1105.421142578125,838.551513671875,843.4154052734375,599.5113525390625,1367.4268798828125,1077.5916748046875
348,13.92,2,2,car,0.7188386917114258,793.6353454589844,388.1471710205078,621.5635375976562,229.92318725585938,965.7071533203125,546.3711547851562
349,13.96,1,2,car,0.9046538472175598,580.7560119628906,529.1580047607422,377.18475341796875,344.7861633300781,784.3272705078125,713.5298461914062
349,13.96,7,2,car,0.8825142979621887,1092.8157348632812,843.9707336425781,833.0028076171875,611.0654907226562,1352.628662109375,1076.8759765625
349,13.96,2,2,car,0.7182334065437317,793.8311767578125,388.0963897705078,621.974853515625,229.98068237304688,965.6875,546.2120971679688
349,13.96,10,0,person,0.40766748785972595,755.9253234863281,54.19971735775471,726.85986328125,0.20519796013832092,784.9907836914062,108.1942367553711
350,14.0,1,2,car,0.9017801880836487,580.7735443115234,529.0004272460938,377.1822204589844,344.70794677734375,784.3648681640625,713.2929077148438
350,14.0,7,2,car,0.8524065613746643,1079.68701171875,847.7842712402344,819.1925048828125,618.4087524414062,1340.1815185546875,1077.1597900390625
350,14.0,2,2,car,0.7126012444496155,793.9735412597656,388.14737701416016,622.2131958007812,230.0204620361328,965.73388671875,546.2742919921875
350,14.0,10,0,person,0.48338013887405396,757.5914611816406,53.64553141966462,729.0665283203125,0.09101248532533646,786.1163940429688,107.2000503540039
351,14.04,1,2,car,0.899154782295227,580.6690979003906,528.9267730712891,377.03265380859375,344.6763610839844,784.3055419921875,713.1771850585938
351,14.04,7,2,car,0.7882524728775024,1069.1355285644531,854.2634582519531,812.7332153320312,633.1755981445312,1325.537841796875,1075.351318359375
351,14.04,2,2,car,0.707103967666626,794.0267639160156,388.14795684814453,622.2953491210938,229.95155334472656,965.7581787109375,546.3443603515625
351,14.04,10,0,person,0.5648162364959717,758.6814270019531,53.848072370514274,730.2214965820312,0.04981295391917229,787.141357421875,107.64633178710938
352,14.08,1,2,car,0.9014094471931458,580.7273406982422,528.4513702392578,376.5638732910156,343.7304992675781,784.8908081054688,713.1722412109375
352,14.08,7,2,car,0.7873005867004395,1057.1199645996094,864.1099548339844,805.1466674804688,651.8685913085938,1309.09326171875,1076.351318359375
352,14.08,2,2,car,0.7159822583198547,793.9721984863281,388.0796890258789,622.5038452148438,230.06214904785156,965.4405517578125,546.0972290039062
352,14.08,10,0,person,0.578772783279419,758.3912353515625,53.986403837800026,730.1390991210938,0.4291827976703644,786.6433715820312,107.54362487792969
353,14.12,1,2,car,0.9084510803222656,580.5992126464844,528.4536895751953,376.1507568359375,343.5016784667969,785.0476684570312,713.4057006835938
353,14.12,7,2,car,0.8233794569969177,1045.8279113769531,870.115234375,795.3405151367188,664.6668701171875,1296.3153076171875,1075.5635986328125
353,14.12,2,2,car,0.7204070687294006,793.8575744628906,388.0777130126953,622.5153198242188,230.12301635742188,965.1998291015625,546.0324096679688
353,14.12,10,0,person,0.6953797340393066,759.8499755859375,53.8854338824749,731.8309326171875,0.6327223181724548,787.8690185546875,107.13814544677734
354,14.16,1,2,car,0.896605908870697,580.5688934326172,528.4473419189453,375.6263122558594,343.0277404785156,785.511474609375,713.866943359375
354,14.16,7,2,car,0.8067002296447754,1032.43603515625,877.8019409179688,784.18701171875,679.761474609375,1280.68505859375,1075.8424072265625
354,14.16,2,2,car,0.7073275446891785,793.8163452148438,388.0451965332031,622.6297607421875,230.19287109375,965.0029296875,545.8975219726562
354,14.16,10,0,person,0.5767530202865601,760.6466674804688,54.039009511470795,732.92822265625,1.399392008781433,788.3651123046875,106.67862701416016
355,14.2,1,2,car,0.901058554649353,580.4902496337891,528.4315948486328,375.0835266113281,342.5304870605469,785.89697265625,714.3327026367188
355,14.2,7,2,car,0.7205973863601685,1020.6520690917969,880.1449279785156,768.6912231445312,683.8235473632812,1272.6129150390625,1076.46630859375
355,14.2,2,2,car,0.7068281769752502,793.7327575683594,388.0547332763672,622.626953125,230.24508666992188,964.8385620117188,545.8643798828125
355,14.2,10,0,person,0.44758644700050354,760.7511901855469,52.13862895965576,734.3502197265625,2.121885299682617,787.1521606445312,102.1553726196289
356,14.24,1,2,car,0.9007567763328552,580.5529327392578,528.7293243408203,374.8293151855469,342.4627990722656,786.2765502929688,714.995849609375
356,14.24,7,2,car,0.731155514717102,1009.0476379394531,890.477294921875,762.8071899414062,704.1458740234375,1255.2880859375,1076.8087158203125
356,14.24,2,2,car,0.7012719511985779,793.7225341796875,388.03197479248047,622.71923828125,230.2994842529297,964.725830078125,545.7644653320312
356,14.24,10,0,person,0.5261271595954895,762.0764465332031,51.14175248146057,736.0801391601562,2.2319912910461426,788.07275390625,100.051513671875
356,14.24,11,0,person,0.37885770201683044,704.6826171875,46.23908919095993,682.396484375,1.4960769414901733,726.96875,90.98210144042969
357,14.28,1,2,car,0.8976058959960938,580.6739959716797,528.9297485351562,374.9673767089844,342.60009765625,786.380615234375,715.2593994140625
357,14.28,7,2,car,0.702843427658081,996.2838745117188,900.1231079101562,754.6778564453125,723.3680419921875,1237.889892578125,1076.878173828125
357,14.28,2,2,car,0.7010990977287292,793.657958984375,387.9989318847656,622.7655029296875,230.3465576171875,964.5504150390625,545.6513061523438
357,14.28,10,0,person,0.5386815667152405,763.7861938476562,50.275861740112305,738.0263061523438,2.0061683654785156,789.5460815429688,98.5455551147461
358,14.32,1,2,car,0.9032326340675354,580.7711639404297,529.2042236328125,374.9678039550781,342.705078125,786.5745239257812,715.703369140625
358,14.32,7,2,car,0.7278791069984436,986.3060302734375,906.6671752929688,749.6966552734375,739.9842529296875,1222.9154052734375,1073.35009765625
358,14.32,2,2,car,0.7075533270835876,793.5972290039062,387.99517822265625,622.7510375976562,230.3577880859375,964.4434204101562,545.632568359375
358,14.32,10,0,person,0.5771472454071045,766.6648864746094,51.3926477432251,740.6903076171875,2.8533802032470703,792.6394653320312,99.93191528320312
359,14.36,1,2,car,0.8986808657646179,580.7133483886719,529.2534332275391,375.0794677734375,342.8355407714844,786.3472290039062,715.6713256835938
359,14.36,2,2,car,0.7095671892166138,793.5451354980469,387.93534088134766,622.7803344726562,230.35206604003906,964.3099365234375,545.5186157226562
359,14.36,7,2,car,0.5854953527450562,976.4877319335938,913.8775939941406,744.049560546875,755.6467895507812,1208.9259033203125,1072.1083984375
359,14.36,10,0,person,0.4970759451389313,769.6694946289062,51.87311828136444,743.3088989257812,3.0542733669281006,796.0300903320312,100.69196319580078
360,14.4,1,2,car,0.8971586227416992,580.6726531982422,529.4966430664062,374.7286071777344,342.63653564453125,786.61669921875,716.3567504882812
360,14.4,7,2,car,0.767713725566864,955.6336364746094,920.6893310546875,724.8692016601562,769.8658447265625,1186.3980712890625,1071.5128173828125
360,14.4,2,2,car,0.707525908946991,793.5150756835938,387.94757080078125,622.826171875,230.41937255859375,964.2039794921875,545.4757690429688
360,14.4,10,0,person,0.36547979712486267,768.8495178222656,50.67008435726166,742.5328369140625,2.4872405529022217,795.1661987304688,98.8529281616211
361,14.44,1,2,car,0.8964850902557373,580.53076171875,529.5828247070312,374.61651611328125,342.597900390625,786.4450073242188,716.5677490234375
361,14.44,7,2,car,0.7102781534194946,939.9363708496094,928.5953063964844,709.6325073242188,784.5982055664062,1170.240234375,1072.5924072265625
361,14.44,2,2,car,0.7043972611427307,793.6259765625,387.86341094970703,623.1176147460938,230.5111846923828,964.1343383789062,545.2156372070312
362,14.48,1,2,car,0.8974848985671997,580.4652709960938,529.7192230224609,374.6380615234375,342.6917419433594,786.29248046875,716.7467041015625
362,14.48,2,2,car,0.700240433216095,793.6948547363281,387.8243865966797,623.2682495117188,230.56076049804688,964.1214599609375,545.0880126953125
362,14.48,7,2,car,0.37573790550231934,923.2235717773438,937.1728515625,693.88720703125,799.925048828125,1152.5599365234375,1074.420654296875
363,14.52,1,2,car,0.8923308849334717,580.3089752197266,529.7773742675781,374.5625305175781,342.69696044921875,786.055419921875,716.8577880859375
363,14.52,2,2,car,0.6951955556869507,793.7688598632812,387.8502960205078,623.272705078125,230.52645874023438,964.2650146484375,545.1741333007812
363,14.52,11,0,person,0.40444818139076233,720.5908813476562,45.359395772218704,698.0340576171875,0.49154239892959595,743.147705078125,90.22724914550781
363,14.52,10,0,person,0.3921617865562439,772.6637573242188,49.45297813415527,745.9278564453125,1.9209175109863281,799.399658203125,96.98503875732422
364,14.56,1,2,car,0.9006302356719971,580.3894653320312,529.5227813720703,375.01763916015625,342.7336120605469,785.7612915039062,716.3119506835938
364,14.56,2,2,car,0.7059465646743774,793.77685546875,387.8681182861328,623.2762451171875,230.54763793945312,964.2774658203125,545.1885986328125
364,14.56,7,2,car,0.4656408727169037,920.7837829589844,950.9596252441406,704.1757202148438,826.2304077148438,1137.391845703125,1075.6888427734375
364,14.56,11,0,person,0.44010382890701294,721.9597473144531,44.21471466869116,699.6726684570312,0.2417462319135666,744.246826171875,88.18768310546875
364,14.56,10,0,person,0.36649343371391296,773.2640380859375,49.387806832790375,745.7447509765625,1.7344683408737183,800.7833251953125,97.04114532470703
365,14.6,1,2,car,0.8973132967948914,580.3002166748047,529.4700317382812,375.1576843261719,342.85443115234375,785.4427490234375,716.0856323242188
365,14.6,2,2,car,0.7062972784042358,793.7524108886719,387.91285705566406,623.2078857421875,230.55648803710938,964.2969360351562,545.2692260742188
365,14.6,11,0,person,0.3968583941459656,723.1983032226562,44.04180899262428,700.86474609375,0.2825010418891907,745.5318603515625,87.80111694335938
366,14.64,1,2,car,0.8981194496154785,580.1132202148438,529.4851989746094,374.9666748046875,342.8123779296875,785.259765625,716.1580200195312
366,14.64,2,2,car,0.71338951587677,793.7618103027344,387.8457336425781,623.3148803710938,230.5963134765625,964.208740234375,545.0951538085938
366,14.64,7,2,car,0.5130268931388855,902.3735656738281,969.7975463867188,705.8010864257812,862.9130859375,1098.946044921875,1076.6820068359375
366,14.64,11,0,person,0.4407820999622345,724.2078247070312,45.584141969680786,701.1587524414062,0.36779260635375977,747.2568969726562,90.80049133300781
367,14.68,1,2,car,0.8926246762275696,580.1597747802734,529.4310607910156,374.9113464355469,342.60894775390625,785.408203125,716.253173828125
367,14.68,2,2,car,0.7069091796875,793.7549438476562,387.8997573852539,623.2545776367188,230.60316467285156,964.2553100585938,545.1963500976562
367,14.68,7,2,car,0.6242828369140625,890.3252868652344,978.9039916992188,701.0405883789062,882.310302734375,1079.6099853515625,1075.4976806640625
367,14.68,11,0,person,0.460668683052063,725.199462890625,45.89550729840994,702.0048828125,0.20488636195659637,748.39404296875,91.58612823486328
368,14.72,1,2,car,0.8878521919250488,580.0065612792969,529.3648986816406,374.84088134765625,342.5787353515625,785.1722412109375,716.1510620117188
368,14.72,2,2,car,0.7099432349205017,793.7289733886719,387.8531188964844,623.3368530273438,230.6715087890625,964.12109375,545.0347290039062
369,14.76,1,2,car,0.8889214992523193,579.9923706054688,529.3084869384766,374.910888671875,342.5754699707031,785.0738525390625,716.04150390625
369,14.76,2,2,car,0.702628493309021,793.7349548339844,387.9047317504883,623.297607421875,230.6837921142578,964.1723022460938,545.1256713867188
370,14.8,1,2,car,0.886408805847168,579.9974365234375,529.24658203125,375.0106201171875,342.5794677734375,784.9842529296875,715.9136962890625
370,14.8,2,2,car,0.7076314687728882,793.7320556640625,387.9007034301758,623.2330932617188,230.62782287597656,964.2310180664062,545.173583984375
370,14.8,10,0,person,0.4738132059574127,779.2847900390625,47.11140394769609,751.6365356445312,0.00864316150546074,806.9330444335938,94.21416473388672
370,14.8,7,2,car,0.3766804337501526,859.4884948730469,1007.3827819824219,703.0679321289062,935.7792358398438,1015.9090576171875,1078.986328125
371,14.84,1,2,car,0.8919949531555176,580.0003051757812,529.2533416748047,375.05963134765625,342.6147155761719,784.9409790039062,715.8919677734375
371,14.84,2,2,car,0.7080296874046326,793.7496337890625,387.89774322509766,623.1961059570312,230.5788116455078,964.3031616210938,545.2166748046875
371,14.84,10,0,person,0.5331664681434631,780.4426574707031,46.64824295043945,752.518310546875,0.0,808.3670043945312,93.2964859008789
371,14.84,11,0,person,0.42937517166137695,727.5228271484375,44.3355937898159,705.3258056640625,0.6757270693778992,749.7198486328125,87.9954605102539
372,14.88,1,2,car,0.894663393497467,580.2050170898438,529.2718658447266,375.34552001953125,342.7154235839844,785.0645141601562,715.8283081054688
372,14.88,2,2,car,0.7118880152702332,793.7393798828125,387.8829803466797,623.2055053710938,230.58724975585938,964.2732543945312,545.1787109375
372,14.88,10,0,person,0.4583720266819,780.525390625,46.70975875854492,752.2763671875,0.0,808.7744140625,93.41951751708984
373,14.92,1,2,car,0.8927387595176697,580.3663482666016,529.2884368896484,375.5570373535156,342.7894592285156,785.1756591796875,715.7874145507812
373,14.92,2,2,car,0.7024763822555542,793.8364868164062,387.8911819458008,623.2027587890625,230.50660705566406,964.47021484375,545.2757568359375
373,14.92,10,0,person,0.5463809370994568,781.5970764160156,46.72791360318661,753.555908203125,0.4059157073497772,809.6382446289062,93.04991149902344
373,14.92,11,0,person,0.4998597204685211,727.8562316894531,43.52408391237259,705.9067993164062,0.770236611366272,749.8056640625,86.2779312133789
374,14.96,1,2,car,0.8975404500961304,580.2712860107422,529.2206420898438,375.4675598144531,342.7392578125,785.0750122070312,715.7020263671875
374,14.96,2,2,car,0.7058200836181641,793.8896179199219,387.8660125732422,623.2487182617188,230.48422241210938,964.530517578125,545.247802734375
374,14.96,11,0,person,0.5540569424629211,728.3255920410156,43.12417849898338,706.3450927734375,0.6386081576347351,750.3060913085938,85.60974884033203
374,14.96,10,0,person,0.438934326171875,784.6763916015625,46.92438496649265,756.9259033203125,0.48760202527046204,812.4268798828125,93.36116790771484
375,15.0,1,2,car,0.8991228938102722,580.1674194335938,529.1773834228516,375.39453125,342.7312927246094,784.9403076171875,715.6234741210938
375,15.0,2,2,car,0.7088741064071655,793.8992004394531,387.87611389160156,623.312744140625,230.55892944335938,964.4856567382812,545.1932983398438
375,15.0,11,0,person,0.4178885519504547,728.6192932128906,42.695889592170715,706.6331176757812,0.17358613014221191,750.60546875,85.21819305419922
376,15.04,1,2,car,0.9006441831588745,580.1410827636719,529.1495666503906,375.4190673828125,342.7613525390625,784.8630981445312,715.5377807617188
376,15.04,2,2,car,0.7130042314529419,793.8556823730469,387.8654556274414,623.2951049804688,230.58412170410156,964.416259765625,545.1467895507812
376,15.04,11,0,person,0.48082447052001953,729.2904357910156,43.05606569512747,706.967529296875,0.005693707149475813,751.6133422851562,86.10643768310547
377,15.08,1,2,car,0.9018760323524475,580.0943908691406,529.1498718261719,375.41778564453125,342.81634521484375,784.77099609375,715.4833984375
377,15.08,2,2,car,0.7108079195022583,793.8445434570312,387.87378692626953,623.2743530273438,230.59608459472656,964.4147338867188,545.1514892578125
377,15.08,10,0,person,0.39587703347206116,791.3441162109375,45.597110748291016,764.9454956054688,0.0,817.7427368164062,91.19422149658203
377,15.08,11,0,person,0.3755228519439697,729.8738098144531,43.30839157104492,707.3749389648438,0.0,752.3726806640625,86.61678314208984
378,15.12,1,2,car,0.9014683961868286,580.0836486816406,529.1468963623047,375.4039306640625,342.8183288574219,784.7633666992188,715.4754638671875
378,15.12,2,2,car,0.7091837525367737,793.822265625,387.8671875,623.2664184570312,230.61285400390625,964.3781127929688,545.1215209960938
379,15.16,1,2,car,0.900464653968811,580.1002044677734,529.1661682128906,375.4184875488281,342.84228515625,784.7819213867188,715.4900512695312
379,15.16,2,2,car,0.7111136317253113,793.778076171875,387.82689666748047,623.200927734375,230.5582733154297,964.355224609375,545.0955200195312
379,15.16,10,0,person,0.41030532121658325,796.2149353027344,45.91671371459961,770.5547485351562,0.0,821.8751220703125,91.83342742919922
380,15.2,1,2,car,0.8995583057403564,580.1227722167969,529.1913909912109,375.4444580078125,342.8785705566406,784.8010864257812,715.5042114257812
380,15.2,2,2,car,0.7101909518241882,793.7730102539062,387.8047103881836,623.1400756835938,230.4912567138672,964.4059448242188,545.1181640625
380,15.2,10,0,person,0.5957272052764893,798.0534973144531,45.97516188211739,773.1376953125,0.046133700758218765,822.9692993164062,91.90419006347656
380,15.2,11,0,person,0.5009794235229492,733.9332885742188,42.465143486857414,711.4404296875,0.31457194685935974,756.4261474609375,84.61571502685547
381,15.24,1,2,car,0.900184154510498,580.1309814453125,529.1900329589844,375.44732666015625,342.880126953125,784.8146362304688,715.4999389648438
381,15.24,2,2,car,0.7120876908302307,793.736572265625,387.7772903442383,623.0946655273438,230.4618682861328,964.3784790039062,545.0927124023438
381,15.24,10,0,person,0.6373753547668457,799.7368469238281,45.74839782714844,775.7459716796875,0.0,823.7277221679688,91.49679565429688
381,15.24,11,0,person,0.5043588876724243,735.0433654785156,42.19496822357178,712.1229858398438,0.17955589294433594,757.9637451171875,84.21038055419922
382,15.28,1,2,car,0.8993663191795349,580.1399536132812,529.18212890625,375.42767333984375,342.849365234375,784.8522338867188,715.514892578125
382,15.28,2,2,car,0.7104101777076721,793.7406921386719,387.77967834472656,623.1070556640625,230.47689819335938,964.3743286132812,545.0824584960938
382,15.28,10,0,person,0.6300409436225891,801.6047058105469,45.72492779791355,778.3265991210938,0.2127416431903839,824.8828125,91.23711395263672
382,15.28,11,0,person,0.3886299133300781,735.4821472167969,41.69163655489683,712.42822265625,0.046992287039756775,758.5360717773438,83.3362808227539
383,15.32,1,2,car,0.8992500305175781,580.1499633789062,529.1930389404297,375.42962646484375,342.8556213378906,784.8703002929688,715.5304565429688
383,15.32,2,2,car,0.7120183110237122,793.7424926757812,387.7871780395508,623.13916015625,230.5182647705078,964.3458251953125,545.0560913085938
383,15.32,10,0,person,0.5278857946395874,803.1295166015625,44.15844710357487,780.8731689453125,0.026099834591150284,825.3858642578125,88.2907943725586
384,15.36,1,2,car,0.8966655135154724,580.5438385009766,529.8027801513672,376.2725524902344,343.9685363769531,784.8151245117188,715.6370239257812
384,15.36,2,2,car,0.7103304862976074,793.1694641113281,389.09132385253906,622.3746337890625,231.88754272460938,963.9642944335938,546.2951049804688
384,15.36,10,0,person,0.5771256685256958,804.1891479492188,42.83379364013672,782.7177124023438,0.0,825.6605834960938,85.66758728027344
385,15.4,1,2,car,0.8954738974571228,580.6914367675781,530.0661468505859,376.565185546875,344.4549255371094,784.8176879882812,715.6773681640625
385,15.4,2,2,car,0.7078760266304016,792.9781494140625,389.65650939941406,622.0332641601562,232.54202270507812,963.9230346679688,546.77099609375
385,15.4,10,0,person,0.41872352361679077,805.7314758300781,41.77402877807617,784.7547607421875,0.0,826.7081909179688,83.54805755615234
386,15.44,1,2,car,0.8948987126350403,580.7464447021484,530.1520843505859,376.5996398925781,344.6028747558594,784.8932495117188,715.7012939453125
386,15.44,2,2,car,0.705423891544342,792.651123046875,389.9292755126953,621.5509643554688,232.91244506835938,963.7512817382812,546.9461059570312
387,15.48,1,2,car,0.8946108222007751,580.7449798583984,530.0993957519531,376.4762878417969,344.50213623046875,785.013671875,715.6966552734375
387,15.48,2,2,car,0.7084980010986328,792.7894897460938,389.9612121582031,621.4912719726562,232.93719482421875,964.0877075195312,546.9852294921875
388,15.52,1,2,car,0.895875871181488,580.7486114501953,530.1579132080078,376.4687805175781,344.6201477050781,785.0284423828125,715.6956787109375
388,15.52,2,2,car,0.7088943719863892,792.8157653808594,389.94530487060547,621.3119506835938,232.8968963623047,964.319580078125,546.9937133789062
389,15.56,1,2,car,0.8958450555801392,580.7389068603516,530.1351776123047,376.3811340332031,344.5857238769531,785.0966796875,715.6846313476562
389,15.56,2,2,car,0.7120912671089172,792.7289123535156,389.87731170654297,620.937255859375,232.6992645263672,964.5205688476562,547.0553588867188
389,15.56,10,0,person,0.36843088269233704,810.8725280761719,43.49345137178898,788.6957397460938,0.04345181584358215,833.04931640625,86.94345092773438
390,15.6,1,2,car,0.8961088061332703,580.7268981933594,530.0810699462891,376.26458740234375,344.4847106933594,785.189208984375,715.6774291992188
390,15.6,2,2,car,0.7140485644340515,792.6517944335938,389.7919235229492,620.6085815429688,232.49900817871094,964.6950073242188,547.0848388671875
391,15.64,1,2,car,0.8965691924095154,580.705810546875,530.0697631835938,376.180419921875,344.46173095703125,785.231201171875,715.6777954101562
391,15.64,2,2,car,0.7151653170585632,792.6171264648438,389.77162170410156,620.4326782226562,232.46231079101562,964.8015747070312,547.0809326171875
392,15.68,1,2,car,0.8958299160003662,580.6968078613281,530.0705718994141,376.1258544921875,344.4612731933594,785.2677612304688,715.6798706054688
392,15.68,2,2,car,0.7089951634407043,792.6711730957031,389.7939147949219,620.4149169921875,232.5142822265625,964.9274291992188,547.0735473632812
393,15.72,1,2,car,0.896493673324585,580.6892547607422,530.0801391601562,376.1263122558594,344.5198974609375,785.252197265625,715.640380859375
393,15.72,2,2,car,0.7100394368171692,792.6595153808594,389.8551330566406,620.396240234375,232.67364501953125,964.9227905273438,547.03662109375
394,15.76,1,2,car,0.8944766521453857,580.6812286376953,530.0706329345703,376.0826721191406,344.5151062011719,785.27978515625,715.6261596679688
394,15.76,2,2,car,0.7077934741973877,792.7752075195312,389.8702621459961,620.5043334960938,232.7721405029297,965.0460815429688,546.9683837890625
395,15.8,1,2,car,0.8924747705459595,580.6833801269531,530.0595703125,376.04522705078125,344.50006103515625,785.321533203125,715.6190795898438
395,15.8,2,2,car,0.7004895806312561,792.8471069335938,389.78182220458984,620.4417724609375,232.63511657714844,965.25244140625,546.9285278320312
396,15.84,1,2,car,0.8926413655281067,580.7136993408203,530.062255859375,376.0867614746094,344.546630859375,785.3406372070312,715.577880859375
396,15.84,2,2,car,0.6991750001907349,792.4737548828125,389.76195526123047,619.9320068359375,232.60350036621094,965.0155029296875,546.92041015625
397,15.88,1,2,car,0.8931738138198853,580.7722320556641,530.0025634765625,376.1012878417969,344.48382568359375,785.4431762695312,715.5213012695312
397,15.88,2,2,car,0.7034279108047485,792.1551208496094,389.7027053833008,619.3897094726562,232.44093322753906,964.9205322265625,546.9644775390625
397,15.88,11,0,person,0.5213117003440857,745.9837951660156,35.76495361328125,726.2327880859375,0.0,765.7348022460938,71.5299072265625
398,15.92,1,2,car,0.8932021260261536,580.7945556640625,529.8153381347656,375.94622802734375,344.14886474609375,785.6428833007812,715.4818115234375
398,15.92,2,2,car,0.7096970677375793,792.1290283203125,389.7579803466797,619.28173828125,232.51278686523438,964.976318359375,547.003173828125
399,15.96,1,2,car,0.8923745155334473,580.7740936279297,529.6946258544922,375.7964782714844,343.9080505371094,785.751708984375,715.481201171875
399,15.96,2,2,car,0.7100141048431396,792.2314453125,389.79148864746094,619.3432006835938,232.58004760742188,965.1196899414062,547.0029296875
400,16.0,1,2,car,0.8926499485969543,580.6906585693359,529.6077880859375,375.7763977050781,343.8814697265625,785.6049194335938,715.3341064453125
400,16.0,2,2,car,0.6956377625465393,792.0285949707031,389.7357864379883,618.9677734375,232.44715881347656,965.0894165039062,547.0244140625
400,16.0,11,0,person,0.3763963282108307,747.6645812988281,34.45125198364258,728.563720703125,0.0,766.7654418945312,68.90250396728516
401,16.04,1,2,car,0.8902959823608398,580.7884826660156,530.0113677978516,376.0806884765625,344.4556579589844,785.4962768554688,715.5670776367188
401,16.04,2,2,car,0.6528533697128296,791.3042602539062,389.19598388671875,617.3840942382812,231.28033447265625,965.2244262695312,547.1116333007812
402,16.08,1,2,car,0.8909847736358643,580.7637176513672,530.1936950683594,376.1346740722656,344.69891357421875,785.3927612304688,715.6884765625
402,16.08,2,2,car,0.6542580127716064,790.9638366699219,389.00408935546875,616.639404296875,230.8519287109375,965.2882690429688,547.15625
403,16.12,1,2,car,0.8917027711868286,580.7697448730469,530.2496032714844,376.17828369140625,344.77581787109375,785.3612060546875,715.723388671875
403,16.12,2,2,car,0.658722460269928,790.8430480957031,388.92855072021484,616.2667846679688,230.66856384277344,965.4193115234375,547.1885375976562
404,16.16,1,2,car,0.8896299600601196,580.7794647216797,530.2854309082031,376.2916564941406,344.886474609375,785.2672729492188,715.6843872070312
404,16.16,2,2,car,0.6528866291046143,790.8051452636719,388.9257278442383,616.0905151367188,230.6538848876953,965.519775390625,547.1975708007812
405,16.2,1,2,car,0.8922722935676575,580.8108215332031,530.2792816162109,376.37469482421875,344.9094543457031,785.2469482421875,715.6491088867188
405,16.2,2,2,car,0.6640549898147583,790.6918029785156,388.9565963745117,615.96142578125,230.82383728027344,965.4221801757812,547.08935546875
406,16.24,1,2,car,0.8918235301971436,580.8236389160156,530.2202606201172,376.3531494140625,344.7959899902344,785.2941284179688,715.64453125
406,16.24,2,2,car,0.6627001166343689,790.852783203125,388.96160888671875,616.0615844726562,230.87469482421875,965.6439819335938,547.0485229492188
407,16.28,1,2,car,0.8925195932388306,580.8314666748047,530.1816864013672,376.3761901855469,344.7527160644531,785.2867431640625,715.6106567382812
407,16.28,2,2,car,0.6730135083198547,790.9517211914062,388.95953369140625,616.0708618164062,230.8895263671875,965.8325805664062,547.029541015625
408,16.32,1,2,car,0.892443060874939,580.8104095458984,530.1795501708984,376.3783874511719,344.7587585449219,785.242431640625,715.600341796875
408,16.32,2,2,car,0.668620228767395,790.9774169921875,388.94383239746094,616.00439453125,230.87881469726562,965.950439453125,547.0088500976562
409,16.36,1,2,car,0.8931406140327454,580.7911987304688,530.1481170654297,376.380126953125,344.7361145019531,785.2022705078125,715.5601196289062
409,16.36,2,2,car,0.6689292192459106,791.0450439453125,388.96241760253906,615.9453125,230.86886596679688,966.144775390625,547.0559692382812
410,16.4,1,2,car,0.894500732421875,580.7882537841797,530.1468048095703,376.4019470214844,344.7505798339844,785.174560546875,715.5430297851562
410,16.4,2,2,car,0.6700831055641174,791.0487670898438,388.9898223876953,615.8779907226562,230.90646362304688,966.2195434570312,547.0731811523438
411,16.44,1,2,car,0.8948506116867065,580.7483367919922,530.1679534912109,376.3797912597656,344.7884216308594,785.1168823242188,715.5474853515625
411,16.44,2,2,car,0.6677765846252441,791.1058654785156,388.9995880126953,615.8931274414062,230.94625854492188,966.318603515625,547.0529174804688
412,16.48,1,2,car,0.8944178223609924,580.7304382324219,530.1511840820312,376.33673095703125,344.75311279296875,785.1241455078125,715.5492553710938
412,16.48,2,2,car,0.6692981123924255,791.0435180664062,388.9677276611328,615.7926635742188,230.94149780273438,966.2943725585938,546.9939575195312
413,16.52,1,2,car,0.8942384719848633,580.7528991699219,530.2199554443359,376.40570068359375,344.8742980957031,785.10009765625,715.5656127929688
413,16.52,2,2,car,0.6694467067718506,791.1004333496094,388.9800567626953,615.7918701171875,230.96548461914062,966.4089965820312,546.99462890625
414,16.56,1,2,car,0.894500732421875,580.7628784179688,530.2550048828125,376.4344482421875,344.93719482421875,785.09130859375,715.5728149414062
414,16.56,2,2,car,0.6643491387367249,791.13427734375,388.97801208496094,615.7793579101562,230.97970581054688,966.4891967773438,546.976318359375
415,16.6,1,2,car,0.8946775794029236,580.7669219970703,530.2725830078125,376.4379577636719,344.96417236328125,785.0958862304688,715.5809936523438
415,16.6,2,2,car,0.6652011871337891,791.1418151855469,388.9785919189453,615.7359008789062,230.98696899414062,966.5477294921875,546.97021484375
416,16.64,1,2,car,0.8919841647148132,580.7725219726562,530.257080078125,376.386962890625,344.89703369140625,785.1580810546875,715.6171264648438
416,16.64,2,2,car,0.6614559888839722,791.1598815917969,388.95264434814453,615.7232055664062,230.9717559814453,966.5965576171875,546.9335327148438
417,16.68,1,2,car,0.89402174949646,580.7882385253906,530.2418212890625,376.41064453125,344.8909912109375,785.1658325195312,715.5926513671875
417,16.68,2,2,car,0.6570561528205872,791.1857604980469,388.929931640625,615.7132568359375,230.955322265625,966.6582641601562,546.904541015625
418,16.72,1,2,car,0.893963634967804,580.7962799072266,530.2189788818359,376.4124450683594,344.8632507324219,785.1801147460938,715.57470703125
418,16.72,2,2,car,0.6574415564537048,791.218505859375,388.9249725341797,615.711181640625,230.95358276367188,966.725830078125,546.8963623046875
419,16.76,1,2,car,0.8940016627311707,580.7974700927734,530.2161254882812,376.4211730957031,344.869384765625,785.1737670898438,715.5628662109375
419,16.76,2,2,car,0.6574445962905884,791.2122802734375,388.92491912841797,615.6747436523438,230.95616149902344,966.7498168945312,546.8936767578125
420,16.8,1,2,car,0.893789529800415,580.7996520996094,530.2090454101562,376.42431640625,344.8641357421875,785.1749877929688,715.553955078125
420,16.8,2,2,car,0.6553702354431152,791.2323608398438,388.9211120605469,615.64794921875,230.9371337890625,966.8167724609375,546.9050903320312
421,16.84,1,2,car,0.8953002691268921,580.7994995117188,530.2200164794922,376.42181396484375,344.8776550292969,785.1771850585938,715.5623779296875
421,16.84,2,2,car,0.652881383895874,791.2173156738281,388.92574310302734,615.650634765625,230.99803161621094,966.7839965820312,546.8534545898438
422,16.88,1,2,car,0.8956535458564758,580.8086853027344,530.2311859130859,376.428955078125,344.8915710449219,785.1884155273438,715.57080078125
422,16.88,2,2,car,0.652961790561676,791.1925048828125,388.9317398071289,615.621337890625,231.03504943847656,966.763671875,546.8284301757812
423,16.92,1,2,car,0.8955516219139099,580.8117218017578,530.2325897216797,376.4290466308594,344.8948059082031,785.1943969726562,715.5703735351562
423,16.92,2,2,car,0.6516357064247131,791.1466369628906,388.94219970703125,615.55517578125,231.05511474609375,966.7380981445312,546.8292846679688
424,16.96,1,2,car,0.8958864808082581,580.8114776611328,530.2149505615234,376.4558410644531,344.9106750488281,785.1671142578125,715.5192260742188
424,16.96,2,2,car,0.6502966284751892,791.1950988769531,388.97212982177734,615.6076049804688,231.1366424560547,966.7825927734375,546.8076171875
425,17.0,1,2,car,0.8950666189193726,580.7881164550781,530.0238800048828,376.224853515625,344.5132141113281,785.3513793945312,715.5345458984375
425,17.0,2,2,car,0.6565784811973572,791.6011657714844,389.03382110595703,616.0801391601562,231.20753479003906,967.1221923828125,546.860107421875
426,17.04,1,2,car,0.8942949175834656,580.7762908935547,529.9601440429688,376.1687316894531,344.405517578125,785.3838500976562,715.5147705078125
426,17.04,2,2,car,0.6620290875434875,791.6021423339844,389.06298828125,616.1239624023438,231.2283935546875,967.080322265625,546.8975830078125
427,17.08,1,2,car,0.8949821591377258,580.7447967529297,529.8662719726562,376.0350036621094,344.202392578125,785.45458984375,715.5301513671875
427,17.08,2,2,car,0.6638516187667847,791.5956420898438,389.11724853515625,616.098876953125,231.2147216796875,967.0924072265625,547.019775390625
428,17.12,1,2,car,0.8967901468276978,580.7213897705078,529.78076171875,375.9360046386719,344.0196533203125,785.5067749023438,715.5418701171875
428,17.12,2,2,car,0.6744515895843506,791.6607971191406,389.05096435546875,616.1209106445312,231.03875732421875,967.20068359375,547.0631713867188
429,17.16,1,2,car,0.8992317914962769,580.6909332275391,529.7902069091797,375.9182434082031,344.0145568847656,785.463623046875,715.5658569335938
429,17.16,2,2,car,0.6656888723373413,791.74951171875,389.2438507080078,616.1143188476562,231.05477905273438,967.3847045898438,547.4329223632812
430,17.2,1,2,car,0.898942232131958,580.7018127441406,529.7712554931641,375.929931640625,343.9709777832031,785.4736938476562,715.571533203125
430,17.2,2,2,car,0.6623826026916504,791.7178955078125,389.3011169433594,616.09814453125,231.0445556640625,967.337646484375,547.5576782226562
431,17.24,1,2,car,0.8996116518974304,580.7203521728516,529.8318023681641,375.9957580566406,344.0553894042969,785.4449462890625,715.6082153320312
431,17.24,2,2,car,0.66728276014328,791.6500854492188,389.31077575683594,616.0619506835938,231.00485229492188,967.2382202148438,547.61669921875
432,17.28,1,2,car,0.8966742157936096,580.7734985351562,529.850341796875,376.061767578125,344.0638427734375,785.4852294921875,715.6368408203125
432,17.28,2,2,car,0.6608288884162903,791.6693115234375,389.34376525878906,616.1405639648438,231.02005004882812,967.1980590820312,547.66748046875
433,17.32,1,2,car,0.8967775702476501,580.8194732666016,529.9010772705078,376.1560363769531,344.1454162597656,785.48291015625,715.65673828125
433,17.32,2,2,car,0.6672876477241516,791.6697692871094,389.38880920410156,616.1902465820312,231.04086303710938,967.1492919921875,547.7367553710938
434,17.36,1,2,car,0.8981022238731384,580.8058013916016,530.0828247070312,376.2557067871094,344.4366455078125,785.3558959960938,715.72900390625
434,17.36,2,2,car,0.666198194026947,791.65625,389.39405059814453,616.2078247070312,231.01161193847656,967.1046752929688,547.7764892578125
435,17.4,1,2,car,0.900333046913147,580.8183746337891,530.1473388671875,376.2608337402344,344.4951171875,785.3759155273438,715.799560546875
435,17.4,2,2,car,0.6790540218353271,791.4777526855469,389.45220947265625,616.13525390625,231.1121826171875,966.8202514648438,547.792236328125
436,17.44,1,2,car,0.8994367122650146,580.8037414550781,530.3035888671875,376.33172607421875,344.746826171875,785.2757568359375,715.8603515625
436,17.44,2,2,car,0.6743320226669312,791.2378234863281,389.42616271972656,615.9288940429688,231.11398315429688,966.5467529296875,547.7383422851562
437,17.48,1,2,car,0.8985889554023743,580.8561096191406,530.3896026611328,376.53076171875,344.9880065917969,785.1814575195312,715.7911987304688
437,17.48,2,2,car,0.6488834619522095,791.3625183105469,389.3104934692383,615.9940795898438,230.9519805908203,966.73095703125,547.6690063476562
438,17.52,1,2,car,0.89835125207901,580.8975982666016,530.4570465087891,376.7156677246094,345.2225036621094,785.0795288085938,715.6915893554688
438,17.52,2,2,car,0.6533809900283813,791.1944580078125,389.2543716430664,615.96240234375,231.05604553222656,966.426513671875,547.4526977539062
439,17.56,1,2,car,0.8971978425979614,580.9331512451172,530.4501647949219,376.7347717285156,345.224609375,785.1315307617188,715.6757202148438
439,17.56,2,2,car,0.6512364149093628,791.1713256835938,389.2447967529297,615.947021484375,231.07803344726562,966.3956298828125,547.4115600585938
440,17.6,1,2,car,0.8973903059959412,581.017578125,530.4203033447266,376.74810791015625,345.1373596191406,785.2870483398438,715.7032470703125
440,17.6,2,2,car,0.6446818113327026,791.19482421875,389.28187561035156,616.0782470703125,231.25619506835938,966.3114013671875,547.3075561523438
441,17.64,1,2,car,0.8975927829742432,581.0483245849609,530.4820861816406,376.7267761230469,345.15380859375,785.369873046875,715.8103637695312
441,17.64,2,2,car,0.637134850025177,791.2496643066406,389.2547607421875,616.188232421875,231.33331298828125,966.3110961914062,547.1762084960938
442,17.68,1,2,car,0.8975845575332642,581.048095703125,530.5850830078125,376.804931640625,345.34259033203125,785.291259765625,715.8275756835938
442,17.68,2,2,car,0.6388570666313171,791.2027587890625,389.27076721191406,616.1641845703125,231.41751098632812,966.2413330078125,547.1240234375
443,17.72,1,2,car,0.8979397416114807,581.0465698242188,530.6009521484375,376.80499267578125,345.3697509765625,785.2881469726562,715.8321533203125
443,17.72,2,2,car,0.6384631395339966,791.1708679199219,389.29795837402344,616.1317749023438,231.49966430664062,966.2099609375,547.0962524414062
444,17.76,1,2,car,0.8975814580917358,581.0335083007812,530.5725555419922,376.79864501953125,345.3605651855469,785.2683715820312,715.7845458984375
444,17.76,2,2,car,0.6380984783172607,791.1703186035156,389.3031311035156,616.1133422851562,231.54229736328125,966.227294921875,547.06396484375
445,17.8,1,2,car,0.8999479413032532,581.0509185791016,530.4832305908203,376.7518005371094,345.2242736816406,785.3500366210938,715.7421875
445,17.8,2,2,car,0.6261922717094421,791.4468688964844,389.2408752441406,616.2168579101562,231.33038330078125,966.6768798828125,547.1513671875
446,17.84,1,2,car,0.9002780318260193,581.0574035644531,530.4529571533203,376.7340087890625,345.1841735839844,785.3807983398438,715.7217407226562
446,17.84,2,2,car,0.626939058303833,791.5550231933594,389.21278381347656,616.2548828125,231.24520874023438,966.8551635742188,547.1803588867188
447,17.88,1,2,car,0.8999934792518616,581.0589904785156,530.4401092529297,376.71844482421875,345.1669006347656,785.3995361328125,715.7133178710938
447,17.88,2,2,car,0.626635730266571,791.6026000976562,389.2030334472656,616.26708984375,231.20947265625,966.9381103515625,547.1965942382812
448,17.92,1,2,car,0.8994738459587097,581.0620727539062,530.2793273925781,376.639892578125,344.9345703125,785.4842529296875,715.6240844726562
448,17.92,2,2,car,0.6245943307876587,791.6387023925781,389.1761932373047,616.2311401367188,231.11959838867188,967.0462646484375,547.2327880859375
449,17.96,1,2,car,0.8995361328125,581.0106658935547,529.9122009277344,376.2151794433594,344.1783447265625,785.80615234375,715.6460571289062
449,17.96,2,2,car,0.6252515316009521,791.7873840332031,389.248779296875,616.3343505859375,231.16656494140625,967.2404174804688,547.3309936523438
450,18.0,1,2,car,0.9002825021743774,580.9887847900391,529.8594512939453,376.1971740722656,344.1026306152344,785.7803955078125,715.6162719726562
450,18.0,2,2,car,0.6316235661506653,791.6794738769531,389.2757339477539,616.2010498046875,231.18727111816406,967.1578979492188,547.3641967773438
451,18.04,1,2,car,0.9052362442016602,581.0104217529297,529.5055847167969,376.0166320800781,343.4993896484375,786.0042114257812,715.5117797851562
451,18.04,2,2,car,0.6443505883216858,792.1734619140625,389.307373046875,616.6083984375,231.20556640625,967.738525390625,547.4091796875
452,18.08,1,2,car,0.9050474762916565,581.0265350341797,529.4148101806641,375.9693298339844,343.2877502441406,786.083740234375,715.5418701171875
452,18.08,2,2,car,0.6440325379371643,792.327392578125,389.35330963134766,616.6785278320312,231.22145080566406,967.9762573242188,547.4851684570312
453,18.12,1,2,car,0.9029899835586548,581.0294647216797,529.3764801025391,376.0655212402344,343.2878723144531,785.993408203125,715.465087890625
453,18.12,12,2,car,0.8073896169662476,1794.4812622070312,57.23435878753662,1668.9625244140625,0.35918235778808594,1920.0,114.10953521728516
453,18.12,2,2,car,0.6441905498504639,792.4183654785156,389.3179702758789,616.7976684570312,231.24806213378906,968.0390625,547.3878784179688
454,18.16,1,2,car,0.9033571481704712,581.026123046875,529.3407897949219,376.11676025390625,343.25457763671875,785.9354858398438,715.427001953125
454,18.16,12,2,car,0.7632817029953003,1787.5678100585938,62.3910026550293,1655.1356201171875,0.0,1920.0,124.7820053100586
454,18.16,2,2,car,0.6445094347000122,792.3344421386719,389.3615417480469,616.7042236328125,231.29461669921875,967.9646606445312,547.428466796875
455,18.2,1,2,car,0.9056535363197327,581.0298156738281,529.2748260498047,376.102783203125,343.1189270019531,785.9568481445312,715.4307250976562
455,18.2,12,2,car,0.812424898147583,1781.6500244140625,68.41915065050125,1643.300048828125,1.41848623752594,1920.0,135.41981506347656
455,18.2,2,2,car,0.6568050980567932,792.3476257324219,389.36627197265625,616.7412109375,231.326904296875,967.9540405273438,547.4056396484375
456,18.24,1,2,car,0.9024850726127625,581.0299835205078,529.2468109130859,376.1403503417969,343.0859069824219,785.9196166992188,715.40771484375
456,18.24,12,2,car,0.7802907824516296,1776.9537353515625,72.43531560897827,1633.907470703125,2.1101789474487305,1920.0,142.7604522705078
456,18.24,2,2,car,0.6583930253982544,792.3773193359375,389.34488677978516,616.7783813476562,231.30482482910156,967.9762573242188,547.3849487304688
457,18.28,1,2,car,0.9057574272155762,581.0338897705078,529.0586547851562,376.0166931152344,342.715576171875,786.0510864257812,715.4017333984375
457,18.28,12,2,car,0.8524755239486694,1771.5555419921875,76.30039250850677,1623.111083984375,1.5930793285369873,1920.0,151.00770568847656
457,18.28,2,2,car,0.6588965058326721,792.4065551757812,389.2459487915039,616.6919555664062,231.12062072753906,968.1211547851562,547.3712768554688
458,18.32,1,2,car,0.9022587537765503,581.0324096679688,528.9225769042969,375.939697265625,342.431884765625,786.1251220703125,715.4132690429688
458,18.32,12,2,car,0.8357254862785339,1767.2357177734375,79.63511461019516,1614.471435546875,1.2367666959762573,1920.0,158.03346252441406
458,18.32,2,2,car,0.6569706201553345,792.4714660644531,389.2075958251953,616.6903686523438,231.00845336914062,968.2525634765625,547.40673828125
459,18.36,1,2,car,0.9022293090820312,580.9666442871094,528.8535003662109,375.81744384765625,342.2493591308594,786.1158447265625,715.4576416015625
459,18.36,12,2,car,0.8028491735458374,1763.0645751953125,82.8009575009346,1606.129150390625,0.6187759637832642,1920.0,164.98313903808594
459,18.36,2,2,car,0.6527009606361389,792.8915710449219,389.1443634033203,617.0255126953125,230.84005737304688,968.7576293945312,547.4486694335938
460,18.4,1,2,car,0.905707836151123,581.0105133056641,528.8866729736328,375.9565124511719,342.3077697753906,786.0645141601562,715.465576171875
460,18.4,12,2,car,0.8635813593864441,1759.2396240234375,86.07729054242373,1598.479248046875,0.19942666590213776,1920.0,171.9551544189453
460,18.4,2,2,car,0.6680980920791626,792.4957885742188,389.0685501098633,616.64697265625,230.74586486816406,968.3446044921875,547.3912353515625
461,18.44,1,2,car,0.9014258980751038,581.0994873046875,528.9116058349609,376.1446533203125,342.3500671386719,786.0543212890625,715.47314453125
461,18.44,12,2,car,0.8719499111175537,1754.062744140625,90.85784018412232,1588.12548828125,0.03458905965089798,1920.0,181.68109130859375
461,18.44,2,2,car,0.6622194647789001,792.3397521972656,389.11621856689453,616.5474853515625,230.7648468017578,968.1320190429688,547.4675903320312
462,18.48,1,2,car,0.8997817635536194,581.1318206787109,528.9563446044922,376.2937927246094,342.4449768066406,785.9698486328125,715.4677124023438
462,18.48,12,2,car,0.882834792137146,1750.46923828125,95.01878356933594,1580.9384765625,0.0,1920.0,190.03756713867188
462,18.48,2,2,car,0.6616688370704651,792.2679748535156,389.1117401123047,616.5537719726562,230.76223754882812,967.982177734375,547.4612426757812
463,18.52,1,2,car,0.8960903286933899,581.1775970458984,528.8473815917969,376.3592224121094,342.29547119140625,785.9959716796875,715.3992919921875
463,18.52,12,2,car,0.8565437197685242,1747.75,98.2412109375,1575.5,0.0,1920.0,196.482421875
463,18.52,2,2,car,0.6515878438949585,792.2630615234375,389.1330108642578,616.6181640625,230.77456665039062,967.907958984375,547.491455078125
464,18.56,1,2,car,0.8986034393310547,581.2619781494141,529.1233367919922,376.6415100097656,342.7101745605469,785.8824462890625,715.5364990234375
464,18.56,12,2,car,0.8512027859687805,1745.2302856445312,101.62380349822342,1570.4605712890625,0.012057069689035416,1920.0,203.2355499267578
464,18.56,2,2,car,0.6709403991699219,792.9232788085938,389.8857879638672,617.6883544921875,231.82925415039062,968.158203125,547.9423217773438
465,18.6,1,2,car,0.8976222276687622,581.4380493164062,529.0735778808594,376.9022216796875,342.65155029296875,785.973876953125,715.49560546875
465,18.6,12,2,car,0.8547812104225159,1741.9328002929688,106.19435119628906,1563.8656005859375,0.0,1920.0,212.38870239257812
465,18.6,2,2,car,0.680514395236969,793.2753295898438,390.37518310546875,618.462890625,232.6492919921875,968.0877685546875,548.10107421875
466,18.64,1,2,car,0.9042096734046936,581.4056549072266,529.8730926513672,377.6587219238281,344.2566223144531,785.152587890625,715.4895629882812
466,18.64,12,2,car,0.8553549647331238,1738.4649047851562,110.33512878417969,1556.9298095703125,0.0,1920.0,220.67025756835938
466,18.64,2,2,car,0.6636900305747986,791.8445739746094,389.7842483520508,616.7377319335938,231.81007385253906,966.951416015625,547.7584228515625
467,18.68,1,2,car,0.9077425599098206,581.2533111572266,531.1191711425781,378.4895324707031,346.65234375,784.01708984375,715.5859985351562
467,18.68,12,2,car,0.8227807879447937,1735.4341430664062,116.38421416282654,1550.8682861328125,2.077144145965576,1920.0,230.6912841796875
467,18.68,2,2,car,0.6479981541633606,791.3635864257812,389.9944076538086,616.5382690429688,232.3417205810547,966.1889038085938,547.6470947265625
468,18.72,1,2,car,0.9145433902740479,581.0991363525391,531.0800018310547,377.6480407714844,346.0623474121094,784.5502319335938,716.09765625
468,18.72,12,2,car,0.849111795425415,1733.2236328125,123.17804384231567,1546.447265625,5.69417667388916,1920.0,240.6619110107422
468,18.72,2,2,car,0.6670314073562622,791.20361328125,389.9264678955078,616.0503540039062,231.98538208007812,966.3568725585938,547.8675537109375
469,18.76,1,2,car,0.9183158874511719,581.0592651367188,530.8151702880859,377.02215576171875,345.2858581542969,785.0963745117188,716.344482421875
469,18.76,12,2,car,0.8174912333488464,1730.9415893554688,132.29918575286865,1541.8831787109375,11.409696578979492,1920.0,253.1886749267578
469,18.76,2,2,car,0.6883931159973145,792.0415344238281,390.79400634765625,617.5173950195312,233.369873046875,966.565673828125,548.2181396484375
470,18.8,1,2,car,0.9173166155815125,581.1555480957031,530.3111419677734,376.6669921875,344.3646545410156,785.6441040039062,716.2576293945312
470,18.8,12,2,car,0.772616446018219,1729.1793212890625,141.20357513427734,1538.358642578125,18.251785278320312,1920.0,264.1553649902344
470,18.8,2,2,car,0.6763684153556824,792.442138671875,391.07093048095703,618.1668090820312,233.73536682128906,966.7174682617188,548.406494140625
471,18.84,1,2,car,0.9151095747947693,581.2743682861328,530.2525329589844,376.7571716308594,344.28363037109375,785.7915649414062,716.221435546875
471,18.84,12,2,car,0.7841424942016602,1728.40625,149.68850708007812,1536.8125,25.323150634765625,1920.0,274.0538635253906
471,18.84,2,2,car,0.6603084206581116,792.3678588867188,391.38191986083984,618.0193481445312,233.8898162841797,966.7163696289062,548.8740234375
472,18.88,1,2,car,0.9149059653282166,581.2111663818359,530.7244262695312,377.5452575683594,345.658203125,784.8770751953125,715.7906494140625
472,18.88,12,2,car,0.821056604385376,1724.3890991210938,157.89964771270752,1534.1368408203125,31.996713638305664,1914.641357421875,283.8025817871094
472,18.88,2,2,car,0.6781860589981079,791.623291015625,390.71722412109375,616.6806640625,232.695068359375,966.56591796875,548.7393798828125
473,18.92,1,2,car,0.9155372381210327,581.2076568603516,531.0396423339844,377.7494812011719,346.2884521484375,784.6658325195312,715.7908325195312
473,18.92,12,2,car,0.8135759234428406,1720.1115112304688,167.92853927612305,1532.2589111328125,40.98412322998047,1907.964111328125,294.8729553222656
473,18.92,2,2,car,0.6559763550758362,791.7991638183594,391.0554885864258,617.4268798828125,233.56056213378906,966.1714477539062,548.5504150390625
474,18.96,1,2,car,0.9157052040100098,581.10595703125,531.1411895751953,377.49725341796875,346.3533630371094,784.7146606445312,715.9290161132812
474,18.96,12,2,car,0.8320477604866028,1715.7835083007812,177.3319911956787,1528.97900390625,48.47248458862305,1902.5880126953125,306.1914978027344
474,18.96,2,2,car,0.6554482579231262,791.8455200195312,391.20726013183594,617.5205078125,233.72665405273438,966.1705322265625,548.6878662109375
475,19.0,1,2,car,0.9171500205993652,581.2986907958984,531.1288146972656,377.5868225097656,346.31036376953125,785.0105590820312,715.947265625
475,19.0,12,2,car,0.8287238478660583,1712.2924194335938,187.9591407775879,1523.8568115234375,55.241004943847656,1900.72802734375,320.6772766113281
475,19.0,2,2,car,0.6741288304328918,793.0049133300781,391.98815155029297,618.7219848632812,234.4449920654297,967.287841796875,549.5313110351562
476,19.04,1,2,car,0.9138081669807434,581.1759796142578,530.9713897705078,377.0662536621094,345.8279113769531,785.2857055664062,716.1148681640625
476,19.04,12,2,car,0.8333232998847961,1707.0509643554688,197.4299602508545,1519.654052734375,62.91201400756836,1894.4478759765625,331.9479064941406
476,19.04,2,2,car,0.6762670874595642,792.8560485839844,392.369384765625,618.9147338867188,235.121826171875,966.79736328125,549.616943359375
477,19.08,1,2,car,0.9136001467704773,581.3633728027344,531.6806182861328,378.0819091796875,347.4275817871094,784.6448364257812,715.9336547851562
477,19.08,12,2,car,0.8344417810440063,1699.4622192382812,206.05253219604492,1516.343017578125,72.59392547607422,1882.5814208984375,339.5111389160156
477,19.08,2,2,car,0.6515841484069824,792.8049926757812,391.3568572998047,618.826171875,234.06411743164062,966.7838134765625,548.6495971679688
478,19.12,1,2,car,0.9144274592399597,581.3605499267578,530.6848754882812,377.3646545410156,345.78057861328125,785.3564453125,715.5891723632812
478,19.12,12,2,car,0.827501118183136,1694.5256958007812,216.45691680908203,1512.9139404296875,82.10127258300781,1876.137451171875,350.81256103515625
478,19.12,2,2,car,0.7174044847488403,793.1598510742188,392.5247268676758,619.0945434570312,235.1846466064453,967.2251586914062,549.8648071289062
479,19.16,1,2,car,0.9060343503952026,581.3049163818359,531.3739166259766,378.0884704589844,347.3183898925781,784.5213623046875,715.429443359375
479,19.16,12,2,car,0.8101511597633362,1689.1050415039062,225.95960235595703,1510.4395751953125,92.18833923339844,1867.7705078125,359.7308654785156
479,19.16,2,2,car,0.6767210960388184,793.2008972167969,392.14125061035156,618.470458984375,234.14144897460938,967.9313354492188,550.1410522460938
480,19.2,1,2,car,0.9086814522743225,581.5972747802734,531.4947814941406,378.4982604980469,347.64398193359375,784.6962890625,715.3455810546875
480,19.2,12,2,car,0.8427591323852539,1683.832275390625,237.95246505737305,1503.086669921875,100.65047454833984,1864.577880859375,375.25445556640625
480,19.2,2,2,car,0.7024020552635193,793.4762878417969,392.2061004638672,618.6951293945312,234.06393432617188,968.2574462890625,550.3482666015625
481,19.24,1,2,car,0.9051972031593323,580.9275054931641,532.0270843505859,377.9069519042969,348.4480285644531,783.9480590820312,715.6061401367188
481,19.24,12,2,car,0.8054090738296509,1678.69091796875,249.31817245483398,1497.962646484375,110.39305877685547,1859.419189453125,388.2432861328125
481,19.24,2,2,car,0.6684847474098206,794.0417175292969,392.28570556640625,619.6441040039062,234.6546630859375,968.4393310546875,549.916748046875
482,19.28,1,2,car,0.9085846543312073,580.6657562255859,531.5558624267578,376.8840637207031,347.3642883300781,784.4474487304688,715.7474365234375
482,19.28,12,2,car,0.8121986985206604,1674.8129272460938,262.2656021118164,1494.1129150390625,121.86802673339844,1855.512939453125,402.6631774902344
482,19.28,2,2,car,0.6925248503684998,794.63916015625,392.10496520996094,619.9745483398438,234.37179565429688,969.3037719726562,549.838134765625
483,19.32,1,2,car,0.9079586267471313,580.4905548095703,531.5804595947266,376.5614929199219,347.3463439941406,784.4196166992188,715.8145751953125
483,19.32,12,2,car,0.8383169174194336,1669.5309448242188,273.8867645263672,1489.9595947265625,133.33578491210938,1849.102294921875,414.437744140625
483,19.32,2,2,car,0.6938474178314209,794.5467834472656,391.90753173828125,619.4524536132812,233.89459228515625,969.64111328125,549.9204711914062
484,19.36,1,2,car,0.9074203968048096,580.4218292236328,531.6229858398438,376.3925476074219,347.37939453125,784.4511108398438,715.8665771484375
484,19.36,12,2,car,0.8026866912841797,1663.2725830078125,286.21163177490234,1482.710205078125,143.79429626464844,1843.8349609375,428.62896728515625
484,19.36,2,2,car,0.6981891989707947,794.2940063476562,391.9026412963867,619.1640014648438,233.92002868652344,969.4240112304688,549.88525390625
485,19.4,1,2,car,0.9007880091667175,580.6053009033203,531.1739501953125,375.9239196777344,346.3009033203125,785.2866821289062,716.0469970703125
485,19.4,12,2,car,0.8456450700759888,1658.0078125,298.64713287353516,1475.41748046875,153.60179138183594,1840.59814453125,443.6924743652344
485,19.4,2,2,car,0.6753206253051758,794.7068481445312,391.7983856201172,619.4143676757812,233.80953979492188,969.9993286132812,549.7872314453125
486,19.44,1,2,car,0.8850570321083069,580.7295074462891,531.1067657470703,375.9494323730469,346.1242980957031,785.5095825195312,716.0892333984375
486,19.44,12,2,car,0.7777566313743591,1649.5870361328125,312.0791015625,1466.8668212890625,166.21249389648438,1832.3072509765625,457.9457092285156
486,19.44,2,2,car,0.6134113669395447,795.7900085449219,391.8686981201172,620.2838134765625,233.84512329101562,971.2962036132812,549.8922729492188
487,19.48,1,2,car,0.895226001739502,580.7295227050781,530.8351593017578,375.72442626953125,345.5929260253906,785.734619140625,716.077392578125
487,19.48,12,2,car,0.7299070358276367,1643.7689819335938,326.44252014160156,1457.8984375,177.1561279296875,1829.6395263671875,475.7289123535156
487,19.48,2,2,car,0.6418412327766418,795.355712890625,391.7107620239258,619.671630859375,233.53871154785156,971.039794921875,549.8828125
488,19.52,1,2,car,0.9043890237808228,580.80712890625,530.789306640625,375.79998779296875,345.49700927734375,785.8142700195312,716.0816040039062
488,19.52,12,2,car,0.7641794681549072,1630.1015625,340.3077621459961,1442.32275390625,188.40110778808594,1817.88037109375,492.21441650390625
488,19.52,2,2,car,0.664709746837616,794.9971618652344,391.6524353027344,619.4201049804688,233.59625244140625,970.57421875,549.7086181640625
489,19.56,1,2,car,0.8956960439682007,580.6988372802734,530.4257965087891,375.6110534667969,345.0091857910156,785.78662109375,715.8424072265625
489,19.56,12,2,car,0.7839892506599426,1618.227294921875,352.49440002441406,1430.8848876953125,200.01150512695312,1805.5697021484375,504.977294921875
489,19.56,2,2,car,0.6530061364173889,794.730224609375,391.67757415771484,619.2130126953125,233.64830017089844,970.2474365234375,549.7068481445312
490,19.6,1,2,car,0.8954291939735413,580.8219146728516,530.3330688476562,375.7305603027344,344.8494873046875,785.9132690429688,715.816650390625
490,19.6,12,2,car,0.8131590485572815,1613.0347290039062,365.7323684692383,1425.93994140625,213.28334045410156,1800.1295166015625,518.181396484375
490,19.6,2,2,car,0.654236376285553,794.4483337402344,391.54656982421875,618.6752319335938,233.2421875,970.221435546875,549.8509521484375
491,19.64,1,2,car,0.8961018919944763,580.8807373046875,530.367919921875,375.9774169921875,344.9993896484375,785.7840576171875,715.7364501953125
491,19.64,12,2,car,0.8013484477996826,1608.737060546875,380.59741973876953,1417.598388671875,223.5883331298828,1799.875732421875,537.6065063476562
491,19.64,2,2,car,0.6572282910346985,794.228759765625,391.3896942138672,618.318603515625,232.87673950195312,970.138916015625,549.9026489257812
492,19.68,1,2,car,0.8862072825431824,580.7959136962891,530.4194641113281,375.9878845214844,345.1143798828125,785.6039428710938,715.7245483398438
492,19.68,12,2,car,0.7560829520225525,1603.0904541015625,394.28897857666016,1411.7493896484375,235.9014434814453,1794.4315185546875,552.676513671875
492,19.68,2,2,car,0.5917220711708069,794.8850402832031,390.20423889160156,619.2741088867188,231.74575805664062,970.4959716796875,548.6627197265625
493,19.72,1,2,car,0.8652892708778381,580.9526672363281,530.0207672119141,375.96917724609375,344.4607849121094,785.9361572265625,715.5807495117188
493,19.72,12,2,car,0.8299724459648132,1598.3801879882812,410.2075424194336,1404.5882568359375,248.79002380371094,1792.172119140625,571.6250610351562
493,19.72,2,2,car,0.5882173180580139,795.4045104980469,390.90147399902344,619.5676879882812,232.14877319335938,971.2413330078125,549.6541748046875
494,19.76,1,2,car,0.8710925579071045,580.9303894042969,529.7198944091797,375.96514892578125,344.1172790527344,785.8956298828125,715.322509765625
494,19.76,12,2,car,0.8708588480949402,1592.9818725585938,427.8418731689453,1396.908203125,263.8664245605469,1789.0555419921875,591.8173217773438
494,19.76,2,2,car,0.607511043548584,795.3228454589844,390.7330627441406,619.5845947265625,232.00341796875,971.0610961914062,549.4627075195312
495,19.8,1,2,car,0.87103271484375,580.7730407714844,529.6668853759766,375.88140869140625,344.1072082519531,785.6646728515625,715.2265625
495,19.8,12,2,car,0.840830385684967,1585.9844970703125,442.96795654296875,1389.0347900390625,278.1419677734375,1782.9342041015625,607.7939453125
495,19.8,2,2,car,0.6134939193725586,795.3450317382812,390.8285903930664,619.7222290039062,232.1491241455078,970.9678344726562,549.508056640625
496,19.84,1,2,car,0.8637841939926147,580.8559722900391,529.7019195556641,375.9931945800781,344.1188049316406,785.71875,715.2850341796875
496,19.84,12,2,car,0.857836127281189,1576.06494140625,461.2403869628906,1374.057861328125,291.39398193359375,1778.072021484375,631.0867919921875
496,19.84,2,2,car,0.6101406812667847,795.3444519042969,391.0743942260742,619.8211669921875,232.4939422607422,970.8677368164062,549.6548461914062
497,19.88,1,2,car,0.854268491268158,579.7366180419922,529.9232482910156,374.5472106933594,343.9635009765625,784.926025390625,715.8829956054688
497,19.88,12,2,car,0.8301680088043213,1567.4039916992188,477.18067932128906,1363.849365234375,305.4500427246094,1770.9586181640625,648.9113159179688
497,19.88,2,2,car,0.5929794311523438,794.4291076660156,391.04515075683594,618.9676513671875,232.44064331054688,969.8905639648438,549.649658203125
498,19.92,1,2,car,0.8933777213096619,580.1276245117188,529.5070190429688,375.0916748046875,343.66400146484375,785.16357421875,715.3500366210938
498,19.92,12,2,car,0.8698886036872864,1556.9816284179688,495.59124755859375,1351.3634033203125,321.6717529296875,1762.599853515625,669.5107421875
498,19.92,2,2,car,0.6472194194793701,793.4535217285156,390.7648696899414,618.047119140625,232.09339904785156,968.8599243164062,549.4363403320312
499,19.96,1,2,car,0.8960554003715515,580.8574676513672,529.4491424560547,376.2847595214844,343.9891052246094,785.43017578125,714.9091796875
499,19.96,12,2,car,0.8830099701881409,1546.98876953125,514.3906402587891,1338.3858642578125,337.7025451660156,1755.5916748046875,691.0787353515625
499,19.96,2,2,car,0.6397250890731812,793.6379699707031,390.68909454345703,618.4973754882812,232.01686096191406,968.778564453125,549.361328125
500,20.0,1,2,car,0.8975337743759155,581.0781555175781,529.3917388916016,376.62213134765625,344.0121154785156,785.5341796875,714.7713623046875
500,20.0,12,2,car,0.8839724063873291,1541.312255859375,534.7590789794922,1331.6334228515625,356.6971740722656,1750.9910888671875,712.8209838867188
500,20.0,2,2,car,0.6640979647636414,793.1966552734375,390.37613677978516,618.489990234375,231.87440490722656,967.9033203125,548.8778686523438
501,20.04,1,2,car,0.8996341228485107,581.0647430419922,529.4214782714844,376.8700866699219,344.29974365234375,785.2593994140625,714.543212890625
501,20.04,12,2,car,0.8961939811706543,1534.4390869140625,551.4975128173828,1318.84912109375,367.3404846191406,1750.029052734375,735.654541015625
501,20.04,2,2,car,0.6789301037788391,792.919677734375,390.2953872680664,618.4984741210938,231.85743713378906,967.3408813476562,548.7333374023438
502,20.08,1,2,car,0.8920477032661438,581.0328063964844,529.581787109375,377.03326416015625,344.66998291015625,785.0323486328125,714.4935913085938
502,20.08,12,2,car,0.8589467406272888,1525.011962890625,570.7433013916016,1304.8914794921875,381.7138366699219,1745.1324462890625,759.7727661132812
502,20.08,2,2,car,0.6583997011184692,792.9468994140625,390.35328674316406,618.7942504882812,232.01376342773438,967.0995483398438,548.6928100585938
503,20.12,1,2,car,0.8873789310455322,581.0258636474609,529.6834716796875,377.1226501464844,344.90484619140625,784.9290771484375,714.4620971679688
503,20.12,12,2,car,0.7902691960334778,1514.7184448242188,594.2214508056641,1294.56103515625,404.7006530761719,1734.8758544921875,783.7422485351562
503,20.12,2,2,car,0.6494963765144348,793.0670166015625,390.40750885009766,619.0994262695312,232.11805725097656,967.0346069335938,548.6969604492188
504,20.16,1,2,car,0.8873315453529358,580.8917694091797,529.6458282470703,376.9479675292969,344.8630676269531,784.8355712890625,714.4285888671875
504,20.16,12,2,car,0.8287036418914795,1503.45947265625,616.2529296875,1282.0191650390625,425.10894775390625,1724.8997802734375,807.3969116210938
504,20.16,2,2,car,0.6534723043441772,793.0657348632812,390.37681579589844,619.2745971679688,232.10733032226562,966.8568725585938,548.6463012695312
505,20.2,1,2,car,0.8795276284217834,580.9463043212891,529.59521484375,376.9596252441406,344.7880859375,784.9329833984375,714.40234375
505,20.2,12,2,car,0.8698602914810181,1492.4022827148438,640.8467712402344,1266.5660400390625,445.42633056640625,1718.238525390625,836.2672119140625
505,20.2,2,2,car,0.652556300163269,793.5111083984375,390.8370666503906,619.8400268554688,232.64617919921875,967.1821899414062,549.0279541015625
506,20.24,1,2,car,0.8839304447174072,580.8943939208984,530.9155426025391,377.9495544433594,347.2289123535156,783.8392333984375,714.6021728515625
506,20.24,12,2,car,0.8196945190429688,1479.8043212890625,663.7268829345703,1250.2164306640625,464.7671813964844,1709.3922119140625,862.6865844726562
506,20.24,2,2,car,0.6432479023933411,793.370849609375,390.67488861083984,620.8040771484375,233.72422790527344,965.9376220703125,547.6255493164062
507,20.28,12,2,car,0.8896523118019104,1466.9391479492188,685.8339691162109,1234.1669921875,484.1100769042969,1699.7113037109375,887.557861328125
507,20.28,1,2,car,0.8758081793785095,580.9349822998047,530.4103851318359,377.3330993652344,346.1457214355469,784.536865234375,714.675048828125
507,20.28,2,2,car,0.6491697430610657,792.6765441894531,389.99375915527344,618.5126953125,231.50271606445312,966.8403930664062,548.4848022460938
508,20.32,1,2,car,0.8730641603469849,581.3150329589844,531.1949310302734,378.5611572265625,347.8336486816406,784.0689086914062,714.5562133789062
508,20.32,12,2,car,0.864290714263916,1458.9052734375,708.9798126220703,1217.1512451171875,498.3340759277344,1700.6593017578125,919.6255493164062
508,20.32,2,2,car,0.6474857330322266,792.5963439941406,390.2290573120117,618.529541015625,231.95848083496094,966.6631469726562,548.4996337890625
509,20.36,1,2,car,0.8742097616195679,581.2038421630859,531.0566864013672,378.3637390136719,347.7478942871094,784.0439453125,714.365478515625
509,20.36,12,2,car,0.8561248183250427,1446.6104125976562,738.9073181152344,1199.155029296875,522.0032958984375,1694.0657958984375,955.8113403320312
509,20.36,2,2,car,0.6566253304481506,792.7369384765625,390.5872344970703,618.388916015625,232.01284790039062,967.0849609375,549.16162109375
510,20.4,1,2,car,0.8632907867431641,581.2501220703125,530.2970123291016,377.44976806640625,346.0656433105469,785.0504760742188,714.5283813476562
510,20.4,12,2,car,0.7780196666717529,1433.8603515625,759.2498779296875,1192.50634765625,547.8131103515625,1675.21435546875,970.6866455078125
510,20.4,2,2,car,0.6493942737579346,793.8001403808594,390.63624572753906,619.5228881835938,232.06149291992188,968.077392578125,549.2109985351562
511,20.44,1,2,car,0.8637179136276245,581.3063354492188,530.1829528808594,377.26141357421875,345.6845703125,785.3512573242188,714.6813354492188
511,20.44,12,2,car,0.7379521131515503,1419.4443359375,783.3370971679688,1178.311279296875,572.4033813476562,1660.577392578125,994.2708129882812
511,20.44,2,2,car,0.650465726852417,794.2088012695312,390.96056365966797,620.0138549804688,232.4224090576172,968.4037475585938,549.4987182617188
512,20.48,1,2,car,0.8621872067451477,581.3257751464844,530.4695281982422,377.4241943359375,346.1312561035156,785.2273559570312,714.8078002929688
512,20.48,12,2,car,0.7402638792991638,1405.7744140625,814.9450378417969,1154.3475341796875,594.1544799804688,1657.2012939453125,1035.735595703125
512,20.48,2,2,car,0.6483043432235718,793.1338500976562,389.8530807495117,618.4889526367188,230.8221893310547,967.7787475585938,548.8839721679688
513,20.52,1,2,car,0.8634205460548401,581.2222747802734,530.3943634033203,377.3063659667969,346.0792541503906,785.13818359375,714.70947265625
513,20.52,12,2,car,0.6751068830490112,1392.7052001953125,838.6424255371094,1139.156982421875,616.0160522460938,1646.25341796875,1061.268798828125
513,20.52,2,2,car,0.6302061080932617,792.9503479003906,389.46556854248047,618.206298828125,230.27867126464844,967.6943969726562,548.6524658203125
514,20.56,1,2,car,0.859049379825592,580.3651885986328,530.2889862060547,375.9509582519531,345.4901428222656,784.7794189453125,715.0878295898438
514,20.56,2,2,car,0.6464331746101379,792.9731140136719,389.4708786010742,618.3721923828125,230.3439178466797,967.5740356445312,548.5978393554688
514,20.56,12,2,car,0.6459131836891174,1377.3118286132812,858.3466796875,1133.14111328125,646.9991455078125,1621.4825439453125,1069.6942138671875
515,20.6,1,2,car,0.8474844694137573,579.9873809814453,530.3256988525391,375.5221862792969,345.4737243652344,784.4525756835938,715.1776733398438
515,20.6,2,2,car,0.6297321915626526,792.1909790039062,389.5834197998047,617.3536987304688,230.31143188476562,967.0282592773438,548.8554077148438
515,20.6,12,2,car,0.44333362579345703,1358.0606689453125,873.9683837890625,1117.0377197265625,668.2535400390625,1599.0836181640625,1079.6832275390625
516,20.64,1,2,car,0.8576112985610962,579.9510040283203,530.2855682373047,375.5157165527344,345.4829406738281,784.3862915039062,715.0881958007812
516,20.64,2,2,car,0.6298773288726807,792.1803894042969,389.42667388916016,617.36962890625,230.12879943847656,966.9911499023438,548.7245483398438
516,20.64,12,2,car,0.5125765800476074,1349.0097045898438,887.038330078125,1115.1644287109375,694.07666015625,1582.85498046875,1080.0
517,20.68,1,2,car,0.8581317663192749,579.9725799560547,530.3015747070312,375.5116882324219,345.48443603515625,784.4334716796875,715.1187133789062
517,20.68,12,2,car,0.7130182981491089,1332.4317626953125,905.180419921875,1112.8936767578125,730.36083984375,1551.9698486328125,1080.0
517,20.68,2,2,car,0.6227663159370422,792.3482360839844,389.4151153564453,617.5521240234375,230.09884643554688,967.1443481445312,548.7313842773438
518,20.72,1,2,car,0.8686173558235168,580.8375854492188,530.6186981201172,376.67950439453125,346.0900573730469,784.9956665039062,715.1473388671875
518,20.72,2,2,car,0.6589846014976501,793.4383239746094,388.25,619.59765625,229.56707763671875,967.2789916992188,546.9329223632812
519,20.76,1,2,car,0.8596934080123901,579.9622650146484,530.8369445800781,375.7303771972656,346.25982666015625,784.1941528320312,715.4140625
519,20.76,2,2,car,0.6285263299942017,794.0344848632812,388.9842529296875,620.659912109375,230.5863037109375,967.4090576171875,547.3822021484375
519,20.76,12,2,car,0.41207054257392883,1307.595703125,939.0393371582031,1120.091064453125,798.0786743164062,1495.100341796875,1080.0
519,20.76,13,2,car,0.3982272744178772,1522.7156982421875,41.271055698394775,1387.445556640625,2.254910469055176,1657.98583984375,80.28720092773438
520,20.8,1,2,car,0.8797594308853149,580.6986541748047,531.4860382080078,377.3061828613281,347.8504943847656,784.0911254882812,715.12158203125
520,20.8,13,2,car,0.6837723851203918,1520.844970703125,45.59032607078552,1375.9403076171875,3.5504488945007324,1665.7496337890625,87.63020324707031
520,20.8,2,2,car,0.6487700343132019,794.8533935546875,389.75843048095703,622.5617065429688,232.3397979736328,967.1450805664062,547.1770629882812
520,20.8,12,2,car,0.47133228182792664,1288.980712890625,957.5600280761719,1117.989501953125,835.2391967773438,1459.971923828125,1079.880859375
521,20.84,1,2,car,0.8780858516693115,581.0749969482422,531.5874786376953,377.2215881347656,347.6077575683594,784.9284057617188,715.5671997070312
521,20.84,13,2,car,0.724116325378418,1519.0712890625,47.03994846343994,1372.2698974609375,4.147546768188477,1665.8726806640625,89.9323501586914
521,20.84,2,2,car,0.6438654661178589,793.102783203125,390.88448333740234,620.134033203125,232.86289978027344,966.071533203125,548.9060668945312
521,20.84,12,2,car,0.5413903594017029,1278.3648071289062,976.1707763671875,1121.4176025390625,872.341552734375,1435.31201171875,1080.0
522,20.88,1,2,car,0.8848081827163696,580.9328918457031,531.3321533203125,377.0059814453125,347.37286376953125,784.8598022460938,715.2914428710938
522,20.88,13,2,car,0.7964012026786804,1517.3370361328125,48.048688650131226,1369.2470703125,4.399959087371826,1665.427001953125,91.69741821289062
522,20.88,2,2,car,0.6729826927185059,793.8157653808594,390.2967834472656,620.901123046875,232.18499755859375,966.7304077148438,548.4085693359375
523,20.92,1,2,car,0.8854658007621765,580.73974609375,531.4116821289062,377.0240478515625,347.753173828125,784.4554443359375,715.0701904296875
523,20.92,13,2,car,0.8207137584686279,1516.0903930664062,50.98163819313049,1359.950439453125,4.335331439971924,1672.2303466796875,97.62794494628906
523,20.92,2,2,car,0.6569492816925049,794.208251953125,390.02481842041016,621.362060546875,231.90943908691406,967.054443359375,548.1401977539062
524,20.96,1,2,car,0.8806065917015076,580.6800994873047,531.8769073486328,376.6667785644531,348.0729064941406,784.6934204101562,715.680908203125
524,20.96,13,2,car,0.7968458533287048,1514.5385131835938,53.06424355506897,1353.5150146484375,4.182060718536377,1675.56201171875,101.94642639160156
524,20.96,2,2,car,0.6537497043609619,794.1106567382812,389.8731918334961,621.3511962890625,231.76597595214844,966.8701171875,547.9804077148438
525,21.0,1,2,car,0.8928762674331665,580.8519897460938,531.5552825927734,376.51324462890625,347.4786682128906,785.1907348632812,715.6318969726562
525,21.0,13,2,car,0.8462873697280884,1513.2332763671875,54.48041915893555,1352.651611328125,4.912147521972656,1673.81494140625,104.04869079589844
525,21.0,2,2,car,0.6765120029449463,793.2882995605469,390.6018524169922,620.2002563476562,232.25888061523438,966.3763427734375,548.94482421875
526,21.04,1,2,car,0.8869898319244385,580.7740478515625,531.4579010009766,375.97802734375,347.0232849121094,785.570068359375,715.8925170898438
526,21.04,13,2,car,0.8187425136566162,1512.4657592773438,56.87451195716858,1346.01953125,4.386246204376221,1678.9119873046875,109.36277770996094
526,21.04,2,2,car,0.6845285296440125,792.6151428222656,390.7864227294922,619.206298828125,232.18667602539062,966.0239868164062,549.3861694335938
527,21.08,1,2,car,0.8869062662124634,580.8232116699219,531.7866668701172,376.1170654296875,347.5118713378906,785.5293579101562,716.0614624023438
527,21.08,13,2,car,0.7786749601364136,1510.8027954101562,57.60513234138489,1343.0594482421875,3.522047519683838,1678.546142578125,111.68821716308594
527,21.08,2,2,car,0.6773854494094849,792.2190246582031,390.8540344238281,618.5172729492188,232.06512451171875,965.9207763671875,549.6429443359375
528,21.12,1,2,car,0.8837079405784607,580.720947265625,532.1403656005859,376.15838623046875,348.0957336425781,785.2835083007812,716.1849975585938
528,21.12,13,2,car,0.8179417252540588,1509.364990234375,58.44902682304382,1343.002685546875,3.6294455528259277,1675.727294921875,113.26860809326172
528,21.12,2,2,car,0.6809931993484497,791.5540771484375,390.90633392333984,617.7163696289062,232.16734313964844,965.3917846679688,549.6453247070312
529,21.16,1,2,car,0.8900419473648071,580.6925506591797,531.9374694824219,375.9269104003906,347.76739501953125,785.4581909179688,716.1075439453125
529,21.16,13,2,car,0.8509788513183594,1508.294677734375,61.249897480010986,1337.2481689453125,3.409165382385254,1679.3411865234375,119.09062957763672
529,21.16,2,2,car,0.6917345523834229,791.1399230957031,390.9327087402344,617.164306640625,232.200439453125,965.1155395507812,549.6649780273438
530,21.2,1,2,car,0.8905718326568604,580.8209533691406,531.6572265625,376.29644775390625,347.7706298828125,785.345458984375,715.5438232421875
530,21.2,13,2,car,0.8587434887886047,1506.990234375,63.62535047531128,1332.7923583984375,3.08701229095459,1681.1881103515625,124.16368865966797
530,21.2,2,2,car,0.694770872592926,791.2581176757812,391.12999725341797,617.3663330078125,232.6350555419922,965.14990234375,549.6249389648438
531,21.24,1,2,car,0.8923600316047668,580.6526947021484,531.9311218261719,376.1241149902344,348.108642578125,785.1812744140625,715.7536010742188
531,21.24,13,2,car,0.8522275686264038,1504.9232177734375,65.99592316150665,1326.546630859375,2.157266855239868,1683.2998046875,129.83457946777344
531,21.24,2,2,car,0.6961898803710938,790.0455932617188,390.5319595336914,615.550048828125,231.64308166503906,964.5411376953125,549.4208374023438
532,21.28,1,2,car,0.8929137587547302,580.7509307861328,531.8560028076172,376.0601501464844,347.9292297363281,785.4417114257812,715.7827758789062
532,21.28,13,2,car,0.8632651567459106,1503.5679931640625,68.12984281778336,1323.0467529296875,1.5474663972854614,1684.0892333984375,134.71221923828125
532,21.28,2,2,car,0.7122552990913391,789.5112915039062,390.3600540161133,614.675537109375,231.29237365722656,964.3470458984375,549.427734375
533,21.32,1,2,car,0.8951256275177002,580.7684936523438,531.7441101074219,376.02569580078125,347.81640625,785.5112915039062,715.6718139648438
533,21.32,13,2,car,0.8735345005989075,1502.12548828125,70.07586896419525,1323.4044189453125,2.216648817062378,1680.8465576171875,137.93508911132812
533,21.32,2,2,car,0.7058080434799194,792.2682189941406,390.0731506347656,618.2752685546875,231.6551513671875,966.2611694335938,548.4911499023438
534,21.36,1,2,car,0.8903471827507019,580.6671905517578,531.7909240722656,375.9785461425781,347.97076416015625,785.3558349609375,715.611083984375
534,21.36,13,2,car,0.8564817905426025,1501.4539184570312,72.84478652477264,1321.7418212890625,2.518979787826538,1681.166015625,143.17059326171875
534,21.36,2,2,car,0.6937242746353149,793.2191467285156,390.0933837890625,619.6676635742188,231.98406982421875,966.7706298828125,548.2026977539062
535,21.4,1,2,car,0.8952318429946899,580.8358306884766,531.7655944824219,376.0816955566406,347.905517578125,785.5899658203125,715.6256713867188
535,21.4,13,2,car,0.8668142557144165,1499.2142333984375,76.11458492279053,1313.745849609375,1.2178936004638672,1684.6826171875,151.0112762451172
535,21.4,2,2,car,0.6882415413856506,790.9777221679688,390.2356414794922,616.7460327148438,231.65219116210938,965.2094116210938,548.819091796875
536,21.44,1,2,car,0.8930681347846985,580.8896331787109,531.8500061035156,376.1221618652344,347.9957275390625,785.6571044921875,715.7042846679688
536,21.44,13,2,car,0.8392495512962341,1496.6461181640625,77.32799276709557,1311.6507568359375,0.4098765254020691,1681.6414794921875,154.24610900878906
536,21.44,2,2,car,0.6786718368530273,790.2554321289062,390.2211685180664,615.6488647460938,231.42970275878906,964.8619995117188,549.0126342773438
537,21.48,1,2,car,0.8933013677597046,580.9138793945312,531.6042175292969,375.88861083984375,347.51116943359375,785.9391479492188,715.697265625
537,21.48,13,2,car,0.8617627620697021,1495.1079711914062,78.15066658705473,1312.574951171875,0.08659623563289642,1677.6409912109375,156.21473693847656
537,21.48,2,2,car,0.6924754977226257,789.9737548828125,390.2591552734375,615.1275634765625,231.35101318359375,964.8199462890625,549.1672973632812
538,21.52,1,2,car,0.8915810585021973,580.9845581054688,531.3364562988281,375.88946533203125,347.13848876953125,786.0796508789062,715.534423828125
538,21.52,13,2,car,0.8593913912773132,1492.1337280273438,78.81682586669922,1312.5877685546875,0.0,1671.6796875,157.63365173339844
538,21.52,2,2,car,0.6901415586471558,790.054931640625,390.34129333496094,614.960693359375,231.28402709960938,965.149169921875,549.3985595703125
539,21.56,1,2,car,0.8908425569534302,580.802978515625,531.8392333984375,375.93756103515625,347.904296875,785.6683959960938,715.774169921875
539,21.56,13,2,car,0.8645908236503601,1490.7216796875,81.90734100341797,1309.0677490234375,0.0,1672.3756103515625,163.81468200683594
539,21.56,2,2,car,0.6675069332122803,789.7361145019531,390.5268859863281,614.742431640625,231.73248291015625,964.7297973632812,549.3212890625
540,21.6,1,2,car,0.892200767993927,580.8578796386719,531.4280700683594,375.5767822265625,347.07171630859375,786.1389770507812,715.784423828125
540,21.6,13,2,car,0.8734349608421326,1489.315185546875,83.39399719238281,1308.9757080078125,0.0,1669.6546630859375,166.78799438476562
540,21.6,2,2,car,0.6946132779121399,790.0033569335938,390.50931549072266,614.9413452148438,231.72474670410156,965.0653686523438,549.2938842773438
541,21.64,1,2,car,0.8962083458900452,580.7296752929688,531.1492309570312,375.156982421875,346.46087646484375,786.3023681640625,715.8375854492188
541,21.64,13,2,car,0.8776044845581055,1486.4793701171875,87.17361631244421,1303.6458740234375,0.2262304276227951,1669.3128662109375,174.12100219726562
541,21.64,2,2,car,0.6972615718841553,791.2847595214844,391.10060119628906,616.554931640625,232.66171264648438,966.0145874023438,549.5394897460938
542,21.68,1,2,car,0.8937566876411438,580.7021179199219,531.6131744384766,375.59014892578125,347.3668518066406,785.8140869140625,715.8594970703125
542,21.68,13,2,car,0.8882678747177124,1484.2086791992188,90.7040098477155,1298.6708984375,0.041457805782556534,1669.7464599609375,181.36656188964844
542,21.68,2,2,car,0.6945062875747681,791.8777770996094,391.4104919433594,617.419677734375,233.22650146484375,966.3358764648438,549.594482421875
543,21.72,1,2,car,0.8963407278060913,580.6696472167969,531.2109832763672,375.10986328125,346.4836730957031,786.2294311523438,715.9382934570312
543,21.72,13,2,car,0.8434427976608276,1482.2391967773438,92.49247741699219,1297.8699951171875,0.0,1666.6083984375,184.98495483398438
543,21.72,2,2,car,0.6960182189941406,792.1264038085938,391.3770980834961,617.6165161132812,233.13059997558594,966.6362915039062,549.6235961914062
544,21.76,1,2,car,0.8972693681716919,580.7284240722656,531.0436096191406,375.0858154296875,346.1793212890625,786.3710327148438,715.9078979492188
544,21.76,13,2,car,0.870107114315033,1479.6362915039062,95.4810886606574,1294.655029296875,0.1587105244398117,1664.6175537109375,190.803466796875
544,21.76,2,2,car,0.6979419589042664,792.1235656738281,391.52693939208984,617.746337890625,233.4296112060547,966.5007934570312,549.624267578125
545,21.8,1,2,car,0.8938398957252502,580.6993865966797,530.9494323730469,375.0722351074219,346.04730224609375,786.3265380859375,715.8515625
545,21.8,13,2,car,0.8585419058799744,1477.54052734375,95.73597116023302,1296.4473876953125,0.17135943472385406,1658.6336669921875,191.3005828857422
545,21.8,2,2,car,0.6855176091194153,792.1441650390625,391.4168472290039,617.6121826171875,233.1686553955078,966.6761474609375,549.6650390625
546,21.84,1,2,car,0.8916923999786377,580.6460571289062,531.0786285400391,375.22821044921875,346.3440246582031,786.0639038085938,715.813232421875
546,21.84,13,2,car,0.8748922944068909,1474.6259155273438,97.76684165373445,1293.74853515625,0.032706744968891144,1655.5032958984375,195.5009765625
546,21.84,2,2,car,0.6819117069244385,792.1093139648438,391.58431243896484,617.7479858398438,233.4935760498047,966.4706420898438,549.675048828125
546,21.84,14,2,car,0.6704196929931641,1839.5040893554688,50.62635576725006,1759.0081787109375,2.8107101917266846,1920.0,98.44200134277344
547,21.88,1,2,car,0.8943763375282288,580.6244812011719,531.2842254638672,375.457275390625,346.7873229980469,785.7916870117188,715.7811279296875
547,21.88,13,2,car,0.8459764122962952,1472.1774291992188,100.70516204833984,1290.12646484375,0.0,1654.2283935546875,201.4103240966797
547,21.88,2,2,car,0.6889623999595642,791.8244934082031,391.7217025756836,617.5565185546875,233.7683563232422,966.0924682617188,549.675048828125
547,21.88,14,2,car,0.3655736744403839,1838.453125,54.14474320411682,1756.90625,5.203365802764893,1920.0,103.08612060546875
548,21.92,1,2,car,0.8937551379203796,580.6526794433594,531.3492279052734,375.5450439453125,346.9034118652344,785.7603149414062,715.7950439453125
548,21.92,13,2,car,0.8634259700775146,1470.4273071289062,103.9086022125557,1287.3209228515625,0.018345782533288002,1653.53369140625,207.79885864257812
548,21.92,2,2,car,0.689676821231842,791.9485778808594,391.72606658935547,617.65185546875,233.75596618652344,966.2453002929688,549.6961669921875
548,21.92,14,2,car,0.6435607671737671,1837.1533813476562,55.82598638534546,1754.3067626953125,5.214777946472168,1920.0,106.43719482421875
549,21.96,1,2,car,0.8968634605407715,580.7210540771484,530.9098815917969,375.4350280761719,346.26300048828125,786.007080078125,715.5567626953125
549,21.96,13,2,car,0.8512217402458191,1468.3250122070312,107.02999114990234,1284.2366943359375,0.0,1652.413330078125,214.0599822998047
549,21.96,2,2,car,0.6897132992744446,793.3512878417969,390.68811798095703,618.9476928710938,232.34986877441406,967.7548828125,549.0263671875
549,21.96,14,2,car,0.6052557229995728,1835.3954467773438,59.0492467880249,1750.7908935546875,6.088567733764648,1920.0,112.00992584228516
550,22.0,1,2,car,0.8866626620292664,580.8502960205078,531.3875732421875,376.0346984863281,347.2041015625,785.6658935546875,715.571044921875
550,22.0,13,2,car,0.7892913818359375,1466.2108154296875,111.49786376953125,1279.3583984375,0.0,1653.063232421875,222.9957275390625
550,22.0,2,2,car,0.6726677417755127,791.9880981445312,391.10955810546875,617.4828491210938,232.7276611328125,966.4933471679688,549.491455078125
550,22.0,14,2,car,0.35792621970176697,1833.09228515625,60.79241967201233,1746.1845703125,4.838806629180908,1920.0,116.74603271484375
551,22.04,1,2,car,0.8848061561584473,580.6443481445312,530.8617553710938,375.148193359375,345.99969482421875,786.1405029296875,715.7238159179688
551,22.04,13,2,car,0.8159276247024536,1462.4978637695312,114.10397338867188,1275.9732666015625,0.0,1649.0224609375,228.20794677734375
551,22.04,14,2,car,0.770592451095581,1831.1426391601562,61.87050104141235,1742.2852783203125,2.989285469055176,1920.0,120.75171661376953
551,22.04,2,2,car,0.6693736910820007,792.2911071777344,391.2710876464844,617.7908935546875,232.82598876953125,966.7913208007812,549.7161865234375
552,22.08,1,2,car,0.8872221112251282,580.4958801269531,530.5789794921875,374.99237060546875,345.6707763671875,785.9993896484375,715.4871826171875
552,22.08,13,2,car,0.8351593613624573,1459.6264038085938,116.52568817138672,1273.6513671875,0.0,1645.6014404296875,233.05137634277344
552,22.08,14,2,car,0.767189621925354,1828.5748901367188,64.29311239719391,1737.1497802734375,2.01037335395813,1920.0,126.57585144042969
552,22.08,2,2,car,0.6765186786651611,792.4664306640625,391.8031768798828,618.1649169921875,233.47183227539062,966.7679443359375,550.134521484375
553,22.12,1,2,car,0.8908064961433411,580.6114349365234,530.4045257568359,375.1783142089844,345.5216979980469,786.0445556640625,715.287353515625
553,22.12,13,2,car,0.8239290714263916,1456.5269165039062,122.04327028989792,1268.7979736328125,1.4885181188583374,1644.255859375,242.5980224609375
553,22.12,14,2,car,0.754630446434021,1827.1411743164062,65.99677926301956,1734.2823486328125,1.0841041803359985,1920.0,130.90945434570312
553,22.12,2,2,car,0.6828617453575134,791.5169982910156,390.8136215209961,616.6611328125,231.9528045654297,966.3728637695312,549.6744384765625
554,22.16,1,2,car,0.8934791088104248,580.426025390625,530.6537322998047,375.12994384765625,345.8904113769531,785.7221069335938,715.4170532226562
554,22.16,14,2,car,0.8165468573570251,1825.7622680664062,68.17009371519089,1731.5245361328125,0.9009784460067749,1920.0,135.439208984375
554,22.16,13,2,car,0.7969375848770142,1453.238525390625,128.83143067359924,1266.2003173828125,5.857807636260986,1640.2767333984375,251.8050537109375
554,22.16,2,2,car,0.7003040909767151,792.2769165039062,391.8295135498047,618.2095336914062,233.70889282226562,966.3442993164062,549.9501342773438
555,22.2,1,2,car,0.884358286857605,580.4465637207031,530.2512512207031,374.881591796875,345.19830322265625,786.0115356445312,715.30419921875
555,22.2,13,2,car,0.7884864211082458,1451.3760375976562,134.0923433303833,1264.6494140625,8.474664688110352,1638.1026611328125,259.71002197265625
555,22.2,2,2,car,0.6793504953384399,792.6145629882812,391.8484420776367,618.646240234375,233.7375946044922,966.5828857421875,549.9592895507812
555,22.2,14,2,car,0.616725504398346,1824.7164916992188,70.62248134613037,1729.4329833984375,1.3620586395263672,1920.0,139.88290405273438
556,22.24,1,2,car,0.8846148252487183,580.4860229492188,530.1080322265625,374.82537841796875,344.9254150390625,786.1466674804688,715.2906494140625
556,22.24,13,2,car,0.7999383807182312,1448.4329833984375,136.78329515457153,1267.3575439453125,12.704529762268066,1629.5084228515625,260.862060546875
556,22.24,2,2,car,0.7039894461631775,792.9917907714844,392.08636474609375,619.7332153320312,234.59271240234375,966.2503662109375,549.5800170898438
556,22.24,14,2,car,0.6770663261413574,1824.0194702148438,72.1183842420578,1728.0389404296875,2.6092965602874756,1920.0,141.62747192382812
557,22.28,1,2,car,0.8807690143585205,580.3067321777344,530.0227355957031,374.58148193359375,344.7310791015625,786.031982421875,715.3143920898438
557,22.28,13,2,car,0.7681146264076233,1446.2091674804688,142.4864797592163,1266.931640625,17.397001266479492,1625.4866943359375,267.5759582519531
557,22.28,14,2,car,0.7027353048324585,1821.9745483398438,74.49331939220428,1723.9490966796875,2.092946767807007,1920.0,146.89369201660156
557,22.28,2,2,car,0.6746230721473694,793.0738830566406,391.8168182373047,619.9210205078125,234.34005737304688,966.2267456054688,549.2935791015625
558,22.32,1,2,car,0.8831945061683655,580.1770935058594,530.1357421875,374.57110595703125,344.9241943359375,785.7830810546875,715.3472900390625
558,22.32,13,2,car,0.769950807094574,1442.3971557617188,149.9081106185913,1263.6485595703125,22.938474655151367,1621.145751953125,276.87774658203125
558,22.32,2,2,car,0.6649430990219116,793.2474060058594,391.3329086303711,619.7598876953125,233.4436492919922,966.7349243164062,549.22216796875
558,22.32,14,2,car,0.6646846532821655,1820.4456176757812,77.57869684696198,1720.8912353515625,2.8741142749786377,1920.0,152.2832794189453
559,22.36,1,2,car,0.876936137676239,580.2061462402344,531.6169738769531,376.3934326171875,348.23382568359375,784.0188598632812,715.0001220703125
559,22.36,13,2,car,0.8205639719963074,1439.3312377929688,155.24676704406738,1261.6358642578125,27.118961334228516,1617.026611328125,283.37457275390625
559,22.36,14,2,car,0.6742247939109802,1819.4306640625,79.0115098953247,1718.861328125,2.261392593383789,1920.0,155.76162719726562
559,22.36,2,2,car,0.6491071581840515,792.0610656738281,390.32191467285156,618.1538696289062,232.12014770507812,965.96826171875,548.523681640625
560,22.4,1,2,car,0.9008978009223938,580.3847045898438,530.8156433105469,375.9727783203125,346.91668701171875,784.796630859375,714.714599609375
560,22.4,13,2,car,0.8226227164268494,1436.2766723632812,159.92876434326172,1262.21875,32.89195251464844,1610.3345947265625,286.965576171875
560,22.4,2,2,car,0.6553007364273071,792.8944702148438,391.2208557128906,619.3917846679688,233.27056884765625,966.3971557617188,549.171142578125
560,22.4,14,2,car,0.6140482425689697,1818.0557250976562,81.56419706344604,1716.1114501953125,1.9059057235717773,1920.0,161.2224884033203
561,22.44,1,2,car,0.9079489707946777,580.6746215820312,532.5536193847656,377.491943359375,350.0029296875,783.8572998046875,715.1043090820312
561,22.44,13,2,car,0.8470331430435181,1432.3775024414062,164.63996124267578,1259.3494873046875,36.77674865722656,1605.405517578125,292.503173828125
561,22.44,2,2,car,0.6543802618980408,792.0806274414062,391.5199279785156,618.3971557617188,233.45123291015625,965.7640991210938,549.588623046875
561,22.44,14,2,car,0.6418885588645935,1816.9427490234375,83.12800568342209,1713.885498046875,1.6365808248519897,1920.0,164.6194305419922
562,22.48,1,2,car,0.8867398500442505,580.7409362792969,530.9830474853516,375.9659423828125,346.8432922363281,785.5159301757812,715.122802734375
562,22.48,13,2,car,0.8277673721313477,1429.1112670898438,172.4831771850586,1257.406494140625,44.10765075683594,1600.8160400390625,300.85870361328125
562,22.48,14,2,car,0.714499294757843,1814.7318725585938,86.23608231544495,1709.4637451171875,0.5595059394836426,1920.0,171.91265869140625
562,22.48,2,2,car,0.694747805595398,792.5815734863281,391.2039031982422,619.3971557617188,233.46041870117188,965.7659912109375,548.9473876953125
563,22.52,1,2,car,0.8961786031723022,580.9435577392578,530.6724853515625,375.7927551269531,346.1524658203125,786.0943603515625,715.1925048828125
563,22.52,13,2,car,0.820134162902832,1426.4886474609375,175.54991340637207,1258.0660400390625,48.559207916259766,1594.9112548828125,302.5406188964844
563,22.52,14,2,car,0.7344068288803101,1813.766357421875,88.68515571951866,1707.53271484375,0.1412617564201355,1920.0,177.2290496826172
563,22.52,2,2,car,0.685030996799469,792.5046997070312,391.82396697998047,619.330078125,234.1031951904297,965.6793212890625,549.5447387695312
564,22.56,1,2,car,0.8990810513496399,580.9114532470703,530.6481475830078,375.6730651855469,345.9464416503906,786.1498413085938,715.349853515625
564,22.56,13,2,car,0.7929633855819702,1423.0357666015625,182.109224319458,1255.366943359375,54.66788101196289,1590.70458984375,309.5505676269531
564,22.56,2,2,car,0.6956751346588135,792.7923278808594,391.8232192993164,619.81689453125,234.2248077392578,965.7677612304688,549.421630859375
564,22.56,14,2,car,0.6871297955513,1812.5929565429688,91.37387084960938,1705.1859130859375,0.0,1920.0,182.74774169921875
565,22.6,1,2,car,0.8996866345405579,580.8001556396484,530.6064147949219,375.9020690917969,346.1434326171875,785.6982421875,715.0693969726562
565,22.6,13,2,car,0.8538088798522949,1417.8933715820312,190.1310214996338,1248.48046875,60.40010452270508,1587.3062744140625,319.8619384765625
565,22.6,14,2,car,0.8073238730430603,1811.7542724609375,94.0088882446289,1703.508544921875,0.0,1920.0,188.0177764892578
565,22.6,2,2,car,0.7104333639144897,792.8975219726562,391.6049575805664,619.6722412109375,233.6977081298828,966.122802734375,549.51220703125
566,22.64,1,2,car,0.9012051820755005,581.0059967041016,530.3793029785156,375.8934631347656,345.60626220703125,786.1185302734375,715.15234375
566,22.64,13,2,car,0.8705034255981445,1414.7478637695312,194.15472412109375,1246.99951171875,64.96224975585938,1582.4962158203125,323.3471984863281
566,22.64,14,2,car,0.7765808701515198,1811.4274291992188,95.41568756103516,1702.8548583984375,0.0,1920.0,190.8313751220703
566,22.64,2,2,car,0.7067710757255554,792.8891296386719,391.3023452758789,619.584716796875,233.23255920410156,966.1935424804688,549.3721313476562
567,22.68,1,2,car,0.898830771446228,581.0309753417969,530.5222778320312,376.38629150390625,346.12713623046875,785.6756591796875,714.9174194335938
567,22.68,13,2,car,0.8498347401618958,1410.5697021484375,201.70058822631836,1241.3970947265625,70.42742156982422,1579.7423095703125,332.9737548828125
567,22.68,14,2,car,0.7223659753799438,1810.4655151367188,97.84976196289062,1700.9310302734375,0.0,1920.0,195.69952392578125
567,22.68,2,2,car,0.6862838268280029,793.1178894042969,390.89039611816406,619.3451538085938,232.23641967773438,966.890625,549.5443725585938
568,22.72,1,2,car,0.8990597724914551,581.1973724365234,530.3439483642578,376.2600402832031,345.5765075683594,786.1347045898438,715.1113891601562
568,22.72,13,2,car,0.839185893535614,1405.3544311523438,209.18841171264648,1234.5091552734375,75.5821762084961,1576.19970703125,342.7946472167969
568,22.72,2,2,car,0.6985855102539062,793.0470275878906,390.63580322265625,619.1306762695312,231.71539306640625,966.96337890625,549.5562133789062
568,22.72,14,2,car,0.6668676137924194,1809.5227661132812,100.25337219238281,1699.0455322265625,0.0,1920.0,200.50674438476562
569,22.76,1,2,car,0.8950918316841125,581.2018127441406,530.2858123779297,376.37811279296875,345.5684509277344,786.0255126953125,715.003173828125
569,22.76,13,2,car,0.8613981008529663,1401.07275390625,216.03647994995117,1230.33447265625,81.61949920654297,1571.81103515625,350.4534606933594
569,22.76,2,2,car,0.7009933590888977,793.1060180664062,390.7290725708008,619.3706665039062,231.86512756347656,966.8413696289062,549.593017578125
569,22.76,14,2,car,0.6371714472770691,1809.21875,102.49862366169691,1698.4375,0.23926697671413422,1920.0,204.7579803466797
570,22.8,1,2,car,0.8964174389839172,581.1983795166016,530.2273101806641,376.3476257324219,345.4316101074219,786.0491333007812,715.0230102539062
570,22.8,13,2,car,0.8864938616752625,1396.3629760742188,224.56903076171875,1224.462158203125,88.33828735351562,1568.2637939453125,360.7997741699219
570,22.8,2,2,car,0.7224501371383667,792.8511047363281,391.2180862426758,619.6783447265625,232.87928771972656,966.0238647460938,549.556884765625
570,22.8,14,2,car,0.6972140669822693,1808.6151123046875,106.2928456068039,1697.230224609375,1.648252248764038,1920.0,210.93743896484375
571,22.84,1,2,car,0.8984929919242859,581.2251586914062,530.1572265625,376.33673095703125,345.24908447265625,786.1135864257812,715.0653686523438
571,22.84,13,2,car,0.8870699405670166,1393.3270263671875,231.7013931274414,1220.627685546875,94.05226135253906,1566.0263671875,369.35052490234375
571,22.84,14,2,car,0.7482625246047974,1807.9063110351562,107.99779438972473,1695.8126220703125,1.1689743995666504,1920.0,214.8266143798828
571,22.84,2,2,car,0.7351565361022949,792.5570678710938,391.11190032958984,619.2559204101562,232.5869598388672,965.8582153320312,549.6368408203125
572,22.88,1,2,car,0.9010603427886963,581.2468872070312,530.2385864257812,376.530029296875,345.4378662109375,785.9637451171875,715.039306640625
572,22.88,13,2,car,0.8419297337532043,1389.9668579101562,238.17230606079102,1216.541015625,99.15677642822266,1563.3927001953125,377.1878356933594
572,22.88,14,2,car,0.7445200085639954,1806.9401245117188,110.11220091581345,1693.8802490234375,1.3229888677597046,1920.0,218.9014129638672
572,22.88,2,2,car,0.7371478080749512,792.4605407714844,391.13426208496094,619.23876953125,232.63973999023438,965.6823120117188,549.6287841796875
573,22.92,1,2,car,0.9027988910675049,581.2858581542969,530.4065246582031,376.7471923828125,345.7452392578125,785.8245239257812,715.0678100585938
573,22.92,13,2,car,0.8378394842147827,1386.3975830078125,247.46195220947266,1209.784912109375,104.85871887207031,1563.01025390625,390.065185546875
573,22.92,14,2,car,0.8197400569915771,1804.9756469726562,114.3087118268013,1689.9512939453125,1.7795482873916626,1920.0,226.83787536621094
573,22.92,2,2,car,0.750480055809021,792.4918212890625,391.55785369873047,619.609375,233.3992156982422,965.374267578125,549.7164916992188
574,22.96,1,2,car,0.9039289355278015,581.3256683349609,530.5743560791016,377.0743103027344,346.1615295410156,785.5770263671875,714.9871826171875
574,22.96,13,2,car,0.8529722690582275,1383.7927856445312,254.63580322265625,1207.394775390625,111.48672485351562,1560.1907958984375,397.7848815917969
574,22.96,14,2,car,0.8245649933815002,1803.1674194335938,118.12323951721191,1686.3348388671875,1.5524024963378906,1920.0,234.69407653808594
574,22.96,2,2,car,0.7448133826255798,792.5254211425781,391.0967788696289,619.2251586914062,232.52223205566406,965.82568359375,549.6713256835938
575,23.0,1,2,car,0.9042184352874756,581.2695007324219,530.541015625,377.01922607421875,346.10955810546875,785.519775390625,714.9724731445312
575,23.0,14,2,car,0.8435441851615906,1801.86279296875,120.14075800776482,1683.7255859375,0.6621007323265076,1920.0,239.61941528320312
575,23.0,13,2,car,0.8419132232666016,1379.5961303710938,259.8514404296875,1204.850341796875,117.84939575195312,1554.3419189453125,401.8534851074219
575,23.0,2,2,car,0.7576940655708313,792.4850158691406,391.10992431640625,619.1945190429688,232.5482177734375,965.7755126953125,549.671630859375
576,23.04,1,2,car,0.9018959403038025,581.1679840087891,530.2401580810547,376.7873229980469,345.6578063964844,785.5486450195312,714.822509765625
576,23.04,13,2,car,0.8512642979621887,1375.7904663085938,266.88349533081055,1201.549072265625,125.26451873779297,1550.0318603515625,408.5024719238281
576,23.04,14,2,car,0.8306358456611633,1801.132568359375,124.02400755882263,1682.26513671875,2.762263774871826,1920.0,245.28575134277344
576,23.04,2,2,car,0.7770304679870605,792.8067626953125,391.93836975097656,620.2326049804688,234.13607788085938,965.3809204101562,549.7406616210938
577,23.08,1,2,car,0.9001808762550354,581.1434326171875,530.0267333984375,376.67913818359375,345.33258056640625,785.6077270507812,714.7208862304688
577,23.08,13,2,car,0.8638439178466797,1373.6907348632812,273.9593734741211,1200.04248046875,133.0230255126953,1547.3389892578125,414.8957214355469
577,23.08,14,2,car,0.8078385591506958,1800.2329711914062,127.78088593482971,1680.4659423828125,4.999821186065674,1920.0,250.56195068359375
577,23.08,2,2,car,0.7753804922103882,792.9420166015625,391.75086975097656,620.0870971679688,233.71200561523438,965.7969360351562,549.7897338867188
578,23.12,1,2,car,0.9051355719566345,581.0368957519531,529.7916412353516,376.32196044921875,344.8108215332031,785.7518310546875,714.7724609375
578,23.12,13,2,car,0.8679769039154053,1369.774169921875,279.7523193359375,1196.165771484375,139.26544189453125,1543.382568359375,420.23919677734375
578,23.12,2,2,car,0.7799702882766724,793.0835571289062,391.65252685546875,620.1019897460938,233.51641845703125,966.0651245117188,549.7886352539062
578,23.12,14,2,car,0.7263010740280151,1798.8629150390625,132.4925136566162,1677.725830078125,6.514995574951172,1920.0,258.47003173828125
579,23.16,1,2,car,0.9021217226982117,580.9373779296875,529.9024505615234,376.48291015625,345.1233825683594,785.391845703125,714.6815185546875
579,23.16,13,2,car,0.8836730718612671,1365.0308227539062,290.86043548583984,1186.3284912109375,146.0441436767578,1543.733154296875,435.6767272949219
579,23.16,2,2,car,0.761550784111023,793.0687561035156,392.6024169921875,620.8966674804688,235.36871337890625,965.2408447265625,549.8361206054688
579,23.16,14,2,car,0.7532394528388977,1798.6052856445312,136.87117767333984,1677.2105712890625,9.858993530273438,1920.0,263.88336181640625
580,23.2,1,2,car,0.901889443397522,580.8520812988281,530.108642578125,376.51409912109375,345.413818359375,785.1900634765625,714.803466796875
580,23.2,13,2,car,0.874341607093811,1357.5895385742188,299.77272033691406,1175.831298828125,151.81643676757812,1539.3477783203125,447.72900390625
580,23.2,2,2,car,0.7814640402793884,792.9862365722656,393.1873474121094,621.2249755859375,236.5069580078125,964.7474975585938,549.8677368164062
580,23.2,14,2,car,0.726216733455658,1798.0321655273438,141.09375190734863,1676.0643310546875,13.46146011352539,1920.0,268.7260437011719
581,23.24,1,2,car,0.8972789645195007,580.8415222167969,530.406494140625,376.77874755859375,345.9677734375,784.904296875,714.84521484375
581,23.24,13,2,car,0.7864840030670166,1345.6825561523438,308.4213333129883,1160.6192626953125,158.41554260253906,1530.745849609375,458.4271240234375
581,23.24,14,2,car,0.7647594809532166,1797.6000366210938,145.91064739227295,1675.2000732421875,17.939367294311523,1920.0,273.8819274902344
581,23.24,2,2,car,0.7636497020721436,793.0256042480469,393.51915740966797,621.3716430664062,237.1082000732422,964.6795654296875,549.9301147460938
582,23.28,1,2,car,0.890953779220581,580.8055877685547,530.5631103515625,376.8641052246094,346.24749755859375,784.7470703125,714.8787231445312
582,23.28,13,2,car,0.8293713927268982,1331.6433715820312,316.15987396240234,1145.7027587890625,165.97291564941406,1517.583984375,466.3468322753906
582,23.28,14,2,car,0.7687177658081055,1796.4576416015625,152.3414249420166,1672.915283203125,22.852252960205078,1920.0,281.8305969238281
582,23.28,2,2,car,0.7539096474647522,793.0128479003906,393.93104553222656,621.6221313476562,237.96011352539062,964.403564453125,549.9019775390625
583,23.32,1,2,car,0.8964384198188782,580.9337310791016,530.0885314941406,376.6147155761719,345.36920166015625,785.2527465820312,714.807861328125
583,23.32,13,2,car,0.798160970211029,1322.397216796875,324.07202911376953,1134.00390625,172.21189880371094,1510.79052734375,475.9321594238281
583,23.32,14,2,car,0.7528412938117981,1795.275146484375,157.8958396911621,1670.55029296875,27.405357360839844,1920.0,288.3863220214844
583,23.32,2,2,car,0.7348120212554932,793.0205688476562,393.39896392822266,620.8372802734375,236.7490997314453,965.203857421875,550.048828125
584,23.36,1,2,car,0.8940040469169617,580.7606048583984,529.5647888183594,375.9258728027344,344.27093505859375,785.5953369140625,714.858642578125
584,23.36,13,2,car,0.8261592388153076,1320.3773803710938,333.92525482177734,1127.782958984375,178.3960418701172,1512.9718017578125,489.4544677734375
584,23.36,2,2,car,0.7109405994415283,793.52783203125,392.42236328125,620.9060668945312,235.38543701171875,966.1495971679688,549.4592895507812
584,23.36,14,2,car,0.6696043610572815,1793.4161376953125,165.88316345214844,1666.832275390625,33.50030517578125,1920.0,298.2660217285156
585,23.4,1,2,car,0.8884949684143066,580.537841796875,529.7835845947266,376.07574462890625,344.8376159667969,784.9999389648438,714.7295532226562
585,23.4,13,2,car,0.8655149340629578,1319.8001708984375,340.57605743408203,1126.748779296875,184.25413513183594,1512.8515625,496.8979797363281
585,23.4,2,2,car,0.6827009916305542,793.07568359375,391.93994903564453,620.0501098632812,234.53858947753906,966.1012573242188,549.34130859375
585,23.4,14,2,car,0.6236851215362549,1792.17041015625,172.1479778289795,1664.3408203125,38.537593841552734,1920.0,305.75836181640625
586,23.44,1,2,car,0.8854669332504272,580.6024322509766,530.0226593017578,376.4181823730469,345.3559265136719,784.7866821289062,714.6893920898438
586,23.44,13,2,car,0.8478010892868042,1317.915771484375,348.5163345336914,1125.44384765625,192.1650848388672,1510.3876953125,504.8675842285156
586,23.44,2,2,car,0.6973658204078674,792.631103515625,392.2800750732422,619.9954223632812,235.32675170898438,965.2667846679688,549.2333984375
586,23.44,14,2,car,0.6659112572669983,1791.3356323242188,177.8741226196289,1662.6712646484375,43.80686950683594,1920.0,311.9413757324219
587,23.48,1,2,car,0.8769974112510681,580.6198120117188,529.9737854003906,376.35174560546875,345.21331787109375,784.8878784179688,714.7342529296875
587,23.48,13,2,car,0.8479214906692505,1314.4694213867188,356.8129119873047,1121.25830078125,199.28555297851562,1507.6805419921875,514.3402709960938
587,23.48,14,2,car,0.7426390647888184,1791.52587890625,179.63314056396484,1665.3062744140625,50.01383972167969,1917.7454833984375,309.25244140625
587,23.48,2,2,car,0.7154249548912048,792.9861145019531,392.8856430053711,620.875732421875,236.51756286621094,965.0964965820312,549.2537231445312
588,23.52,13,2,car,0.9145575165748596,1309.2974243164062,365.6240768432617,1116.455322265625,208.05723571777344,1502.1395263671875,523.19091796875
588,23.52,1,2,car,0.8815318942070007,580.6301422119141,530.0648040771484,376.5240173339844,345.4388732910156,784.7362670898438,714.6907348632812
588,23.52,14,2,car,0.775353729724884,1790.2154541015625,184.78395462036133,1662.7135009765625,53.94165802001953,1917.7174072265625,315.6262512207031
588,23.52,2,2,car,0.7069330811500549,793.1916809082031,392.75929260253906,620.9893188476562,236.39816284179688,965.39404296875,549.1204223632812
589,23.56,13,2,car,0.8708003759384155,1303.1052856445312,379.29156494140625,1105.49853515625,216.7822265625,1500.7120361328125,541.8009033203125
589,23.56,1,2,car,0.8603171110153198,580.0130462646484,529.731201171875,375.5180358886719,344.64849853515625,784.508056640625,714.8139038085938
589,23.56,14,2,car,0.7802274823188782,1788.9711303710938,190.5590000152588,1660.09912109375,58.37471389770508,1917.8431396484375,322.7432861328125
589,23.56,2,2,car,0.678748607635498,793.4485473632812,392.1610107421875,620.9663696289062,235.52374267578125,965.9307250976562,548.7982788085938
590,23.6,13,2,car,0.8977578282356262,1297.0635986328125,386.83905029296875,1101.3226318359375,225.59210205078125,1492.8045654296875,548.0859985351562
590,23.6,1,2,car,0.8778263926506042,580.4917602539062,529.8905639648438,376.21331787109375,344.99609375,784.7702026367188,714.7850341796875
590,23.6,14,2,car,0.7829083204269409,1788.1022338867188,199.24090957641602,1657.7066650390625,65.4715347290039,1918.497802734375,333.0102844238281
590,23.6,2,2,car,0.6826489567756653,793.5715026855469,391.8141326904297,620.7566528320312,234.95266723632812,966.3863525390625,548.6755981445312
591,23.64,13,2,car,0.8975409269332886,1290.84326171875,392.4593200683594,1092.787841796875,228.89276123046875,1488.898681640625,556.02587890625
591,23.64,1,2,car,0.8649833798408508,580.7224426269531,529.8858184814453,376.3841552734375,344.9172058105469,785.0607299804688,714.8544311523438
591,23.64,14,2,car,0.7900843024253845,1786.1688842773438,208.11138534545898,1652.7210693359375,71.03343963623047,1919.61669921875,345.1893310546875
591,23.64,2,2,car,0.6920250654220581,794.0408630371094,392.4066696166992,621.8740844726562,236.25804138183594,966.2076416015625,548.5552978515625
592,23.68,1,2,car,0.8683711886405945,580.7993011474609,529.8435974121094,376.5821838378906,344.9847412109375,785.0164184570312,714.7024536132812
592,23.68,13,2,car,0.8670141100883484,1284.2972412109375,398.7564163208008,1085.541259765625,234.31105041503906,1483.05322265625,563.2017822265625
592,23.68,14,2,car,0.6831481456756592,1783.82861328125,215.2753448486328,1648.515869140625,76.26675415039062,1919.141357421875,354.283935546875
592,23.68,2,2,car,0.6491091847419739,794.6349487304688,391.86373138427734,621.5112915039062,234.95994567871094,967.7586059570312,548.7675170898438
593,23.72,1,2,car,0.8575781583786011,580.1741638183594,529.8090667724609,375.8173828125,344.7869567871094,784.5309448242188,714.8311767578125
593,23.72,13,2,car,0.8282033801078796,1278.0409545898438,404.35943603515625,1077.1256103515625,237.70001220703125,1478.956298828125,571.0188598632812
593,23.72,14,2,car,0.6883953809738159,1780.97802734375,221.2395477294922,1646.5234375,83.74411010742188,1915.4326171875,358.7349853515625
593,23.72,2,2,car,0.6654479503631592,794.164306640625,391.74153900146484,620.80078125,234.58445739746094,967.52783203125,548.8986206054688
594,23.76,13,2,car,0.9018447399139404,1270.1112670898438,413.8576889038086,1064.2626953125,242.3481903076172,1475.9598388671875,585.3671875
594,23.76,1,2,car,0.879986047744751,580.3013916015625,530.1511383056641,376.07891845703125,345.2862854003906,784.5238647460938,715.0159912109375
594,23.76,14,2,car,0.8349105715751648,1779.3331298828125,229.19032669067383,1643.5374755859375,90.68802642822266,1915.1287841796875,367.692626953125
594,23.76,2,2,car,0.6996763944625854,793.4361877441406,391.3055648803711,619.6650390625,233.58372497558594,967.2073364257812,549.0274047851562
595,23.8,1,2,car,0.8903257250785828,580.3929290771484,529.8143463134766,376.0730895996094,344.8641052246094,784.7127685546875,714.7645874023438
595,23.8,13,2,car,0.8847702741622925,1265.354736328125,426.09120178222656,1064.199462890625,258.8855285644531,1466.510009765625,593.296875
595,23.8,14,2,car,0.7998755574226379,1778.3453979492188,236.8877716064453,1640.3558349609375,96.35311889648438,1916.3349609375,377.42242431640625
595,23.8,2,2,car,0.7130565047264099,793.5796813964844,391.3551483154297,619.971923828125,233.69235229492188,967.1874389648438,549.0179443359375
596,23.84,13,2,car,0.901641845703125,1255.9238891601562,438.14524841308594,1055.07666015625,271.4161071777344,1456.7711181640625,604.8743896484375
596,23.84,1,2,car,0.8984193801879883,580.3284149169922,529.6879119873047,375.9803771972656,344.7082824707031,784.6764526367188,714.6675415039062
596,23.84,14,2,car,0.8211737275123596,1777.0877685546875,244.8692512512207,1637.2435302734375,102.60208892822266,1916.9320068359375,387.13641357421875
596,23.84,2,2,car,0.7461263537406921,793.2803039550781,391.9965515136719,620.1925659179688,234.84246826171875,966.3680419921875,549.150634765625
597,23.88,1,2,car,0.8745142221450806,580.1888885498047,529.8313140869141,375.8384094238281,344.8865661621094,784.5393676757812,714.7760620117188
597,23.88,13,2,car,0.8691692352294922,1247.9822998046875,450.16282653808594,1047.4906005859375,284.1766052246094,1448.4739990234375,616.1490478515625
597,23.88,14,2,car,0.8125975131988525,1775.0491333007812,253.4206199645996,1634.5634765625,110.93962860107422,1915.5347900390625,395.901611328125
597,23.88,2,2,car,0.7006993889808655,793.4852905273438,391.2935256958008,620.2867431640625,233.9232940673828,966.683837890625,548.6637573242188
598,23.92,13,2,car,0.8799158334732056,1238.318359375,461.92002868652344,1031.86572265625,290.8044128417969,1444.77099609375,633.03564453125
598,23.92,1,2,car,0.8593872785568237,579.3993835449219,529.4182586669922,374.483154296875,343.8675842285156,784.3156127929688,714.9689331054688
598,23.92,14,2,car,0.7995548248291016,1773.556884765625,260.7660827636719,1632.3284912109375,118.01150512695312,1914.7852783203125,403.5206604003906
598,23.92,2,2,car,0.6646491289138794,793.5923461914062,391.06713104248047,620.2031860351562,233.4484100341797,966.9815063476562,548.6858520507812
599,23.96,13,2,car,0.8878575563430786,1230.6004028320312,471.8716125488281,1022.3951416015625,299.25006103515625,1438.8056640625,644.4931640625
599,23.96,1,2,car,0.8681726455688477,579.0302886962891,529.3593444824219,374.0262756347656,343.7030029296875,784.0343017578125,715.0156860351562
599,23.96,14,2,car,0.8021494746208191,1770.8220825195312,269.3931770324707,1628.013916015625,125.75824737548828,1913.6302490234375,413.0281066894531
599,23.96,2,2,car,0.6872117519378662,793.1819763183594,390.89893341064453,619.5463256835938,233.0307159423828,966.817626953125,548.7671508789062
600,24.0,13,2,car,0.887856662273407,1221.2478942871094,482.89447021484375,1009.8432006835938,307.389892578125,1432.652587890625,658.3990478515625
600,24.0,1,2,car,0.867749035358429,579.093017578125,529.3124084472656,374.12298583984375,343.71075439453125,784.0630493164062,714.9140625
600,24.0,14,2,car,0.8282861709594727,1767.4109497070312,278.0370864868164,1623.4415283203125,134.2523956298828,1911.38037109375,421.82177734375
600,24.0,2,2,car,0.661285936832428,792.8315124511719,390.1543197631836,619.0960083007812,232.02793884277344,966.5670166015625,548.2807006835938
601,24.04,13,2,car,0.8998076319694519,1212.9420776367188,493.70799255371094,999.8214111328125,316.7914123535156,1426.062744140625,670.6245727539062
601,24.04,1,2,car,0.8645167946815491,579.1295318603516,529.5954132080078,374.5676574707031,344.4692687988281,783.69140625,714.7215576171875
601,24.04,14,2,car,0.8086335062980652,1764.9638671875,283.15220642089844,1621.0001220703125,140.66262817382812,1908.9276123046875,425.64178466796875
601,24.04,2,2,car,0.6352221965789795,792.8738403320312,390.2200164794922,619.1697387695312,231.95919799804688,966.5779418945312,548.4808349609375
602,24.08,13,2,car,0.8888481259346008,1199.7942504882812,505.1797790527344,983.120361328125,325.68634033203125,1416.4681396484375,684.6732177734375
602,24.08,1,2,car,0.8715060353279114,579.1364898681641,529.6724700927734,374.6493225097656,344.7120666503906,783.6236572265625,714.6328735351562
602,24.08,14,2,car,0.7926824688911438,1762.0610961914062,293.46388244628906,1613.7071533203125,147.47760009765625,1910.4150390625,439.4501647949219
602,24.08,2,2,car,0.6654165387153625,794.0086669921875,388.6134262084961,621.2320556640625,230.97898864746094,966.7852783203125,546.2478637695312
603,24.12,13,2,car,0.8871551156044006,1191.2229614257812,514.8320465087891,971.6837158203125,333.0033874511719,1410.76220703125,696.6607055664062
603,24.12,1,2,car,0.8785161375999451,579.5410919189453,529.9850158691406,375.4702453613281,345.5211181640625,783.6119384765625,714.4489135742188
603,24.12,14,2,car,0.7711024880409241,1757.7918701171875,302.2923355102539,1604.57373046875,152.08360290527344,1911.010009765625,452.5010681152344
603,24.12,2,2,car,0.69913649559021,794.2257690429688,388.38765716552734,621.6951293945312,230.70652770996094,966.7564086914062,546.0687866210938
604,24.16,13,2,car,0.9014760851860046,1183.7527160644531,527.1373138427734,963.0513305664062,344.3801574707031,1404.4541015625,709.8944702148438
604,24.16,1,2,car,0.8856415152549744,579.8824005126953,530.2975006103516,376.0348815917969,346.1486511230469,783.7299194335938,714.4463500976562
604,24.16,14,2,car,0.7040005922317505,1755.479248046875,311.2957763671875,1599.7747802734375,159.30020141601562,1911.1837158203125,463.2913513183594
604,24.16,2,2,car,0.6838637590408325,794.1955871582031,388.2151870727539,622.0218505859375,230.62367248535156,966.3693237304688,545.8067016601562
605,24.2,13,2,car,0.9235526919364929,1175.9472961425781,543.2933197021484,950.8015747070312,356.6792297363281,1401.093017578125,729.9074096679688
605,24.2,1,2,car,0.8891496658325195,579.8791198730469,529.8993225097656,375.8675537109375,345.69879150390625,783.8906860351562,714.099853515625
605,24.2,14,2,car,0.790729284286499,1753.3802490234375,320.50682830810547,1595.343505859375,166.91758728027344,1911.4169921875,474.0960693359375
605,24.2,2,2,car,0.6942226886749268,792.8989868164062,389.3916702270508,620.219970703125,231.22413635253906,965.5780029296875,547.5592041015625
606,24.24,13,2,car,0.9253544211387634,1168.8532409667969,554.6083679199219,943.9514770507812,368.5850830078125,1393.7550048828125,740.6316528320312
606,24.24,1,2,car,0.8887354135513306,579.9353485107422,530.1009063720703,375.9679260253906,346.0483703613281,783.9027709960938,714.1534423828125
606,24.24,14,2,car,0.7962763905525208,1751.9851684570312,328.9351348876953,1591.76318359375,173.90240478515625,1912.2071533203125,483.9678649902344
606,24.24,2,2,car,0.6903315782546997,793.6380920410156,388.6206512451172,621.5809936523438,230.79727172851562,965.6951904296875,546.4440307617188
607,24.28,13,2,car,0.9097307324409485,1159.5116577148438,566.2239074707031,931.9534912109375,378.12567138671875,1387.06982421875,754.3221435546875
607,24.28,1,2,car,0.8920858502388,579.8610534667969,530.095458984375,375.83294677734375,346.1002197265625,783.88916015625,714.0906982421875
607,24.28,14,2,car,0.8009262681007385,1750.8936767578125,338.0563659667969,1590.05224609375,183.12643432617188,1911.735107421875,492.9862976074219
607,24.28,2,2,car,0.6970153450965881,793.9614868164062,388.4258270263672,622.408447265625,230.86630249023438,965.5145263671875,545.9853515625
608,24.32,13,2,car,0.8975653648376465,1150.5545349121094,578.0847625732422,919.9446411132812,387.7418518066406,1381.1644287109375,768.4276733398438
608,24.32,1,2,car,0.8749134540557861,579.8143920898438,529.7897033691406,375.5279541015625,345.64129638671875,784.100830078125,713.9381103515625
608,24.32,14,2,car,0.8295672535896301,1748.7549438476562,344.88970947265625,1585.9512939453125,188.37063598632812,1911.55859375,501.4087829589844
608,24.32,2,2,car,0.690898060798645,794.0304260253906,387.7568893432617,623.2815551757812,230.83885192871094,964.779296875,544.6749267578125
609,24.36,13,2,car,0.9047262072563171,1139.8761291503906,590.7713165283203,907.7130737304688,399.8071594238281,1372.0391845703125,781.7354736328125
609,24.36,1,2,car,0.885590672492981,579.6867828369141,529.8744354248047,375.0154113769531,345.4375305175781,784.358154296875,714.3113403320312
609,24.36,14,2,car,0.8048861026763916,1746.2134399414062,354.02725982666016,1582.9710693359375,198.0565643310547,1909.455810546875,509.9979553222656
609,24.36,2,2,car,0.6887968182563782,794.1143188476562,387.3607177734375,623.7359619140625,230.72540283203125,964.49267578125,543.9960327148438
610,24.4,13,2,car,0.8914329409599304,1125.5017700195312,605.6142120361328,890.33984375,412.3518371582031,1360.6636962890625,798.8765869140625
610,24.4,1,2,car,0.8873685598373413,579.6242523193359,529.924072265625,374.7608337402344,345.36865234375,784.4876708984375,714.4794921875
610,24.4,14,2,car,0.8560043573379517,1744.2640991210938,364.2933044433594,1578.64306640625,206.74456787109375,1909.8851318359375,521.842041015625
610,24.4,2,2,car,0.7196047306060791,793.2825622558594,386.1889190673828,624.1767578125,230.94308471679688,962.3883666992188,541.4347534179688
611,24.44,1,2,car,0.900920033454895,579.5033264160156,529.8909454345703,374.12615966796875,344.8552551269531,784.8804931640625,714.9266357421875
611,24.44,13,2,car,0.8791669011116028,1114.8039245605469,618.6333770751953,877.0338745117188,423.4674987792969,1352.573974609375,813.7992553710938
611,24.44,14,2,car,0.8413668870925903,1740.5369262695312,375.6774444580078,1572.6048583984375,216.35165405273438,1908.468994140625,535.0032348632812
611,24.44,2,2,car,0.7298916578292847,793.0123596191406,385.1488800048828,624.6912841796875,230.89999389648438,961.3334350585938,539.3977661132812
612,24.48,13,2,car,0.8942708969116211,1102.2526550292969,631.8576202392578,862.7774047851562,435.3658752441406,1341.7279052734375,828.349365234375
612,24.48,1,2,car,0.8854783177375793,579.6374969482422,530.1978759765625,374.2610168457031,345.1646728515625,785.0139770507812,715.2310791015625
612,24.48,14,2,car,0.8015685677528381,1736.6061401367188,383.00685119628906,1565.31591796875,220.60787963867188,1907.8963623046875,545.4058227539062
612,24.48,2,2,car,0.69552081823349,792.6515502929688,384.7733383178711,624.4423217773438,230.93589782714844,960.8607788085938,538.6107788085938
613,24.52,13,2,car,0.9146531820297241,1091.2197875976562,644.6664733886719,847.345458984375,444.4464111328125,1335.0941162109375,844.8865356445312
613,24.52,1,2,car,0.890363872051239,579.92919921875,530.3276062011719,374.6702880859375,345.3978271484375,785.1881103515625,715.2573852539062
613,24.52,14,2,car,0.7883729338645935,1735.0657958984375,392.29331970214844,1560.525146484375,227.19406127929688,1909.6064453125,557.392578125
613,24.52,2,2,car,0.6947935223579407,792.6210632324219,385.98633575439453,623.1227416992188,231.0021514892578,962.119384765625,540.9705200195312
614,24.56,13,2,car,0.903163731098175,1079.8482055664062,658.6543121337891,832.937255859375,455.9637756347656,1326.7591552734375,861.3448486328125
614,24.56,1,2,car,0.8734606504440308,580.0491943359375,530.5100860595703,375.0040283203125,345.7941589355469,785.0943603515625,715.2260131835938
614,24.56,14,2,car,0.7313807606697083,1733.2037353515625,403.84205627441406,1557.86083984375,238.69454956054688,1908.546630859375,568.9895629882812
614,24.56,2,2,car,0.6668820381164551,792.6441955566406,386.8794631958008,622.29931640625,231.09120178222656,962.9890747070312,542.667724609375
615,24.6,13,2,car,0.9254915118217468,1067.6150512695312,673.1483917236328,817.391845703125,467.6169128417969,1317.8382568359375,878.6798706054688
615,24.6,1,2,car,0.8808149099349976,580.0211334228516,530.2925872802734,375.1289978027344,345.7606506347656,784.9132690429688,714.8245239257812
615,24.6,14,2,car,0.8061594367027283,1727.6036376953125,415.6732711791992,1548.81884765625,247.49095153808594,1906.388427734375,583.8555908203125
615,24.6,2,2,car,0.6731796860694885,793.528076171875,387.2739562988281,622.6146850585938,230.786376953125,964.4414672851562,543.7615356445312
616,24.64,13,2,car,0.9054067730903625,1054.5645141601562,689.2401885986328,800.5423583984375,480.5620422363281,1308.586669921875,897.9183349609375
616,24.64,1,2,car,0.8819588422775269,580.3843078613281,529.9404296875,375.44232177734375,345.41485595703125,785.3262939453125,714.4660034179688
616,24.64,14,2,car,0.8233252167701721,1724.5974731445312,426.6069793701172,1543.8045654296875,256.7521667480469,1905.390380859375,596.4617919921875
616,24.64,2,2,car,0.638617217540741,794.1218566894531,387.29109954833984,623.096435546875,230.5781707763672,965.1472778320312,544.0040283203125
616,24.64,15,2,car,0.601478636264801,1500.7642211914062,34.596966326236725,1378.503173828125,1.6959315538406372,1623.0252685546875,67.49800109863281
617,24.68,13,2,car,0.8603044152259827,1042.9140930175781,705.8206329345703,785.4824829101562,494.4477233886719,1300.345703125,917.1935424804688
617,24.68,1,2,car,0.8419289588928223,579.6838684082031,530.2196044921875,374.8614501953125,345.8095703125,784.5062866210938,714.629638671875
617,24.68,14,2,car,0.8200408816337585,1722.7326049804688,437.8897399902344,1540.9246826171875,267.57305908203125,1904.54052734375,608.2064208984375
617,24.68,15,2,car,0.6765967607498169,1498.3042602539062,35.00271201133728,1374.67431640625,1.6677775382995605,1621.9342041015625,68.337646484375
617,24.68,2,2,car,0.6164171099662781,794.3060913085938,387.6371154785156,623.5013427734375,231.23480224609375,965.11083984375,544.0394287109375
618,24.72,1,2,car,0.8585044741630554,580.3609161376953,530.0329132080078,375.4242858886719,345.4920959472656,785.2975463867188,714.57373046875
618,24.72,14,2,car,0.8464258313179016,1719.8162841796875,448.77362060546875,1537.42236328125,278.4913330078125,1902.210205078125,619.055908203125
618,24.72,13,2,car,0.7975534200668335,1033.2171020507812,716.6001434326172,770.5318603515625,501.0267639160156,1295.90234375,932.1735229492188
618,24.72,15,2,car,0.6982380151748657,1496.3158569335938,36.77943742275238,1366.2406005859375,1.5434939861297607,1626.39111328125,72.015380859375
618,24.72,2,2,car,0.6354526877403259,794.8867492675781,387.6782913208008,623.988525390625,231.1320343017578,965.7849731445312,544.2245483398438
619,24.76,1,2,car,0.8694355487823486,580.5995025634766,529.4847412109375,375.7771911621094,345.0816650390625,785.4218139648438,713.8878173828125
619,24.76,14,2,car,0.8452594876289368,1713.7264404296875,460.2130126953125,1528.8370361328125,287.9903564453125,1898.6158447265625,632.4356689453125
619,24.76,13,2,car,0.8152005672454834,1020.0144958496094,729.4150085449219,749.8809204101562,507.2200927734375,1290.1480712890625,951.6099243164062
619,24.76,15,2,car,0.731174647808075,1493.90673828125,39.87570321559906,1352.8365478515625,1.3151729106903076,1634.9769287109375,78.43623352050781
619,24.76,2,2,car,0.6482519507408142,795.0681457519531,387.68688201904297,624.2163696289062,231.21421813964844,965.919921875,544.1595458984375
620,24.8,14,2,car,0.8725833296775818,1710.4990234375,472.85801696777344,1523.02392578125,298.6228942871094,1897.97412109375,647.0931396484375
620,24.8,1,2,car,0.872220516204834,580.7682037353516,529.4270782470703,376.0347595214844,345.1881408691406,785.5016479492188,713.666015625
620,24.8,13,2,car,0.8427249193191528,1008.3544006347656,750.0763244628906,737.9884643554688,528.1664428710938,1278.7203369140625,971.9862060546875
620,24.8,15,2,car,0.7923624515533447,1491.05419921875,42.79245591163635,1341.3017578125,1.3614392280578613,1640.806640625,84.22347259521484
620,24.8,2,2,car,0.6598479747772217,795.1535339355469,388.11849212646484,624.3700561523438,231.8064422607422,965.93701171875,544.4305419921875
621,24.84,1,2,car,0.872604489326477,580.5969543457031,529.0516510009766,376.228515625,345.2884216308594,784.9653930664062,712.8148803710938
621,24.84,13,2,car,0.8326256275177002,990.0142822265625,771.7826843261719,715.0318603515625,545.7138061523438,1264.9967041015625,997.8515625
621,24.84,14,2,car,0.8258557915687561,1706.0685424804688,484.66925048828125,1515.321044921875,307.86370849609375,1896.8160400390625,661.4747924804688
621,24.84,15,2,car,0.8098109364509583,1488.7317504882812,45.06401085853577,1334.0203857421875,1.6351475715637207,1643.443115234375,88.49287414550781
621,24.84,2,2,car,0.6426666378974915,795.1709594726562,388.60377502441406,623.763916015625,231.72854614257812,966.5780029296875,545.47900390625
622,24.88,13,2,car,0.8817334175109863,974.0774230957031,793.2308959960938,692.6057739257812,560.88720703125,1255.549072265625,1025.5745849609375
622,24.88,1,2,car,0.8605244159698486,580.207275390625,528.6421661376953,376.498046875,345.6236267089844,783.91650390625,711.6607055664062
622,24.88,14,2,car,0.8507698774337769,1702.451171875,498.5288543701172,1508.2939453125,318.6757507324219,1896.6083984375,678.3819580078125
622,24.88,15,2,car,0.8136924505233765,1487.36279296875,47.76809549331665,1329.8670654296875,2.835354804992676,1644.8585205078125,92.70083618164062
622,24.88,2,2,car,0.6421253085136414,795.3612060546875,389.25069427490234,623.4349975585938,231.86521911621094,967.2874145507812,546.6361694335938
623,24.92,1,2,car,0.8444594740867615,579.2756652832031,528.1746215820312,375.033447265625,344.56390380859375,783.5178833007812,711.7853393554688
623,24.92,13,2,car,0.8428328037261963,957.3126831054688,807.2299194335938,676.4678955078125,575.2896728515625,1238.157470703125,1039.170166015625
623,24.92,14,2,car,0.8221722841262817,1697.5858764648438,510.4508972167969,1501.8687744140625,329.52734375,1893.302978515625,691.3744506835938
623,24.92,15,2,car,0.8084108829498291,1483.90771484375,49.45108199119568,1325.639892578125,3.531581401824951,1642.175537109375,95.3705825805664
623,24.92,2,2,car,0.6177006959915161,795.3912048339844,389.5647277832031,622.9651489257812,231.66802978515625,967.8172607421875,547.46142578125
624,24.96,13,2,car,0.8827955722808838,942.0191650390625,822.5980224609375,662.0078125,591.5816650390625,1222.030517578125,1053.6143798828125
624,24.96,1,2,car,0.8436934947967529,579.1246185302734,528.6024169921875,374.3110656738281,344.358154296875,783.9381713867188,712.8466796875
624,24.96,14,2,car,0.8174310326576233,1689.7635498046875,521.7190704345703,1489.2205810546875,336.9783020019531,1890.3065185546875,706.4598388671875
624,24.96,15,2,car,0.8159224390983582,1480.9857177734375,52.40124213695526,1316.59228515625,3.685838460922241,1645.379150390625,101.11664581298828
624,24.96,2,2,car,0.6237412691116333,795.2579956054688,389.57623291015625,622.8712768554688,231.6875,967.6447143554688,547.4649658203125
625,25.0,13,2,car,0.8706279993057251,926.7983093261719,836.9527282714844,644.1035766601562,604.0245971679688,1209.4930419921875,1069.880859375
625,25.0,1,2,car,0.851383626461029,579.0102386474609,528.9333343505859,373.8150939941406,344.2266540527344,784.2053833007812,713.6400146484375
625,25.0,14,2,car,0.8351181149482727,1680.4722290039062,535.0114288330078,1478.4410400390625,350.1092224121094,1882.50341796875,719.9136352539062
625,25.0,15,2,car,0.7203245162963867,1478.521240234375,54.59930682182312,1310.9847412109375,3.825742244720459,1646.0577392578125,105.37287139892578
625,25.0,2,2,car,0.6233537793159485,794.9868469238281,389.6049346923828,622.5865478515625,231.63943481445312,967.3871459960938,547.5704345703125
626,25.04,14,2,car,0.8654523491859436,1676.1650390625,551.6509857177734,1471.5740966796875,365.1574401855469,1880.7559814453125,738.14453125
626,25.04,1,2,car,0.8631994724273682,579.4027099609375,528.9200592041016,373.77001953125,343.7127380371094,785.035400390625,714.1273803710938
626,25.04,13,2,car,0.8584067225456238,909.4026794433594,850.8044738769531,631.0416870117188,622.8954467773438,1187.763671875,1078.7135009765625
626,25.04,15,2,car,0.7695398926734924,1475.8555908203125,56.30769693851471,1305.5252685546875,3.423102617263794,1646.1859130859375,109.19229125976562
626,25.04,2,2,car,0.6558043956756592,794.1302490234375,389.17872619628906,621.5750122070312,231.10684204101562,966.6854858398438,547.2506103515625
627,25.08,1,2,car,0.8682933449745178,579.4785614013672,528.7216339111328,373.6358947753906,343.2032165527344,785.3212280273438,714.2400512695312
627,25.08,14,2,car,0.8654854893684387,1671.3272705078125,565.9415893554688,1463.7376708984375,377.466552734375,1878.9168701171875,754.4166259765625
627,25.08,13,2,car,0.8421043157577515,891.9809875488281,860.0560302734375,619.6644897460938,640.112060546875,1164.2974853515625,1080.0
627,25.08,15,2,car,0.8235101699829102,1473.7744750976562,58.77596366405487,1298.337890625,2.82932448387146,1649.2110595703125,114.72260284423828
627,25.08,2,2,car,0.6379412412643433,795.5549621582031,389.0219497680664,622.6486206054688,230.8760528564453,968.4613037109375,547.1678466796875
628,25.12,14,2,car,0.8793924450874329,1668.7883911132812,580.2027587890625,1457.3646240234375,388.4951171875,1880.212158203125,771.910400390625
628,25.12,1,2,car,0.8706183433532715,579.5488891601562,528.5252075195312,373.883544921875,343.0943603515625,785.2142333984375,713.9560546875
628,25.12,13,2,car,0.8632356524467468,875.8026428222656,868.0125732421875,609.1742553710938,656.025146484375,1142.4310302734375,1080.0
628,25.12,15,2,car,0.8204517364501953,1471.365478515625,60.553574562072754,1293.057861328125,2.058076858520508,1649.673095703125,119.049072265625
628,25.12,2,2,car,0.6579463481903076,795.2896423339844,388.9889450073242,622.19677734375,230.80137634277344,968.3825073242188,547.176513671875
629,25.16,13,2,car,0.8994203209877014,859.2893371582031,876.1214904785156,598.6084594726562,672.2429809570312,1119.97021484375,1080.0
629,25.16,14,2,car,0.8703848123550415,1666.7537231445312,595.9039306640625,1453.9908447265625,403.2547607421875,1879.5166015625,788.5531005859375
629,25.16,1,2,car,0.8690809011459351,579.6721343994141,528.4331512451172,374.0566101074219,342.9907531738281,785.2876586914062,713.8755493164062
629,25.16,15,2,car,0.7860949039459229,1469.8477783203125,61.26702797412872,1290.7115478515625,0.7689573764801025,1648.9840087890625,121.76509857177734
629,25.16,2,2,car,0.6431262493133545,795.05615234375,388.8901062011719,621.978515625,230.79388427734375,968.1337890625,546.986328125
630,25.2,13,2,car,0.8674821853637695,844.8933715820312,885.4257202148438,590.9124755859375,690.8514404296875,1098.874267578125,1080.0
630,25.2,1,2,car,0.8647618889808655,579.8113861083984,528.3438110351562,374.2251892089844,342.86383056640625,785.3975830078125,713.8237915039062
630,25.2,14,2,car,0.8222261667251587,1663.6522827148438,610.3873443603516,1448.007080078125,415.1367492675781,1879.2974853515625,805.637939453125
630,25.2,15,2,car,0.7953298687934875,1467.8406372070312,62.440759375691414,1289.533203125,0.428248792886734,1646.1480712890625,124.4532699584961
630,25.2,2,2,car,0.6197859048843384,795.3177795410156,388.87227630615234,622.2053833007812,230.8618621826172,968.43017578125,546.8826904296875
631,25.24,1,2,car,0.869701623916626,579.8318328857422,528.3939971923828,374.2993469238281,342.9023132324219,785.3643188476562,713.8856811523438
631,25.24,13,2,car,0.840201735496521,827.0693664550781,893.5826416015625,579.6773071289062,709.1514892578125,1074.46142578125,1078.0137939453125
631,25.24,14,2,car,0.8246707916259766,1659.9605712890625,624.6340179443359,1442.8131103515625,428.0987243652344,1877.1080322265625,821.1693115234375
631,25.24,15,2,car,0.7813507914543152,1465.0059814453125,65.61944204568863,1283.242431640625,0.4395829439163208,1646.76953125,130.79930114746094
631,25.24,2,2,car,0.6509776711463928,795.2061767578125,389.86190032958984,621.7626342773438,231.7900848388672,968.6497192382812,547.9337158203125
632,25.28,1,2,car,0.8733237981796265,579.8906097412109,528.617431640625,374.2359313964844,342.949462890625,785.5452880859375,714.285400390625
632,25.28,14,2,car,0.8636704087257385,1657.0933227539062,640.9577789306641,1435.7120361328125,440.3155822753906,1878.474609375,841.5999755859375
632,25.28,13,2,car,0.8446112275123596,810.1575317382812,902.4496765136719,566.159912109375,725.7262573242188,1054.1551513671875,1079.173095703125
632,25.28,15,2,car,0.8161194920539856,1461.9258422851562,69.57728427648544,1277.0760498046875,1.1474426984786987,1646.775634765625,138.0071258544922
632,25.28,2,2,car,0.6755850911140442,794.7991027832031,390.30448150634766,621.031982421875,232.1021270751953,968.5662231445312,548.5068359375
633,25.32,1,2,car,0.8741632699966431,579.8208770751953,529.0647583007812,374.0528869628906,343.21014404296875,785.5888671875,714.9193725585938
633,25.32,14,2,car,0.8633582592010498,1652.4896240234375,659.7520904541016,1428.6363525390625,456.7139587402344,1876.3428955078125,862.7902221679688
633,25.32,13,2,car,0.7906880378723145,797.9750061035156,910.3287048339844,559.1100463867188,742.5806274414062,1036.8399658203125,1078.0767822265625
633,25.32,15,2,car,0.7834270596504211,1458.82666015625,72.19400227069855,1275.1212158203125,2.0908243656158447,1642.5321044921875,142.29718017578125
633,25.32,2,2,car,0.6918148398399353,793.7718200683594,390.4915771484375,619.9412841796875,232.2764892578125,967.6023559570312,548.7066650390625
634,25.36,14,2,car,0.8770703673362732,1648.6830444335938,676.3824920654297,1421.693603515625,470.2355041503906,1875.6724853515625,882.5294799804688
634,25.36,1,2,car,0.8727091550827026,579.5755920410156,529.1474304199219,373.64752197265625,343.0577392578125,785.503662109375,715.2371215820312
634,25.36,13,2,car,0.830862820148468,782.5887451171875,919.3421020507812,550.0896606445312,761.8963623046875,1015.0878295898438,1076.787841796875
634,25.36,15,2,car,0.7913877964019775,1457.2340698242188,73.83542823791504,1276.00048828125,2.6954383850097656,1638.4676513671875,144.9754180908203
634,25.36,2,2,car,0.6787577271461487,793.9131774902344,390.43408203125,620.1010131835938,232.21917724609375,967.725341796875,548.6489868164062
635,25.4,14,2,car,0.8701717257499695,1642.8939819335938,690.3744354248047,1415.3812255859375,483.5459289550781,1870.40673828125,897.2029418945312
635,25.4,1,2,car,0.8612496852874756,579.9442596435547,528.2447814941406,374.1153259277344,342.18505859375,785.773193359375,714.3045043945312
635,25.4,13,2,car,0.8050820231437683,768.9493103027344,929.7611083984375,542.0943603515625,781.734619140625,995.8042602539062,1077.78759765625
635,25.4,15,2,car,0.7779673933982849,1455.5880126953125,75.39398670196533,1276.6619873046875,3.216958999633789,1634.5140380859375,147.57101440429688
635,25.4,2,2,car,0.6675639152526855,794.033935546875,389.93507385253906,619.8523559570312,231.18923950195312,968.2155151367188,548.680908203125
636,25.44,14,2,car,0.8635051250457764,1636.3599243164062,706.140380859375,1406.1961669921875,496.64453125,1866.523681640625,915.63623046875
636,25.44,1,2,car,0.8610640168190002,579.8928680419922,528.7135162353516,374.1532287597656,342.6683044433594,785.6325073242188,714.7587280273438
636,25.44,15,2,car,0.7330130934715271,1454.00048828125,77.99613690376282,1273.7318115234375,3.1663155555725098,1634.2691650390625,152.82595825195312
636,25.44,13,2,car,0.7195645570755005,749.9259948730469,938.6448669433594,530.7218627929688,801.8311157226562,969.130126953125,1075.4586181640625
636,25.44,2,2,car,0.6603783369064331,793.9539489746094,389.53273010253906,619.9431762695312,230.80569458007812,967.9647216796875,548.259765625
637,25.48,1,2,car,0.8625485301017761,579.9175415039062,529.0247344970703,374.2908935546875,343.0233459472656,785.544189453125,715.026123046875
637,25.48,14,2,car,0.8476111888885498,1630.1159057617188,720.8923187255859,1390.18310546875,501.3069763183594,1870.0487060546875,940.4776611328125
637,25.48,13,2,car,0.7499886751174927,729.1203308105469,947.8288879394531,520.7723999023438,823.7582397460938,937.46826171875,1071.8995361328125
637,25.48,15,2,car,0.7061694264411926,1451.0516967773438,78.79372930526733,1271.467529296875,2.203120231628418,1630.6358642578125,155.38433837890625
637,25.48,2,2,car,0.664068877696991,793.7500915527344,389.3960952758789,619.8888549804688,230.6826934814453,967.611328125,548.1094970703125
638,25.52,1,2,car,0.8595806360244751,579.9140930175781,529.1104431152344,374.29345703125,343.06719970703125,785.5347290039062,715.1536865234375
638,25.52,14,2,car,0.8325687646865845,1624.88671875,737.79052734375,1373.656494140625,505.70318603515625,1876.116943359375,969.8778686523438
638,25.52,15,2,car,0.7962624430656433,1447.7249755859375,79.81747451424599,1267.4583740234375,0.8030398488044739,1627.9915771484375,158.8319091796875
638,25.52,13,2,car,0.7577833533287048,715.1093139648438,960.0301513671875,512.1543579101562,845.5218505859375,918.0642700195312,1074.5384521484375
638,25.52,2,2,car,0.6602632999420166,793.8508605957031,389.42415618896484,620.157470703125,230.72581481933594,967.5442504882812,548.1224975585938
639,25.56,1,2,car,0.8577922582626343,579.5656585693359,528.5285491943359,374.2173767089844,342.6593322753906,784.9139404296875,714.3977661132812
639,25.56,15,2,car,0.8219587206840515,1446.190673828125,81.15190829336643,1266.6575927734375,0.3275592625141144,1625.7237548828125,161.97625732421875
639,25.56,13,2,car,0.8144559264183044,701.0882263183594,971.2983703613281,503.0869140625,865.3414916992188,899.0895385742188,1077.2552490234375
639,25.56,14,2,car,0.8111196756362915,1618.4185180664062,752.3276977539062,1356.652099609375,507.59619140625,1880.1849365234375,997.0592041015625
639,25.56,2,2,car,0.6650943160057068,793.8808288574219,389.4485092163086,620.310791015625,230.7449188232422,967.4508666992188,548.152099609375
640,25.6,1,2,car,0.8616688251495361,579.9352722167969,528.4251556396484,373.93841552734375,341.8636169433594,785.93212890625,714.9866943359375
640,25.6,13,2,car,0.8357897996902466,688.3697357177734,983.1829223632812,502.6026306152344,889.9786376953125,874.1368408203125,1076.38720703125
640,25.6,15,2,car,0.7431007027626038,1443.94140625,81.20913649350405,1268.3253173828125,0.2136373668909073,1619.5574951171875,162.2046356201172
640,25.6,14,2,car,0.7262872457504272,1611.9879760742188,763.7367248535156,1340.6893310546875,506.65069580078125,1883.28662109375,1020.82275390625
640,25.6,2,2,car,0.6403352618217468,794.3565979003906,388.7677230834961,621.60595703125,230.64122009277344,967.1072387695312,546.8942260742188
641,25.64,1,2,car,0.8641543388366699,580.0201263427734,528.3475952148438,373.9380798339844,341.618896484375,786.1021728515625,715.0762939453125
641,25.64,14,2,car,0.8361769914627075,1606.0031127929688,792.4315795898438,1348.594482421875,548.1990966796875,1863.4117431640625,1036.6640625
641,25.64,13,2,car,0.814206600189209,669.7168121337891,993.4549255371094,494.8450622558594,911.6792602539062,844.5885620117188,1075.2305908203125
641,25.64,15,2,car,0.7816792726516724,1441.2242431640625,84.42730609700084,1262.8656005859375,0.027646861970424652,1619.5828857421875,168.82696533203125
641,25.64,2,2,car,0.646599292755127,794.5045471191406,388.43587493896484,622.1293334960938,230.48765563964844,966.8797607421875,546.3840942382812
642,25.68,1,2,car,0.8660984635353088,579.9851684570312,528.3332672119141,373.906005859375,341.5205383300781,786.0643310546875,715.14599609375
642,25.68,14,2,car,0.8559893369674683,1597.805419921875,821.0782165527344,1344.8330078125,581.1704711914062,1850.77783203125,1060.9859619140625
642,25.68,15,2,car,0.7855292558670044,1440.0864868164062,88.96534729003906,1257.2723388671875,0.0,1622.900634765625,177.93069458007812
642,25.68,13,2,car,0.7400296330451965,651.9614562988281,1004.9754638671875,487.5521240234375,933.7032470703125,816.3707885742188,1076.2476806640625
642,25.68,2,2,car,0.6570428609848022,794.5560302734375,388.30138397216797,622.4082641601562,230.40330505371094,966.7037963867188,546.199462890625
643,25.72,1,2,car,0.8716846108436584,580.0610198974609,528.3128967285156,373.7291564941406,341.12420654296875,786.3928833007812,715.5015869140625
643,25.72,14,2,car,0.8635238409042358,1592.645263671875,839.3190307617188,1344.137939453125,604.2808837890625,1841.152587890625,1074.357177734375
643,25.72,15,2,car,0.8275384306907654,1438.7005615234375,92.6319808959961,1253.7261962890625,0.0,1623.6749267578125,185.2639617919922
643,25.72,13,2,car,0.7189799547195435,632.67041015625,1016.9732055664062,484.07135009765625,958.439697265625,781.2694702148438,1075.5067138671875
643,25.72,2,2,car,0.6654188632965088,794.66259765625,388.18605041503906,622.65771484375,230.27322387695312,966.66748046875,546.098876953125
644,25.76,1,2,car,0.8635109066963196,580.1191253662109,528.2960815429688,373.7824401855469,340.96197509765625,786.455810546875,715.6301879882812
644,25.76,14,2,car,0.8433610796928406,1587.0855102539062,854.6227722167969,1347.810302734375,630.3922729492188,1826.3607177734375,1078.853271484375
644,25.76,15,2,car,0.7031771540641785,1438.7279052734375,95.45309448242188,1253.456298828125,0.0,1623.99951171875,190.90618896484375
644,25.76,13,2,car,0.6514585614204407,612.5814666748047,1031.336669921875,483.3703308105469,986.393798828125,741.7926025390625,1076.279541015625
644,25.76,2,2,car,0.6429013609886169,794.6047973632812,388.28184509277344,622.790283203125,230.41567993164062,966.4193115234375,546.1480102539062
645,25.8,1,2,car,0.8600715398788452,579.6839294433594,528.1352996826172,373.49224853515625,340.7776184082031,785.8756103515625,715.4929809570312
645,25.8,14,2,car,0.7888530492782593,1582.8027954101562,865.6894226074219,1349.9251708984375,651.3788452148438,1815.680419921875,1080.0
645,25.8,15,2,car,0.6819068193435669,1437.3284301757812,97.61138916015625,1252.9783935546875,0.0,1621.678466796875,195.2227783203125
645,25.8,2,2,car,0.6276784539222717,794.6213989257812,388.1783218383789,622.9645385742188,230.34169006347656,966.2782592773438,546.0149536132812
645,25.8,13,2,car,0.5758692026138306,599.1922454833984,1045.3122863769531,487.4376525878906,1011.7357788085938,710.9468383789062,1078.8887939453125
646,25.84,1,2,car,0.8669543862342834,580.0179748535156,528.2345428466797,373.97979736328125,340.8975524902344,786.05615234375,715.571533203125
646,25.84,14,2,car,0.851105809211731,1575.0671997070312,876.0050048828125,1350.23388671875,672.244140625,1799.9005126953125,1079.765869140625
646,25.84,15,2,car,0.7281631231307983,1435.8941650390625,99.61112976074219,1252.581787109375,0.0,1619.20654296875,199.22225952148438
646,25.84,2,2,car,0.6305485367774963,794.5950012207031,388.13135528564453,623.0068969726562,230.2637481689453,966.18310546875,545.9989624023438
647,25.88,1,2,car,0.8712874054908752,580.3672180175781,528.3584442138672,374.78570556640625,341.3565979003906,785.94873046875,715.3602905273438
647,25.88,15,2,car,0.7367985844612122,1434.4086303710938,101.75838215649128,1252.687744140625,0.3625132143497467,1616.1295166015625,203.1542510986328
647,25.88,14,2,car,0.7197471261024475,1567.653564453125,886.2476806640625,1348.049560546875,692.495361328125,1787.257568359375,1080.0
647,25.88,2,2,car,0.6442720890045166,794.5437927246094,388.0348434448242,623.1734008789062,230.2754364013672,965.9141845703125,545.7942504882812
648,25.92,1,2,car,0.869853138923645,580.5105133056641,528.4106597900391,375.1337585449219,341.5223693847656,785.8872680664062,715.2989501953125
648,25.92,15,2,car,0.775505542755127,1432.0753784179688,103.88603668287396,1250.5821533203125,0.11240539699792862,1613.568603515625,207.65966796875
648,25.92,14,2,car,0.7349551916122437,1559.8955688476562,896.7247009277344,1345.861083984375,713.4494018554688,1773.9300537109375,1080.0
648,25.92,2,2,car,0.6463571190834045,794.0882873535156,389.2669906616211,622.5751342773438,231.41978454589844,965.6014404296875,547.1141967773438
649,25.96,1,2,car,0.8624597787857056,580.0048065185547,528.3252716064453,374.7282409667969,341.4481506347656,785.2813720703125,715.202392578125
649,25.96,15,2,car,0.7581458687782288,1430.3110961914062,103.76081940252334,1252.802734375,0.01634400524199009,1607.8194580078125,207.5052947998047
649,25.96,14,2,car,0.7436074018478394,1554.8709106445312,908.5094909667969,1347.98876953125,737.0189819335938,1761.7530517578125,1080.0
649,25.96,2,2,car,0.6548358798027039,794.3915100097656,388.39090728759766,623.1224365234375,230.6864776611328,965.6605834960938,546.0953369140625
650,26.0,1,2,car,0.8680500984191895,580.2928619384766,528.4939727783203,375.2969665527344,341.8539123535156,785.2887573242188,715.134033203125
650,26.0,14,2,car,0.803725004196167,1551.3132934570312,919.2251586914062,1351.4278564453125,759.8426513671875,1751.19873046875,1078.607666015625
650,26.0,15,2,car,0.7406479716300964,1427.9799194335938,105.77581024169922,1250.8466796875,0.0,1605.1131591796875,211.55162048339844
650,26.0,2,2,car,0.6437758207321167,794.5809631347656,388.2448272705078,623.406494140625,230.58712768554688,965.7554321289062,545.9025268554688
651,26.04,1,2,car,0.8737525343894958,580.7167510986328,528.3938140869141,375.9397277832031,341.8965148925781,785.4937744140625,714.89111328125
651,26.04,15,2,car,0.7297865152359009,1426.8373413085938,106.87649891758338,1251.516845703125,0.004447420127689838,1602.1578369140625,213.74855041503906
651,26.04,2,2,car,0.6491497755050659,794.4150390625,389.09622955322266,622.9703369140625,231.28138732910156,965.8597412109375,546.9110717773438
651,26.04,14,2,car,0.6183785200119019,1547.8505859375,930.2428588867188,1353.9527587890625,782.2882080078125,1741.7484130859375,1078.197509765625
652,26.08,1,2,car,0.8723770976066589,580.8744049072266,528.4826202392578,376.2587585449219,342.0874328613281,785.4900512695312,714.8778076171875
652,26.08,15,2,car,0.7308821082115173,1426.364501953125,108.00916826725006,1256.010009765625,2.499293565750122,1596.718994140625,213.51904296875
652,26.08,2,2,car,0.6604547500610352,794.1177368164062,389.3525085449219,622.4600219726562,231.32916259765625,965.7754516601562,547.3758544921875
652,26.08,14,2,car,0.4192315638065338,1545.5074462890625,938.3989868164062,1362.94482421875,805.375244140625,1728.070068359375,1071.4227294921875
653,26.12,1,2,car,0.87343829870224,580.8713989257812,528.4346923828125,376.32513427734375,342.04962158203125,785.4176635742188,714.8197631835938
653,26.12,15,2,car,0.80021733045578,1424.0392456054688,116.89574384689331,1247.0120849609375,4.565398216247559,1601.06640625,229.22608947753906
653,26.12,2,2,car,0.6686229705810547,794.0519104003906,389.8937454223633,622.4383544921875,231.92530822753906,965.6654663085938,547.8621826171875
653,26.12,14,2,car,0.5214778184890747,1540.9852294921875,952.1900024414062,1365.09375,831.3116455078125,1716.876708984375,1073.068359375
654,26.16,1,2,car,0.8717248439788818,580.8757781982422,528.2728424072266,376.1372985839844,341.6259460449219,785.6142578125,714.9197387695312
654,26.16,15,2,car,0.7859110832214355,1422.6157836914062,125.06107378005981,1243.14892578125,8.335206031799316,1602.0826416015625,241.7869415283203
654,26.16,2,2,car,0.6724890470504761,794.2267150878906,390.12891387939453,622.7421264648438,232.2719268798828,965.7113037109375,547.9859008789062
655,26.2,1,2,car,0.871731162071228,580.8476715087891,528.2512969970703,376.0348815917969,341.4494323730469,785.6604614257812,715.0531616210938
655,26.2,15,2,car,0.7822508215904236,1421.7986450195312,133.99093437194824,1240.966064453125,13.499324798583984,1602.6312255859375,254.4825439453125
655,26.2,14,2,car,0.69786536693573,1529.7747802734375,980.18505859375,1373.8963623046875,881.4847412109375,1685.6531982421875,1078.8853759765625
655,26.2,2,2,car,0.6720585227012634,794.1219177246094,390.09486389160156,622.6058959960938,232.16268920898438,965.637939453125,548.0270385742188
656,26.24,1,2,car,0.8735295534133911,580.7172241210938,528.2193908691406,375.83197021484375,341.250732421875,785.6024780273438,715.1880493164062
656,26.24,15,2,car,0.7641485333442688,1421.632568359375,140.95085430145264,1244.207275390625,20.26032066345215,1599.057861328125,261.6413879394531
656,26.24,2,2,car,0.684437096118927,794.1774291992188,390.12935638427734,622.7051391601562,232.2129364013672,965.6497192382812,548.0457763671875
656,26.24,14,2,car,0.36853840947151184,1528.6287841796875,994.6361083984375,1379.98095703125,909.272216796875,1677.276611328125,1080.0
657,26.28,1,2,car,0.8757835030555725,580.5853118896484,528.4461822509766,375.9894104003906,341.6786804199219,785.1812133789062,715.2136840820312
657,26.28,15,2,car,0.7804087996482849,1421.2904663085938,146.025710105896,1246.51708984375,24.752134323120117,1596.0638427734375,267.2992858886719
657,26.28,2,2,car,0.6882836818695068,794.0872497558594,390.10765075683594,622.4619140625,232.02377319335938,965.7125854492188,548.1915283203125
658,26.32,1,2,car,0.8745761513710022,580.5201721191406,528.5438995361328,376.07366943359375,341.8506164550781,784.9666748046875,715.2371826171875
658,26.32,15,2,car,0.7685583233833313,1419.8960571289062,150.62600994110107,1249.4146728515625,30.1888484954834,1590.37744140625,271.06317138671875
658,26.32,2,2,car,0.6948491334915161,794.1535339355469,390.09239196777344,622.4793701171875,231.95150756835938,965.8276977539062,548.2332763671875
659,26.36,1,2,car,0.8708006143569946,580.6802978515625,528.6641845703125,376.2109375,341.8900146484375,785.149658203125,715.4383544921875
659,26.36,15,2,car,0.796937108039856,1418.2225341796875,156.3913230895996,1248.143310546875,34.21318817138672,1588.3017578125,278.5694580078125
659,26.36,2,2,car,0.685909628868103,794.1399536132812,390.2290802001953,622.6527099609375,232.25845336914062,965.627197265625,548.19970703125
660,26.4,1,2,car,0.8758857250213623,580.6546783447266,528.6605987548828,376.3707580566406,342.0287170410156,784.9385986328125,715.29248046875
660,26.4,15,2,car,0.8179168701171875,1416.4948120117188,163.54262924194336,1247.63232421875,40.360679626464844,1585.3572998046875,286.7245788574219
660,26.4,2,2,car,0.6998118758201599,794.14990234375,390.4280548095703,622.990966796875,232.79605102539062,965.308837890625,548.06005859375
661,26.44,1,2,car,0.8771114349365234,580.6536560058594,528.6974639892578,376.5003662109375,342.1706237792969,784.8069458007812,715.2243041992188
661,26.44,15,2,car,0.8237942457199097,1416.7897338867188,168.90538597106934,1250.3531494140625,45.78214645385742,1583.226318359375,292.02862548828125
661,26.44,2,2,car,0.6888428330421448,794.068603515625,390.72998046875,623.061279296875,233.2701416015625,965.075927734375,548.1898193359375
662,26.48,1,2,car,0.8734057545661926,580.6975250244141,528.6194000244141,376.4547424316406,341.9795227050781,784.9403076171875,715.25927734375
662,26.48,15,2,car,0.7993427515029907,1415.50830078125,172.0974464416504,1252.37646484375,49.94293975830078,1578.64013671875,294.251953125
662,26.48,2,2,car,0.6878786087036133,794.0653686523438,390.55747985839844,623.0123291015625,233.06008911132812,965.118408203125,548.0548706054688
663,26.52,1,2,car,0.8799309730529785,580.7082672119141,528.5721588134766,376.4617614746094,341.9014587402344,784.9547729492188,715.2428588867188
663,26.52,15,2,car,0.8106324076652527,1413.3545532226562,177.80164337158203,1250.8770751953125,54.71009826660156,1575.83203125,300.8931884765625
663,26.52,2,2,car,0.6914794445037842,794.2038269042969,390.3231964111328,622.8875732421875,232.58358764648438,965.5200805664062,548.0628051757812
664,26.56,1,2,car,0.8770521879196167,580.6115112304688,528.8192596435547,376.59930419921875,342.3704528808594,784.6237182617188,715.26806640625
664,26.56,15,2,car,0.798996090888977,1413.2835693359375,183.6281032562256,1251.51220703125,59.78254318237305,1575.054931640625,307.4736633300781
664,26.56,2,2,car,0.6905593276023865,794.0899353027344,390.2446060180664,622.679443359375,232.4063262939453,965.5004272460938,548.0828857421875
665,26.6,1,2,car,0.886576235294342,580.6025085449219,528.9129943847656,376.5604248046875,342.433837890625,784.6445922851562,715.3921508789062
665,26.6,15,2,car,0.8255007266998291,1411.7618408203125,189.19179916381836,1251.3831787109375,65.4790267944336,1572.1405029296875,312.9045715332031
665,26.6,2,2,car,0.6961506009101868,793.9681701660156,390.11988067626953,622.4622802734375,232.17958068847656,965.4740600585938,548.0601806640625
666,26.64,1,2,car,0.879970908164978,580.5263824462891,529.1112823486328,376.5727844238281,342.7303771972656,784.47998046875,715.4921875
666,26.64,15,2,car,0.8327108025550842,1409.3097534179688,195.9304542541504,1248.3492431640625,70.57987213134766,1570.270263671875,321.2810363769531
666,26.64,2,2,car,0.6863850355148315,793.9832153320312,390.1223831176758,622.6503295898438,232.3277130126953,965.3161010742188,547.9170532226562
667,26.68,1,2,car,0.8809704780578613,580.4739532470703,529.1287689208984,376.6131896972656,342.8684387207031,784.334716796875,715.3890991210938
667,26.68,15,2,car,0.8379483819007874,1408.0074462890625,201.56189727783203,1247.2508544921875,75.41893005371094,1568.7640380859375,327.7048645019531
667,26.68,2,2,car,0.6874485015869141,794.0492248535156,389.9474334716797,622.6827392578125,232.07394409179688,965.4157104492188,547.8209228515625
668,26.72,1,2,car,0.8813223838806152,580.4328765869141,529.1400299072266,376.7153625488281,343.0863342285156,784.150390625,715.1937255859375
668,26.72,15,2,car,0.8338677883148193,1404.8801879882812,209.39728546142578,1243.9862060546875,82.24006652832031,1565.774169921875,336.55450439453125
668,26.72,2,2,car,0.6969905495643616,794.4288024902344,388.68568420410156,623.6836547851562,231.36721801757812,965.1739501953125,546.004150390625
669,26.76,1,2,car,0.8859102725982666,580.5133514404297,528.7594909667969,376.4017028808594,342.34295654296875,784.625,715.176025390625
669,26.76,15,2,car,0.8440435528755188,1403.6871337890625,218.4266242980957,1242.75341796875,90.28324127197266,1564.620849609375,346.57000732421875
669,26.76,2,2,car,0.7095575332641602,794.4617919921875,389.35792541503906,623.3484497070312,231.66702270507812,965.5751342773438,547.048828125
670,26.8,1,2,car,0.8781337738037109,580.6348876953125,528.6159057617188,376.46893310546875,342.1578369140625,784.8008422851562,715.073974609375
670,26.8,15,2,car,0.8472373485565186,1401.144775390625,225.60345840454102,1239.0078125,95.28699493408203,1563.28173828125,355.919921875
670,26.8,2,2,car,0.706552267074585,794.2472229003906,389.9418411254883,623.1592407226562,232.2510528564453,965.335205078125,547.6326293945312
671,26.84,1,2,car,0.8782470226287842,580.7468414306641,528.5807189941406,376.5905456542969,342.13519287109375,784.9031372070312,715.0262451171875
671,26.84,15,2,car,0.8252782225608826,1399.8507690429688,231.26984024047852,1237.39501953125,99.66287994384766,1562.3065185546875,362.8768005371094
671,26.84,2,2,car,0.7115548253059387,794.2969970703125,389.8196105957031,622.9561767578125,231.88446044921875,965.6378173828125,547.7547607421875
672,26.88,1,2,car,0.8824820518493652,580.7876129150391,528.5410919189453,376.5782165527344,342.0536193847656,784.9970092773438,715.028564453125
672,26.88,15,2,car,0.8133785724639893,1400.3025512695312,238.21506118774414,1236.887939453125,104.75452423095703,1563.7171630859375,371.67559814453125
672,26.88,2,2,car,0.6889329552650452,794.070556640625,389.7446746826172,622.5941162109375,231.65115356445312,965.5469970703125,547.8381958007812
673,26.92,1,2,car,0.8802536725997925,580.8119049072266,528.5662078857422,376.5896301269531,342.0717468261719,785.0341796875,715.0606689453125
673,26.92,15,2,car,0.7934837937355042,1399.3687744140625,245.87588119506836,1235.0079345703125,110.6628646850586,1563.7296142578125,381.0888977050781
673,26.92,2,2,car,0.6964611411094666,794.1565551757812,389.84027099609375,622.7382202148438,231.791259765625,965.5748901367188,547.8892822265625
674,26.96,1,2,car,0.8757907748222351,580.8422088623047,528.5645446777344,376.6761779785156,342.13153076171875,785.0082397460938,714.99755859375
674,26.96,15,2,car,0.8185020089149475,1399.0528564453125,252.58002471923828,1234.99462890625,117.14405822753906,1563.111083984375,388.0159912109375
674,26.96,2,2,car,0.6811330318450928,794.1689758300781,389.7238235473633,622.6907958984375,231.59437561035156,965.6471557617188,547.853271484375
675,27.0,1,2,car,0.8805320858955383,580.8555145263672,528.4696807861328,376.7399597167969,342.0984191894531,784.9710693359375,714.8409423828125
675,27.0,15,2,car,0.8249324560165405,1398.4843139648438,259.81728744506836,1233.5615234375,123.16454315185547,1563.4071044921875,396.47003173828125
675,27.0,2,2,car,0.693211555480957,794.2112731933594,390.0279769897461,622.9348754882812,232.09190368652344,965.4876708984375,547.9640502929688
676,27.04,1,2,car,0.8766819834709167,580.9599151611328,528.5295867919922,376.9416198730469,342.2394104003906,784.9782104492188,714.8197631835938
676,27.04,15,2,car,0.8381208777427673,1397.1384887695312,267.1841354370117,1231.3038330078125,129.2617950439453,1562.97314453125,405.1064758300781
676,27.04,2,2,car,0.7027513980865479,793.8724365234375,390.20137786865234,622.8524169921875,232.5151824951172,964.8924560546875,547.8875732421875
677,27.08,1,2,car,0.8747791647911072,581.0125579833984,528.5376586914062,377.0632629394531,342.30548095703125,784.9618530273438,714.7698364257812
677,27.08,15,2,car,0.8179559707641602,1394.7030639648438,273.66866302490234,1230.351318359375,136.6125030517578,1559.0548095703125,410.7248229980469
677,27.08,2,2,car,0.6868084073066711,793.82958984375,390.32664489746094,623.0115356445312,232.87246704101562,964.6476440429688,547.7808227539062
678,27.12,1,2,car,0.8791193962097168,581.0274505615234,528.6074981689453,377.1241760253906,342.4175720214844,784.9307250976562,714.7974243164062
678,27.12,15,2,car,0.8266225457191467,1392.895751953125,279.7229995727539,1229.861083984375,143.4048614501953,1555.930419921875,416.0411376953125
678,27.12,2,2,car,0.712294340133667,793.8020324707031,390.29712677001953,622.9661865234375,232.8693389892578,964.6378784179688,547.7249145507812
679,27.16,1,2,car,0.8808513283729553,581.0487823486328,528.5222930908203,377.0964050292969,342.2797546386719,785.0011596679688,714.7648315429688
679,27.16,15,2,car,0.790389895439148,1389.0596313476562,285.3660430908203,1227.468017578125,150.08340454101562,1550.6512451171875,420.648681640625
679,27.16,2,2,car,0.7128416299819946,794.1419982910156,388.88480377197266,623.4378051757812,231.50025939941406,964.84619140625,546.2693481445312
680,27.2,1,2,car,0.8741375207901001,580.9912109375,528.622314453125,377.15643310546875,342.503662109375,784.8259887695312,714.740966796875
680,27.2,15,2,car,0.8455877900123596,1386.2085571289062,296.6655807495117,1219.7855224609375,156.70225524902344,1552.631591796875,436.62890625
680,27.2,2,2,car,0.6965926289558411,793.834228515625,389.9609146118164,623.1726684570312,232.66627502441406,964.4957885742188,547.2555541992188
681,27.24,1,2,car,0.8730055093765259,581.0114288330078,528.617431640625,377.4175109863281,342.76043701171875,784.6053466796875,714.4744262695312
681,27.24,15,2,car,0.85431307554245,1383.0577392578125,306.75545501708984,1214.094482421875,163.98435974121094,1552.02099609375,449.52655029296875
681,27.24,2,2,car,0.6817429065704346,793.7319030761719,390.25789642333984,622.9481201171875,232.9016571044922,964.5156860351562,547.6141357421875
682,27.28,1,2,car,0.8795070648193359,580.9020690917969,528.7531585693359,377.4593505859375,343.0747985839844,784.3447875976562,714.4315185546875
682,27.28,15,2,car,0.8288202881813049,1379.3961181640625,315.1019744873047,1209.3330078125,170.69790649414062,1549.459228515625,459.50604248046875
682,27.28,2,2,car,0.669832170009613,793.8053283691406,390.4590148925781,622.7401123046875,232.87664794921875,964.8705444335938,548.0413818359375
683,27.32,1,2,car,0.8727061152458191,580.9030456542969,528.835693359375,377.488525390625,343.2247314453125,784.3175659179688,714.4466552734375
683,27.32,15,2,car,0.8054049015045166,1375.35302734375,323.80889892578125,1203.7996826171875,177.2342529296875,1546.9063720703125,470.383544921875
683,27.32,2,2,car,0.6472218632698059,793.7705993652344,390.5095443725586,622.6640014648438,232.91844177246094,964.877197265625,548.1006469726562
684,27.36,1,2,car,0.8642250895500183,580.906005859375,528.8101654052734,377.4759521484375,343.2234191894531,784.3360595703125,714.3969116210938
684,27.36,15,2,car,0.8174310326576233,1371.7655639648438,332.71331787109375,1200.5224609375,185.71087646484375,1543.0086669921875,479.71575927734375
684,27.36,2,2,car,0.6341464519500732,793.8613891601562,390.77088165283203,622.8480834960938,233.2985382080078,964.8746948242188,548.2432250976562
685,27.4,1,2,car,0.8816191554069519,580.9767456054688,528.8290863037109,377.57696533203125,343.3122253417969,784.3765258789062,714.345947265625
685,27.4,15,2,car,0.8126827478408813,1367.7510375976562,341.0537567138672,1195.4312744140625,192.49896240234375,1540.07080078125,489.6085510253906
685,27.4,2,2,car,0.6548686623573303,793.9425964355469,390.71031188964844,622.8173828125,233.16824340820312,965.0678100585938,548.2523803710938
686,27.44,1,2,car,0.8901453018188477,581.0116729736328,528.9241638183594,377.6095275878906,343.460205078125,784.413818359375,714.3881225585938
686,27.44,15,2,car,0.8019924759864807,1366.3876953125,349.3825149536133,1193.1375732421875,199.86009216308594,1539.6378173828125,498.9049377441406
686,27.44,2,2,car,0.6716374158859253,794.0704345703125,390.87310791015625,622.951904296875,233.38543701171875,965.18896484375,548.3607788085938
687,27.48,1,2,car,0.8892107605934143,581.0023345947266,528.859375,377.5113220214844,343.347900390625,784.4933471679688,714.370849609375
687,27.48,15,2,car,0.859017014503479,1363.4715576171875,358.1750793457031,1190.6534423828125,209.01638793945312,1536.2896728515625,507.3337707519531
687,27.48,2,2,car,0.6850964426994324,794.0096740722656,391.0289611816406,622.969482421875,233.62847900390625,965.0498657226562,548.429443359375
688,27.52,1,2,car,0.8860228061676025,581.0177764892578,528.7106475830078,377.3004455566406,343.0066833496094,784.735107421875,714.4146118164062
688,27.52,15,2,car,0.8645138740539551,1358.685791015625,367.98374938964844,1185.114990234375,218.08419799804688,1532.256591796875,517.88330078125
688,27.52,2,2,car,0.6871871948242188,793.9013977050781,390.76393127441406,622.6453247070312,233.14724731445312,965.157470703125,548.380615234375
689,27.56,1,2,car,0.8901747465133667,581.0694274902344,528.8523254394531,377.34332275390625,343.1533203125,784.7955322265625,714.5513305664062
689,27.56,15,2,car,0.848951518535614,1353.4148559570312,376.2479782104492,1178.2562255859375,224.80027770996094,1528.573486328125,527.6956787109375
689,27.56,2,2,car,0.6760472655296326,793.4934387207031,390.7290267944336,622.343505859375,233.27732849121094,964.6433715820312,548.1807250976562
690,27.6,1,2,car,0.8827155232429504,581.0506744384766,528.8720703125,377.3094787597656,343.17431640625,784.7918701171875,714.56982421875
690,27.6,15,2,car,0.8357014060020447,1351.1265258789062,386.80982971191406,1170.89794921875,230.68521118164062,1531.3551025390625,542.9344482421875
690,27.6,2,2,car,0.6662001609802246,793.4538269042969,390.78260803222656,622.2621459960938,233.35629272460938,964.6455078125,548.2089233398438
691,27.64,1,2,car,0.8823248147964478,581.0856781005859,528.7070617675781,377.2617492675781,342.9334716796875,784.9096069335938,714.4806518554688
691,27.64,15,2,car,0.8186951875686646,1347.0558471679688,394.4369583129883,1166.2249755859375,237.6914825439453,1527.88671875,551.1824340820312
691,27.64,2,2,car,0.6540631055831909,793.5504150390625,390.53307342529297,621.9334716796875,232.7129364013672,965.1673583984375,548.3532104492188
692,27.68,1,2,car,0.8809372782707214,581.0979614257812,528.6429748535156,377.2664794921875,342.86669921875,784.929443359375,714.4192504882812
692,27.68,15,2,car,0.8289608359336853,1342.8804321289062,406.2378158569336,1161.0869140625,248.7225799560547,1524.6739501953125,563.7530517578125
692,27.68,2,2,car,0.6493895053863525,793.60107421875,390.4236068725586,621.9259643554688,232.5594940185547,965.2761840820312,548.2877197265625
693,27.72,1,2,car,0.8768824934959412,581.1578979492188,528.6500396728516,377.3526611328125,342.9023742675781,784.963134765625,714.397705078125
693,27.72,15,2,car,0.8402870297431946,1338.2326049804688,415.76641845703125,1156.30029296875,258.5909423828125,1520.1649169921875,572.94189453125
693,27.72,2,2,car,0.6295827031135559,793.6101989746094,390.47742462158203,622.0751342773438,232.7938995361328,965.145263671875,548.1609497070312
694,27.76,1,2,car,0.8875299096107483,581.2878265380859,528.6621246337891,377.5640563964844,343.0058288574219,785.0115966796875,714.3184204101562
694,27.76,15,2,car,0.8219606280326843,1333.2348022460938,424.02442932128906,1151.1636962890625,267.2870788574219,1515.305908203125,580.7617797851562
694,27.76,2,2,car,0.6448080539703369,793.5790710449219,390.28050994873047,621.8715209960938,232.46836853027344,965.28662109375,548.0926513671875
695,27.8,1,2,car,0.884168803691864,581.2481384277344,528.6383056640625,377.5247802734375,342.997802734375,784.9714965820312,714.27880859375
695,27.8,15,2,car,0.8062276244163513,1328.0850219726562,433.1722412109375,1144.791748046875,276.0408935546875,1511.3782958984375,590.3035888671875
695,27.8,2,2,car,0.6310006976127625,793.4971313476562,390.1521911621094,621.6473388671875,232.20513916015625,965.346923828125,548.0992431640625
696,27.84,1,2,car,0.8965895175933838,581.2894897460938,528.7447052001953,377.64776611328125,343.2013244628906,784.9312133789062,714.2880859375
696,27.84,15,2,car,0.8783699870109558,1322.7544555664062,444.43072509765625,1136.263916015625,284.81689453125,1509.2449951171875,604.0445556640625
696,27.84,2,2,car,0.6658136248588562,793.3685302734375,389.96441650390625,621.6448974609375,232.14935302734375,965.0921630859375,547.7794799804688
697,27.88,1,2,car,0.8880476355552673,581.3442230224609,528.6724548339844,377.6408996582031,343.0982666015625,785.0475463867188,714.2466430664062
697,27.88,15,2,car,0.8861209750175476,1316.4274291992188,455.28346252441406,1126.801513671875,293.0409240722656,1506.0533447265625,617.5260009765625
697,27.88,2,2,car,0.6480688452720642,793.3305358886719,390.0289611816406,621.4439086914062,232.02813720703125,965.2171630859375,548.02978515625
698,27.92,15,2,car,0.9095239043235779,1309.0362548828125,469.8208770751953,1115.8050537109375,304.5868225097656,1502.2674560546875,635.054931640625
698,27.92,1,2,car,0.8842527866363525,581.4149322509766,528.557861328125,377.6145935058594,342.89544677734375,785.2152709960938,714.2202758789062
698,27.92,2,2,car,0.6615407466888428,793.322021484375,389.9478302001953,621.3179931640625,231.79910278320312,965.3260498046875,548.0965576171875
699,27.96,15,2,car,0.8812010884284973,1304.0811157226562,480.947509765625,1110.02099609375,315.6046142578125,1498.1412353515625,646.2904052734375
699,27.96,1,2,car,0.8594786524772644,581.4912109375,528.4272003173828,377.48284912109375,342.5564270019531,785.4995727539062,714.2979736328125
699,27.96,2,2,car,0.6236788630485535,793.4446411132812,389.82881927490234,621.35791015625,231.5607147216797,965.5313720703125,548.096923828125
700,28.0,1,2,car,0.8611289262771606,581.3870849609375,528.4076538085938,377.31689453125,342.4644775390625,785.457275390625,714.350830078125
700,28.0,15,2,car,0.813894510269165,1297.0350952148438,493.2955627441406,1100.7493896484375,326.4287109375,1493.32080078125,660.1624145507812
700,28.0,2,2,car,0.6258718371391296,793.9371643066406,389.1302490234375,622.2125244140625,231.04229736328125,965.6618041992188,547.2182006835938
701,28.04,1,2,car,0.8544360399246216,580.721923828125,528.198486328125,376.467041015625,342.03668212890625,784.976806640625,714.3602905273438
701,28.04,15,2,car,0.8302515149116516,1287.8085327148438,505.70501708984375,1087.8358154296875,335.6229248046875,1487.78125,675.787109375
701,28.04,2,2,car,0.5890918374061584,793.6849365234375,389.32142639160156,621.6271362304688,230.87411499023438,965.7427368164062,547.7687377929688
702,28.08,15,2,car,0.8862595558166504,1283.2787475585938,518.0692901611328,1081.2994384765625,346.8394470214844,1485.258056640625,689.2991333007812
702,28.08,1,2,car,0.8678889870643616,581.1530609130859,528.657958984375,377.2284240722656,342.82733154296875,785.0776977539062,714.4885864257812
702,28.08,2,2,car,0.602131724357605,793.6542663574219,389.6195831298828,621.4976806640625,230.99148559570312,965.8108520507812,548.2476806640625
703,28.12,1,2,car,0.8772046566009521,581.3402709960938,528.9679260253906,377.62890625,343.37591552734375,785.0516357421875,714.5599365234375
703,28.12,15,2,car,0.8530751466751099,1277.4619140625,530.2054443359375,1074.8275146484375,359.21258544921875,1480.0963134765625,701.1983032226562
703,28.12,2,2,car,0.6137672662734985,793.5838623046875,389.7706298828125,621.5977783203125,231.24359130859375,965.5699462890625,548.2976684570312
704,28.16,1,2,car,0.8863356113433838,581.3476104736328,529.2477569580078,377.8069763183594,343.8804016113281,784.8882446289062,714.6151123046875
704,28.16,15,2,car,0.8767687082290649,1272.0850219726562,546.052001953125,1064.19189453125,370.57745361328125,1479.9781494140625,721.5265502929688
704,28.16,2,2,car,0.6328229904174805,794.0907592773438,389.0548858642578,622.5902099609375,230.86611938476562,965.59130859375,547.24365234375
705,28.2,15,2,car,0.8826541900634766,1263.9256591796875,559.5915985107422,1053.72314453125,382.3335876464844,1474.128173828125,736.849609375
705,28.2,1,2,car,0.8769427537918091,581.3164367675781,529.1717987060547,377.70892333984375,343.7948913574219,784.9239501953125,714.5487060546875
705,28.2,2,2,car,0.6168771982192993,794.4887390136719,388.78392028808594,623.1651611328125,230.67483520507812,965.8123168945312,546.8930053710938
706,28.24,1,2,car,0.871566116809845,581.3568572998047,529.0965881347656,377.6756286621094,343.68560791015625,785.0380859375,714.507568359375
706,28.24,15,2,car,0.8659863471984863,1257.8189697265625,573.7857818603516,1043.4710693359375,392.9071350097656,1472.1668701171875,754.6644287109375
706,28.24,2,2,car,0.6216248273849487,794.6138000488281,388.6876907348633,623.3963623046875,230.5967559814453,965.8312377929688,546.7786254882812
707,28.28,1,2,car,0.8579772114753723,580.7801666259766,529.0807189941406,376.9693298339844,343.5672607421875,784.5910034179688,714.5941772460938
707,28.28,15,2,car,0.8189201951026917,1236.1794738769531,587.5254516601562,1019.5634155273438,406.42315673828125,1452.7955322265625,768.6277465820312
707,28.28,2,2,car,0.5905691385269165,794.6768188476562,388.74017333984375,623.5219116210938,230.6368408203125,965.8317260742188,546.843505859375
708,28.32,1,2,car,0.8677252531051636,581.1219787597656,529.1470489501953,377.40008544921875,343.7477111816406,784.8438720703125,714.54638671875
708,28.32,15,2,car,0.8159915208816528,1224.1084594726562,599.4085388183594,1003.7706298828125,416.55792236328125,1444.4462890625,782.2591552734375
708,28.32,2,2,car,0.6098804473876953,794.0961303710938,389.5089569091797,622.5934448242188,231.08163452148438,965.5988159179688,547.936279296875
709,28.36,1,2,car,0.8785853981971741,581.3279113769531,529.2962951660156,377.80426025390625,344.1346435546875,784.8515625,714.4579467773438
709,28.36,15,2,car,0.8562714457511902,1225.9733276367188,613.3823089599609,1003.6737060546875,429.0564880371094,1448.27294921875,797.7081298828125
709,28.36,2,2,car,0.6232239603996277,794.4641418457031,388.7588195800781,623.5026245117188,230.8096923828125,965.4256591796875,546.7079467773438
710,28.4,1,2,car,0.8919782042503357,581.4602203369141,529.4761352539062,378.2082214355469,344.62445068359375,784.7122192382812,714.3278198242188
710,28.4,15,2,car,0.8785399794578552,1218.1655578613281,629.4334259033203,990.7013549804688,441.0935363769531,1445.6297607421875,817.7733154296875
710,28.4,2,2,car,0.6529944539070129,794.4795837402344,388.5720443725586,623.7770385742188,230.8330535888672,965.18212890625,546.31103515625
711,28.44,1,2,car,0.8782113194465637,581.5273132324219,529.4953155517578,378.2750244140625,344.6929626464844,784.7796020507812,714.2976684570312
711,28.44,15,2,car,0.87547767162323,1207.6552124023438,646.3996276855469,975.752685546875,454.80902099609375,1439.5577392578125,837.990234375
711,28.44,2,2,car,0.6526653170585632,794.623779296875,388.44840240478516,623.8865966796875,230.64271545410156,965.3609619140625,546.2540893554688
712,28.48,15,2,car,0.8792713284492493,1199.5696105957031,661.6231079101562,963.8809204101562,466.5020751953125,1435.25830078125,856.744140625
712,28.48,1,2,car,0.8692005276679993,581.5812377929688,529.5000457763672,378.25421142578125,344.6640930175781,784.9082641601562,714.3359985351562
712,28.48,2,2,car,0.6381145715713501,794.7557678222656,388.4353561401367,623.9874877929688,230.5773162841797,965.5240478515625,546.2933959960938
713,28.52,15,2,car,0.8693389296531677,1192.6952209472656,676.8273773193359,955.0565795898438,479.7668762207031,1430.3338623046875,873.8878784179688
713,28.52,1,2,car,0.8590682148933411,581.4972534179688,529.6621856689453,378.04150390625,344.7500305175781,784.9530029296875,714.5743408203125
713,28.52,2,2,car,0.6379824280738831,794.7505187988281,388.4217071533203,623.97021484375,230.51809692382812,965.5308227539062,546.3253173828125
714,28.56,15,2,car,0.8997830152511597,1184.3979187011719,690.0821990966797,946.3473510742188,492.7816467285156,1422.448486328125,887.3827514648438
714,28.56,1,2,car,0.852979838848114,581.4625244140625,529.7149353027344,378.062255859375,344.8973388671875,784.86279296875,714.5325317382812
714,28.56,2,2,car,0.6548759937286377,794.6517944335938,388.2452697753906,624.1235961914062,230.57464599609375,965.1799926757812,545.9158935546875
715,28.6,15,2,car,0.8755137324333191,1173.5770263671875,702.3104095458984,930.880859375,500.8778381347656,1416.273193359375,903.7429809570312
715,28.6,1,2,car,0.8619756102561951,581.5032043457031,529.6426544189453,378.2109375,344.9720764160156,784.7954711914062,714.313232421875
715,28.6,2,2,car,0.6579163074493408,794.7313537597656,388.1926803588867,624.205078125,230.53050231933594,965.2576293945312,545.8548583984375
716,28.64,15,2,car,0.891685962677002,1162.4729309082031,718.5414428710938,911.3840942382812,509.2364501953125,1413.561767578125,927.846435546875
716,28.64,1,2,car,0.8803721070289612,581.5399627685547,529.6279144287109,378.3688049316406,345.1091003417969,784.7111206054688,714.146728515625
716,28.64,2,2,car,0.6520441174507141,794.9559631347656,388.4796600341797,624.083251953125,230.47787475585938,965.8286743164062,546.4814453125
717,28.68,15,2,car,0.8756670951843262,1151.712890625,740.3414611816406,900.61181640625,530.8848876953125,1402.81396484375,949.7980346679688
717,28.68,1,2,car,0.8728538155555725,581.5918273925781,529.4503936767578,378.5865478515625,345.1316833496094,784.5971069335938,713.7691040039062
717,28.68,2,2,car,0.6601636409759521,794.8804321289062,388.6245422363281,623.9390258789062,230.5274658203125,965.8218383789062,546.7216186523438
718,28.72,1,2,car,0.8568897843360901,581.4852600097656,529.5224761962891,378.19647216796875,344.9389953613281,784.7740478515625,714.10595703125
718,28.72,15,2,car,0.827002763748169,1139.0706787109375,760.3434448242188,886.306640625,549.4006958007812,1391.834716796875,971.2861938476562
718,28.72,2,2,car,0.6725260019302368,794.7290344238281,388.71826934814453,623.8197631835938,230.6129913330078,965.6383056640625,546.8235473632812
719,28.76,1,2,car,0.8678929209709167,581.4902038574219,529.5394744873047,377.927001953125,344.6787414550781,785.0534057617188,714.4002075195312
719,28.76,15,2,car,0.8607844710350037,1125.8897094726562,779.6356201171875,869.7235107421875,565.7833251953125,1382.055908203125,993.4879150390625
719,28.76,2,2,car,0.6740087866783142,794.5775451660156,388.77269744873047,623.6981811523438,230.6511688232422,965.4569091796875,546.8942260742188
720,28.8,1,2,car,0.869602620601654,581.6200256347656,529.6739501953125,378.0625,344.78570556640625,785.1775512695312,714.5621948242188
720,28.8,15,2,car,0.8491063117980957,1114.5489807128906,803.0671081542969,850.7594604492188,582.1644897460938,1378.3385009765625,1023.9697265625
720,28.8,2,2,car,0.6687370538711548,794.5561218261719,388.68934631347656,623.7006225585938,230.55349731445312,965.41162109375,546.8251953125
721,28.84,1,2,car,0.886348307132721,581.7605895996094,529.5897521972656,378.345703125,344.84796142578125,785.1754760742188,714.33154296875
721,28.84,15,2,car,0.8290686011314392,1101.5097045898438,819.1953735351562,834.4759521484375,595.1939697265625,1368.54345703125,1043.19677734375
721,28.84,2,2,car,0.6493117809295654,794.8088989257812,388.73865509033203,623.6177978515625,230.2032012939453,966.0,547.2741088867188
722,28.88,1,2,car,0.8934282660484314,581.8515014648438,529.4531707763672,378.68212890625,345.0124206542969,785.0208740234375,713.8939208984375
722,28.88,15,2,car,0.8677694797515869,1087.8502502441406,834.3636169433594,821.6173706054688,611.1924438476562,1354.0831298828125,1057.5347900390625
722,28.88,2,2,car,0.6494889259338379,794.8842163085938,388.8075485229492,623.5303955078125,230.02879333496094,966.238037109375,547.5863037109375
723,28.92,1,2,car,0.8986154794692993,582.0966796875,529.2028350830078,379.1390380859375,345.0832214355469,785.0543212890625,713.3224487304688
723,28.92,15,2,car,0.8862943649291992,1073.4468688964844,851.8049011230469,810.9072875976562,632.5939331054688,1335.9864501953125,1071.015869140625
723,28.92,2,2,car,0.6539409756660461,793.7539672851562,389.90282440185547,622.4059448242188,231.2718963623047,965.1019897460938,548.5337524414062
724,28.96,1,2,car,0.8932194709777832,582.1101684570312,528.9833526611328,379.20086669921875,345.0397033691406,785.0194702148438,712.927001953125
724,28.96,15,2,car,0.884377121925354,1058.1906433105469,865.6360473632812,799.1463012695312,651.2720947265625,1317.2349853515625,1080.0
724,28.96,2,2,car,0.6436697244644165,794.4438171386719,389.23773193359375,622.9513549804688,230.35943603515625,965.936279296875,548.1160278320312
725,29.0,1,2,car,0.8919856548309326,582.0009918212891,528.9729614257812,378.7786560058594,344.834716796875,785.2233276367188,713.1112060546875
725,29.0,15,2,car,0.852499783039093,1043.6646423339844,874.3492431640625,791.4389038085938,668.698486328125,1295.890380859375,1080.0
725,29.0,2,2,car,0.6342628598213196,794.6871032714844,388.95912170410156,623.2514038085938,230.03073120117188,966.122802734375,547.8875122070312
726,29.04,1,2,car,0.8994190692901611,581.8086090087891,528.9078826904297,378.1607971191406,344.4424743652344,785.4564208984375,713.373291015625
726,29.04,15,2,car,0.8849654793739319,1028.9254760742188,884.4841003417969,784.619140625,688.9682006835938,1273.2318115234375,1080.0
726,29.04,2,2,car,0.6444137096405029,794.6712646484375,388.796142578125,623.4593505859375,229.9896240234375,965.8831787109375,547.6026611328125
727,29.08,1,2,car,0.8915933966636658,581.6876983642578,529.0975036621094,377.5934143066406,344.240966796875,785.781982421875,713.9540405273438
727,29.08,15,2,car,0.8792886734008789,1015.9259643554688,894.0647277832031,776.6685791015625,708.1294555664062,1255.183349609375,1080.0
727,29.08,2,2,car,0.6221318244934082,794.7342529296875,388.69080352783203,623.6323852539062,229.9113311767578,965.8361206054688,547.4702758789062
728,29.12,1,2,car,0.895625650882721,581.5022888183594,529.5680236816406,377.05279541015625,344.3797607421875,785.9517822265625,714.7562866210938
728,29.12,15,2,car,0.8707570433616638,1000.4491882324219,904.2671203613281,767.8684692382812,728.5342407226562,1233.0299072265625,1080.0
728,29.12,2,2,car,0.637538731098175,793.4635925292969,390.06961822509766,622.5902709960938,231.64125061035156,964.3369140625,548.4979858398438
729,29.16,15,2,car,0.9021201729774475,981.3049926757812,912.7200927734375,751.7750244140625,745.440185546875,1210.8349609375,1080.0
729,29.16,1,2,car,0.8939818143844604,581.3704833984375,529.9006652832031,376.6968994140625,344.44232177734375,786.0440673828125,715.3590087890625
729,29.16,2,2,car,0.6342135071754456,794.1351318359375,389.1765594482422,623.2100219726562,230.61172485351562,965.0602416992188,547.7413940429688
730,29.2,1,2,car,0.8905284404754639,581.2842407226562,530.2163696289062,376.63104248046875,344.69525146484375,785.9374389648438,715.7374877929688
730,29.2,15,2,car,0.8554039597511292,961.5447998046875,923.1967468261719,739.251220703125,766.3934936523438,1183.83837890625,1080.0
730,29.2,2,2,car,0.6361445784568787,794.2807006835938,388.8533248901367,623.438720703125,230.2784881591797,965.1226806640625,547.4281616210938
731,29.24,1,2,car,0.8897568583488464,581.2632904052734,530.4159393310547,376.6138000488281,344.7853698730469,785.9127807617188,716.0465087890625
731,29.24,15,2,car,0.8192795515060425,945.5905456542969,933.8666381835938,730.9716186523438,789.2386474609375,1160.20947265625,1078.49462890625
731,29.24,2,2,car,0.6330820322036743,794.3439331054688,388.65723419189453,623.6362915039062,230.13087463378906,965.0515747070312,547.18359375
732,29.28,1,2,car,0.8868104815483093,581.4125213623047,530.3868713378906,376.8647766113281,344.74627685546875,785.9602661132812,716.0274658203125
732,29.28,15,2,car,0.7306784987449646,925.0570983886719,944.5413513183594,714.5205688476562,809.6547241210938,1135.5936279296875,1079.427978515625
732,29.28,2,2,car,0.6258240938186646,794.3760375976562,388.6314697265625,623.6945190429688,230.05377197265625,965.0575561523438,547.2091674804688
733,29.32,1,2,car,0.8949509859085083,581.4000549316406,530.5208129882812,376.80023193359375,344.73199462890625,785.9998779296875,716.3096313476562
733,29.32,15,2,car,0.6990745067596436,908.1931457519531,954.87060546875,704.2332153320312,831.7650146484375,1112.153076171875,1077.9761962890625
733,29.32,2,2,car,0.6338032484054565,793.2369995117188,390.1982955932617,622.6693115234375,231.8766326904297,963.8046875,548.5199584960938
734,29.36,1,2,car,0.8983672857284546,581.3672485351562,530.4339752197266,376.775146484375,344.5838928222656,785.9593505859375,716.2840576171875
734,29.36,15,2,car,0.7435981035232544,886.4047546386719,964.2114868164062,690.8623657226562,853.8726806640625,1081.9471435546875,1074.55029296875
734,29.36,2,2,car,0.6347195506095886,792.7997741699219,390.8717956542969,622.2413330078125,232.7099609375,963.3582153320312,549.0336303710938
735,29.4,1,2,car,0.9036620259284973,581.4073638916016,530.2685699462891,376.8720397949219,344.4259948730469,785.9426879882812,716.1111450195312
735,29.4,2,2,car,0.6532586812973022,792.7375183105469,391.26377868652344,622.2083740234375,233.26712036132812,963.2666625976562,549.2604370117188
735,29.4,15,2,car,0.576280951499939,884.6577453613281,976.3189392089844,697.8052368164062,877.0132446289062,1071.51025390625,1075.6246337890625
736,29.44,1,2,car,0.9002231359481812,581.5438232421875,530.2547912597656,377.0478515625,344.3798828125,786.039794921875,716.1296997070312
736,29.44,2,2,car,0.6543190479278564,792.846923828125,391.4033737182617,622.4696655273438,233.7266082763672,963.2241821289062,549.0801391601562
736,29.44,15,2,car,0.5875354409217834,883.0776062011719,987.5198974609375,704.7051391601562,898.7178955078125,1061.4500732421875,1076.3218994140625
737,29.48,1,2,car,0.8904537558555603,581.3712158203125,530.0219879150391,376.75909423828125,343.9559020996094,785.9833374023438,716.0880737304688
737,29.48,15,2,car,0.6635335683822632,854.1159057617188,1001.5307922363281,690.598388671875,925.0291137695312,1017.6334228515625,1078.032470703125
737,29.48,2,2,car,0.6505957841873169,792.7522583007812,391.41236877441406,622.1049194335938,233.60818481445312,963.3995971679688,549.216552734375
738,29.52,1,2,car,0.8952762484550476,581.2627410888672,529.925048828125,376.8149108886719,343.9873046875,785.7105712890625,715.86279296875
738,29.52,2,2,car,0.6468692421913147,792.7545471191406,391.4839172363281,621.9459838867188,233.6207275390625,963.5631103515625,549.3471069335938
738,29.52,15,2,car,0.48301470279693604,850.2202758789062,1013.6727905273438,708.7749633789062,954.0887451171875,991.6655883789062,1073.2568359375
739,29.56,1,2,car,0.8988553285598755,580.8976593017578,529.8395080566406,376.4876403808594,343.9178466796875,785.3076782226562,715.7611694335938
739,29.56,2,2,car,0.6585356593132019,793.5936584472656,389.7553405761719,622.5579833984375,231.59521484375,964.6293334960938,547.9154663085938
740,29.6,1,2,car,0.9004768133163452,580.8380126953125,529.8192138671875,376.5924072265625,344.05010986328125,785.0836181640625,715.5883178710938
740,29.6,2,2,car,0.6552562713623047,792.6977233886719,390.81737518310547,621.7911987304688,232.97447204589844,963.604248046875,548.6602783203125
741,29.64,1,2,car,0.9011033177375793,580.8049926757812,529.7379760742188,376.567626953125,343.95855712890625,785.0423583984375,715.5173950195312
741,29.64,2,2,car,0.6552057266235352,792.3700866699219,391.2668914794922,621.3947143554688,233.53109741210938,963.345458984375,549.002685546875
742,29.68,1,2,car,0.9010242819786072,580.7896575927734,529.7240753173828,376.5955505371094,343.9722595214844,784.9837646484375,715.4758911132812
742,29.68,2,2,car,0.6533416509628296,792.2585754394531,391.33656311035156,621.1239624023438,233.61160278320312,963.3931884765625,549.0615234375
743,29.72,1,2,car,0.9001161456108093,580.7706146240234,529.6951141357422,376.5423278808594,343.8939514160156,784.9989013671875,715.4962768554688
743,29.72,2,2,car,0.6609862446784973,792.1285095214844,391.2526321411133,620.7899169921875,233.4666290283203,963.4671020507812,549.0386352539062
744,29.76,1,2,car,0.8992045521736145,580.7921600341797,529.7125244140625,376.6255187988281,343.95257568359375,784.9588012695312,715.4724731445312
744,29.76,2,2,car,0.648084282875061,792.1505432128906,391.42047119140625,620.6737060546875,233.641357421875,963.6273803710938,549.1995849609375
745,29.8,1,2,car,0.8991199731826782,580.7967376708984,529.7306365966797,376.6675109863281,343.9966125488281,784.9259643554688,715.4646606445312
745,29.8,2,2,car,0.6536640524864197,792.1831665039062,391.3760223388672,620.4991455078125,233.52658081054688,963.8671875,549.2254638671875
746,29.84,1,2,car,0.8998549580574036,580.790771484375,529.7340545654297,376.6851806640625,344.0144348144531,784.8963623046875,715.4536743164062
746,29.84,2,2,car,0.6545159220695496,792.1381225585938,391.3128433227539,620.2858276367188,233.4087677001953,963.9904174804688,549.2169189453125
747,29.88,1,2,car,0.8995206952095032,580.7869873046875,529.8125,376.7418212890625,344.149658203125,784.8321533203125,715.475341796875
747,29.88,2,2,car,0.6521174311637878,793.5565185546875,389.7534484863281,621.3407592773438,231.33465576171875,965.7722778320312,548.1722412109375
748,29.92,1,2,car,0.8982997536659241,580.7649841308594,529.8221282958984,376.724365234375,344.1653137207031,784.8056030273438,715.4789428710938
748,29.92,2,2,car,0.6491323709487915,792.6725158691406,390.6888427734375,620.6290893554688,232.54083251953125,964.7159423828125,548.8368530273438
749,29.96,1,2,car,0.896844208240509,580.7706604003906,529.7779998779297,376.685791015625,344.0762634277344,784.8555297851562,715.479736328125
749,29.96,2,2,car,0.6505589485168457,792.4028015136719,391.02684020996094,620.3561401367188,232.98129272460938,964.449462890625,549.0723876953125
