Video,Source CSV,Canonical ID,Class,Rows,First time (s),Last time (s),Start X,Start Y,End X,End Y,Delta X,Delta Y,Net displacement (px),Trajectory span (px),Movement threshold (px),Counting method,Passage line Y,Count time (s),Status,Counted,Direction,Mean confidence
Video 1,tracking_data/member2_canonical_tracks.csv,1,Car,750,0.0,29.96,579.141,529.743,580.79,529.736,1.649,-0.007,1.649,9.258,50.0,movement,,0.0,Parked/stationary,No,,0.888435
Video 1,tracking_data/member2_canonical_tracks.csv,2,Car,750,0.0,29.96,792.906,387.71,792.314,391.26,-0.591,3.55,3.599,11.534,50.0,movement,,0.0,Parked/stationary,No,,0.680026
Video 1,tracking_data/member2_canonical_tracks.csv,3,Pedestrian,63,0.16,3.16,417.942,245.438,450.029,200.519,32.088,-44.919,55.203,78.617,50.0,movement,,0.16,Moving,Yes,Away from camera,0.653257
Video 1,tracking_data/member2_canonical_tracks.csv,4,Car,197,1.56,9.72,1867.865,60.07,532.229,963.396,-1335.636,903.326,1612.427,1728.82,50.0,movement,,1.56,Moving,Yes,Toward camera,0.678613
Video 1,tracking_data/member2_canonical_tracks.csv,5,Car,2,4.16,4.2,1107.584,87.569,1107.609,87.563,0.025,-0.006,0.026,0.026,50.0,movement,,4.16,Parked/stationary,No,,0.353291
Video 1,tracking_data/member2_canonical_tracks.csv,6,Pedestrian,6,5.92,6.44,421.082,164.001,432.457,160.746,11.374,-3.255,11.831,12.339,50.0,movement,,5.92,Parked/stationary,No,,0.467581
Video 1,tracking_data/member2_canonical_tracks.csv,7,Car,124,9.72,14.8,1859.67,109.331,931.58,932.884,-928.09,823.553,1240.803,1372.071,50.0,movement,,9.72,Moving,Yes,Toward camera,0.808772
Video 1,tracking_data/member2_canonical_tracks.csv,8,Pedestrian,20,10.84,12.08,597.775,73.028,689.928,71.132,92.153,-1.896,92.172,97.573,50.0,movement,,10.84,Moving,Yes,Cross-traffic,0.514659
Video 1,tracking_data/member2_canonical_tracks.csv,9,Pedestrian,1,11.6,11.6,601.791,67.248,601.791,67.248,0.0,0.0,0.0,0.0,50.0,movement,,11.6,Parked/stationary,No,,0.35111
Video 1,tracking_data/member2_canonical_tracks.csv,10,Pedestrian,36,13.44,15.56,742.596,55.354,801.605,45.597,59.009,-9.757,59.81,74.448,50.0,movement,,13.44,Moving,Yes,Away from camera,0.493736
Video 1,tracking_data/member2_canonical_tracks.csv,11,Pedestrian,24,13.44,16.0,690.633,50.09,735.263,41.943,44.63,-8.147,45.367,68.169,50.0,movement,,13.44,Moving,Yes,Away from camera,0.441462
Video 1,tracking_data/member2_canonical_tracks.csv,12,Car,68,18.12,20.84,1769.396,77.968,1353.535,880.503,-415.86,802.536,903.882,1053.955,50.0,movement,,18.12,Moving,Yes,Toward camera,0.792976
Video 1,tracking_data/member2_canonical_tracks.csv,13,Car,127,20.76,25.8,1515.314,52.023,679.043,988.319,-836.271,936.296,1255.388,1364.183,50.0,movement,,20.76,Moving,Yes,Toward camera,0.839743
Video 1,tracking_data/member2_canonical_tracks.csv,14,Car,110,21.84,26.24,1832.117,61.331,1549.582,924.734,-282.536,863.403,908.455,993.88,50.0,movement,,21.84,Moving,Yes,Toward camera,0.758459
Video 1,tracking_data/member2_canonical_tracks.csv,15,Car,123,24.64,29.52,1489.893,43.928,897.299,959.541,-592.594,915.613,1090.649,1175.499,50.0,movement,,24.64,Moving,Yes,Toward camera,0.805171
Video 2,tracking_data/member2_canonical_tracks2.csv,1,Car,38,0.0,1.235,417.513,423.995,302.842,659.042,-114.671,235.047,261.527,314.095,50.0,passage,288.0,0.0,Did not pass counting line,No,,0.734446
Video 2,tracking_data/member2_canonical_tracks2.csv,2,Car,50,0.0,1.635,692.458,382.766,870.674,670.001,178.216,287.234,338.03,392.353,50.0,passage,288.0,0.0,Did not pass counting line,No,,0.804528
Video 2,tracking_data/member2_canonical_tracks2.csv,3,Car,75,0.0,2.469,571.243,319.861,563.333,648.121,-7.909,328.26,328.355,365.831,50.0,passage,288.0,0.0,Did not pass counting line,No,,0.750074
Video 2,tracking_data/member2_canonical_tracks2.csv,4,Car,82,0.0,2.703,665.582,309.695,875.146,659.351,209.564,349.655,407.647,459.998,50.0,passage,288.0,0.0,Did not pass counting line,No,,0.723245
Video 2,tracking_data/member2_canonical_tracks2.csv,5,Car,35,0.0,1.268,1119.522,256.746,1063.631,242.025,-55.891,-14.721,57.797,95.788,50.0,passage,288.0,0.0,Did not pass counting line,No,,0.575409
Video 2,tracking_data/member2_canonical_tracks2.csv,6,Truck,21,0.0,0.667,325.427,527.675,213.864,671.67,-111.562,143.995,182.156,230.381,50.0,passage,288.0,0.0,Did not pass counting line,No,,0.599523
Video 2,tracking_data/member2_canonical_tracks2.csv,7,Car,8,0.0,0.234,639.315,622.489,645.661,683.46,6.346,60.971,61.301,61.514,50.0,passage,288.0,0.0,Did not pass counting line,No,,0.668138
Video 2,tracking_data/member2_canonical_tracks2.csv,8,Car,99,0.0,3.27,513.518,290.242,302.246,661.099,-211.273,370.857,426.815,467.16,50.0,passage,288.0,0.0,Did not pass counting line,No,,0.702071
Video 2,tracking_data/member2_canonical_tracks2.csv,9,Car,33,0.0,1.502,1048.802,234.821,1000.571,221.597,-48.231,-13.224,50.011,64.698,50.0,passage,288.0,0.0,Did not pass counting line,No,,0.462829
Video 2,tracking_data/member2_canonical_tracks2.csv,10,Car,158,0.0,5.839,557.887,244.799,314.371,663.718,-243.516,418.919,484.555,513.35,50.0,passage,288.0,2.369,Passed counting line,Yes,Toward camera,0.597645
Video 2,tracking_data/member2_canonical_tracks2.csv,11,Car,2,0.0,0.033,707.384,206.324,707.472,206.278,0.088,-0.046,0.099,0.099,50.0,passage,288.0,0.0,Did not pass counting line,No,,0.495324
Video 2,tracking_data/member2_canonical_tracks2.csv,12,Car,251,0.167,9.643,643.465,219.824,508.844,659.264,-134.621,439.44,459.598,486.221,50.0,passage,288.0,6.394,Passed counting line,Yes,Toward camera,0.580866
Video 2,tracking_data/member2_canonical_tracks2.csv,13,Car,8,0.2,0.434,1014.534,221.17,1009.129,220.698,-5.405,-0.472,5.425,5.483,50.0,passage,288.0,0.2,Did not pass counting line,No,,0.437783
Video 2,tracking_data/member2_canonical_tracks2.csv,14,Car,2,0.2,0.234,1253.088,307.708,1253.075,307.449,-0.012,-0.258,0.259,0.259,50.0,passage,288.0,0.2,Did not pass counting line,No,,0.39767
Video 2,tracking_data/member2_canonical_tracks2.csv,15,Car,3,0.567,0.634,1187.481,290.255,1186.89,290.113,-0.591,-0.141,0.608,0.608,50.0,passage,288.0,0.567,Did not pass counting line,No,,0.359444
Video 2,tracking_data/member2_canonical_tracks2.csv,16,Car,189,0.934,7.674,600.852,224.609,268.261,655.888,-332.592,431.279,544.627,581.418,50.0,passage,288.0,4.588,Passed counting line,Yes,Toward camera,0.586113
Video 2,tracking_data/member2_canonical_tracks2.csv,17,Car,2,1.001,1.034,1134.349,276.07,1134.379,276.066,0.031,-0.003,0.031,0.031,50.0,passage,288.0,1.001,Did not pass counting line,No,,0.465306
Video 2,tracking_data/member2_canonical_tracks2.csv,18,Car,68,1.001,3.837,1229.411,274.537,1057.404,233.564,-172.007,-40.974,176.82,213.847,50.0,passage,288.0,1.001,Did not pass counting line,No,,0.540026
Video 2,tracking_data/member2_canonical_tracks2.csv,19,Truck,121,1.201,5.239,523.479,274.084,254.487,655.878,-268.992,381.794,467.037,493.932,50.0,passage,288.0,1.797,Passed counting line; class refined from downstream Truck fragment 6,Yes,Toward camera,0.593322
Video 2,tracking_data/member2_canonical_tracks2.csv,20,Car,41,1.401,3.036,497.311,310.866,445.146,387.013,-52.165,76.147,92.301,159.619,50.0,passage,288.0,1.401,Did not pass counting line,No,,0.516925
Video 2,tracking_data/member2_canonical_tracks2.csv,21,Car,128,2.369,7.107,1243.876,270.66,998.625,221.233,-245.251,-49.426,250.182,277.305,50.0,passage,288.0,2.369,Did not pass counting line,No,,0.584509
Video 2,tracking_data/member2_canonical_tracks2.csv,22,Car,145,2.736,8.075,662.609,241.606,869.166,659.736,206.556,418.13,466.367,512.669,50.0,passage,288.0,5.078,Passed counting line,Yes,Toward camera,0.629149
Video 2,tracking_data/member2_canonical_tracks2.csv,23,Motorcycle,138,2.736,7.441,610.63,251.767,583.652,661.308,-26.978,409.541,410.429,438.497,50.0,passage,288.0,4.389,Passed counting line; class refined from downstream Motorcycle fragment 29,Yes,Toward camera,0.60565
Video 2,tracking_data/member2_canonical_tracks2.csv,24,Car,58,3.337,5.239,1258.026,279.784,1101.249,249.457,-156.777,-30.327,159.683,185.179,50.0,passage,288.0,3.337,Did not pass counting line,No,,0.601592
Video 2,tracking_data/member2_canonical_tracks2.csv,25,Car,14,3.403,4.271,631.298,227.383,640.797,223.275,9.499,-4.108,10.349,29.579,50.0,passage,288.0,3.403,Did not pass counting line,No,,0.39609
Video 2,tracking_data/member2_canonical_tracks2.csv,26,Car,17,3.437,4.671,715.972,205.217,706.164,208.495,-9.808,3.277,10.341,19.984,50.0,passage,288.0,3.437,Did not pass counting line,No,,0.388333
Video 2,tracking_data/member2_canonical_tracks2.csv,27,Car,3,3.57,3.637,1236.493,275.33,1235.952,275.203,-0.541,-0.127,0.556,0.556,50.0,passage,288.0,3.57,Did not pass counting line,No,,0.462615
Video 2,tracking_data/member2_canonical_tracks2.csv,28,Pedestrian,2,3.804,3.837,299.413,635.445,299.407,635.412,-0.006,-0.034,0.034,0.034,50.0,passage,288.0,3.804,Did not pass counting line,No,,0.470377
Video 2,tracking_data/member2_canonical_tracks2.csv,29,Motorcycle,2,3.804,3.837,301.51,660.494,301.49,660.504,-0.02,0.01,0.022,0.022,50.0,passage,288.0,3.804,Did not pass counting line,No,,0.39063
Video 2,tracking_data/member2_canonical_tracks2.csv,30,Car,181,4.738,11.445,606.639,259.402,279.352,668.775,-327.287,409.373,524.121,572.137,50.0,passage,288.0,5.145,Passed counting line,Yes,Toward camera,0.602633
Video 2,tracking_data/member2_canonical_tracks2.csv,31,Car,72,4.805,7.841,1242.068,278.994,1080.696,237.976,-161.372,-41.018,166.503,222.183,50.0,passage,288.0,4.805,Did not pass counting line,No,,0.598851
Video 2,tracking_data/member2_canonical_tracks2.csv,32,Car,251,4.972,14.081,650.193,219.964,295.975,667.302,-354.217,447.338,570.597,614.221,50.0,passage,288.0,10.81,Passed counting line,Yes,Toward camera,0.561702
Video 2,tracking_data/member2_canonical_tracks2.csv,33,Car,142,5.005,10.511,625.422,237.893,592.547,659.342,-32.875,421.449,422.729,461.149,50.0,passage,288.0,7.488,Passed counting line,Yes,Toward camera,0.619738
Video 2,tracking_data/member2_canonical_tracks2.csv,34,Car,34,5.138,6.24,1099.027,246.639,1055.984,234.011,-43.043,-12.628,44.857,51.979,50.0,passage,288.0,5.138,Did not pass counting line,No,,0.449834
Video 2,tracking_data/member2_canonical_tracks2.csv,35,Car,99,5.539,9.042,593.107,276.155,590.946,642.597,-2.162,366.443,366.449,412.026,50.0,passage,288.0,5.539,Did not pass counting line,No,,0.609541
Video 2,tracking_data/member2_canonical_tracks2.csv,36,Car,19,5.806,6.84,1225.751,303.221,1108.889,271.46,-116.862,-31.761,121.101,153.472,50.0,passage,288.0,6.381,Passed counting line,Yes,Away from camera,0.503633
Video 2,tracking_data/member2_canonical_tracks2.csv,37,Car,62,6.139,8.175,574.738,342.871,579.597,640.477,4.859,297.606,297.645,362.887,50.0,passage,288.0,6.139,Did not pass counting line,No,,0.724097
Video 2,tracking_data/member2_canonical_tracks2.csv,38,Car,121,6.206,10.244,1204.056,271.009,978.43,216.988,-225.626,-54.021,232.003,265.599,50.0,passage,288.0,6.206,Did not pass counting line,No,,0.491006
Video 2,tracking_data/member2_canonical_tracks2.csv,39,Car,3,6.373,6.44,677.259,236.105,677.161,236.372,-0.098,0.266,0.284,0.284,50.0,passage,288.0,6.373,Did not pass counting line,No,,0.466807
Video 2,tracking_data/member2_canonical_tracks2.csv,40,Car,84,6.74,9.51,1248.92,277.067,1051.293,237.18,-197.627,-39.887,201.612,218.439,50.0,passage,288.0,6.74,Did not pass counting line,No,,0.620373
Video 2,tracking_data/member2_canonical_tracks2.csv,41,Car,2,6.807,6.84,706.875,204.332,706.881,204.332,0.006,0.0,0.006,0.006,50.0,passage,288.0,6.807,Did not pass counting line,No,,0.371041
Video 2,tracking_data/member2_canonical_tracks2.csv,42,Car,14,7.007,7.441,1266.366,287.401,1219.537,276.185,-46.829,-11.217,48.154,48.398,50.0,passage,288.0,7.007,Did not pass counting line,No,,0.515044
Video 2,tracking_data/member2_canonical_tracks2.csv,43,Car,34,7.14,8.275,666.362,250.653,662.23,260.604,-4.133,9.951,10.775,52.322,50.0,passage,288.0,7.14,Did not pass counting line,No,,0.5103
Video 2,tracking_data/member2_canonical_tracks2.csv,44,Car,22,7.407,8.242,575.409,237.723,564.927,243.45,-10.482,5.727,11.945,26.239,50.0,passage,288.0,7.407,Did not pass counting line,No,,0.429265
Video 2,tracking_data/member2_canonical_tracks2.csv,45,Car,96,7.975,11.511,660.849,268.469,871.514,642.236,210.665,373.767,429.047,488.555,50.0,passage,288.0,8.869,Passed counting line,Yes,Toward camera,0.597876
Video 2,tracking_data/member2_canonical_tracks2.csv,46,Car,45,8.075,9.877,634.948,224.736,604.597,227.958,-30.351,3.222,30.521,42.492,50.0,passage,288.0,8.075,Did not pass counting line,No,,0.466694
Video 2,tracking_data/member2_canonical_tracks2.csv,47,Car,63,8.575,11.111,709.633,203.801,680.274,220.116,-29.359,16.316,33.588,42.518,50.0,passage,288.0,8.575,Did not pass counting line,No,,0.480719
Video 2,tracking_data/member2_canonical_tracks2.csv,48,Car,136,8.742,13.28,543.598,259.567,240.451,663.442,-303.147,403.875,504.988,544.222,50.0,passage,288.0,9.996,Passed counting line,Yes,Toward camera,0.595638
Video 2,tracking_data/member2_canonical_tracks2.csv,49,Car,83,8.976,12.446,661.219,274.342,875.959,654.413,214.74,380.071,436.54,485.102,50.0,passage,288.0,9.551,Passed counting line,Yes,Toward camera,0.636709
Video 2,tracking_data/member2_canonical_tracks2.csv,50,Car,99,8.976,12.646,569.16,291.619,545.3,666.162,-23.86,374.543,375.302,404.943,50.0,passage,288.0,8.976,Did not pass counting line,No,,0.581677
Video 2,tracking_data/member2_canonical_tracks2.csv,51,Car,146,9.009,14.414,617.912,238.803,580.908,666.428,-37.004,427.625,429.223,466.636,50.0,passage,288.0,11.246,Passed counting line,Yes,Toward camera,0.629608
Video 2,tracking_data/member2_canonical_tracks2.csv,52,Car,2,9.209,9.243,662.227,287.039,661.476,284.745,-0.752,-2.294,2.414,2.414,50.0,passage,288.0,9.209,Did not pass counting line,No,,0.370381
Video 2,tracking_data/member2_canonical_tracks2.csv,53,Car,8,9.743,10.043,564.248,295.179,561.321,301.195,-2.927,6.017,6.691,7.401,50.0,passage,288.0,9.743,Did not pass counting line,No,,0.381351
Video 2,tracking_data/member2_canonical_tracks2.csv,54,Car,33,9.943,11.245,642.247,221.232,621.275,232.395,-20.972,11.163,23.758,25.863,50.0,passage,288.0,9.943,Did not pass counting line,No,,0.493154
Video 2,tracking_data/member2_canonical_tracks2.csv,55,Car,99,10.11,13.447,655.358,278.161,867.785,648.92,212.427,370.759,427.303,469.761,50.0,passage,288.0,10.525,Passed counting line,Yes,Toward camera,0.620289
Video 2,tracking_data/member2_canonical_tracks2.csv,56,Car,57,10.444,13.48,618.24,244.408,585.562,295.724,-32.678,51.315,60.837,95.874,50.0,passage,288.0,13.471,Passed counting line,Yes,Toward camera,0.462499
Video 2,tracking_data/member2_canonical_tracks2.csv,57,Car,50,10.611,12.246,544.942,343.108,537.571,532.07,-7.371,188.963,189.106,232.983,50.0,passage,288.0,10.611,Did not pass counting line,No,,0.648797
Video 2,tracking_data/member2_canonical_tracks2.csv,58,Car,163,10.744,16.216,572.658,241.809,287.513,663.546,-285.145,421.737,509.087,548.038,50.0,passage,288.0,13.02,Passed counting line,Yes,Toward camera,0.64782
Video 2,tracking_data/member2_canonical_tracks2.csv,59,Car,6,11.144,11.311,49.552,171.542,37.705,171.261,-11.847,-0.28,11.851,11.857,50.0,passage,288.0,11.144,Did not pass counting line,No,,0.416905
Video 2,tracking_data/member2_canonical_tracks2.csv,60,Car,4,11.144,11.245,981.392,217.732,981.643,217.709,0.25,-0.024,0.251,0.252,50.0,passage,288.0,11.144,Did not pass counting line,No,,0.386923
Video 2,tracking_data/member2_canonical_tracks2.csv,61,Car,162,11.345,16.717,613.478,246.108,573.044,640.137,-40.433,394.029,396.098,422.437,50.0,passage,288.0,13.656,Passed counting line,Yes,Toward camera,0.590911
Video 2,tracking_data/member2_canonical_tracks2.csv,62,Car,133,11.612,16.25,1254.004,288.065,993.509,223.187,-260.495,-64.879,268.452,285.64,50.0,passage,288.0,11.612,Did not pass counting line,No,,0.638903
Video 2,tracking_data/member2_canonical_tracks2.csv,63,Car,96,11.612,15.315,658.481,268.904,856.411,654.646,197.93,385.742,433.559,483.04,50.0,passage,288.0,12.328,Passed counting line,Yes,Toward camera,0.649267
Video 2,tracking_data/member2_canonical_tracks2.csv,64,Car,2,12.412,12.446,663.571,239.872,663.561,239.867,-0.01,-0.005,0.011,0.011,50.0,passage,288.0,12.412,Did not pass counting line,No,,0.373914
Video 2,tracking_data/member2_canonical_tracks2.csv,65,Car,210,13.213,20.854,616.587,223.345,281.055,654.911,-335.532,431.566,546.654,591.987,50.0,passage,288.0,17.727,Passed counting line,Yes,Toward camera,0.614081
Video 2,tracking_data/member2_canonical_tracks2.csv,66,Car,108,13.347,17.017,657.362,261.221,882.366,650.729,225.004,389.508,449.826,494.1,50.0,passage,288.0,14.286,Passed counting line,Yes,Toward camera,0.588015
Video 2,tracking_data/member2_canonical_tracks2.csv,67,Car,32,13.614,14.815,1255.205,291.071,1167.88,274.652,-87.326,-16.419,88.856,113.308,50.0,passage,288.0,13.614,Did not pass counting line,No,,0.640827
Video 2,tracking_data/member2_canonical_tracks2.csv,68,Car,69,13.614,15.883,579.618,332.583,587.947,665.075,8.329,332.492,332.596,377.948,50.0,passage,288.0,13.614,Did not pass counting line,No,,0.692736
Video 2,tracking_data/member2_canonical_tracks2.csv,69,Car,121,13.614,18.218,609.05,259.485,587.42,662.424,-21.63,402.939,403.519,446.721,50.0,passage,288.0,15.164,Passed counting line,Yes,Toward camera,0.626806
Video 2,tracking_data/member2_canonical_tracks2.csv,70,Car,145,13.747,18.619,552.53,253.463,268.089,648.639,-284.441,395.176,486.899,552.372,50.0,passage,288.0,15.29,Passed counting line,Yes,Toward camera,0.609909
Video 2,tracking_data/member2_canonical_tracks2.csv,71,Car,78,14.014,17.017,1204.138,291.117,1032.102,237.093,-172.036,-54.025,180.319,249.033,50.0,passage,288.0,14.467,Passed counting line,Yes,Away from camera,0.565093
Video 2,tracking_data/member2_canonical_tracks2.csv,72,Truck,222,14.414,22.222,619.697,220.683,235.934,660.415,-383.763,439.731,583.642,615.91,50.0,passage,288.0,19.021,Passed counting line; class refined from downstream Truck fragment 92,Yes,Toward camera,0.566788
Video 2,tracking_data/member2_canonical_tracks2.csv,73,Car,146,14.715,20.721,1255.375,277.895,1001.313,223.174,-254.062,-54.722,259.888,275.017,50.0,passage,288.0,14.715,Did not pass counting line,No,,0.552821
Video 2,tracking_data/member2_canonical_tracks2.csv,74,Car,16,14.781,15.349,710.6,205.136,707.752,207.356,-2.847,2.22,3.611,10.873,50.0,passage,288.0,14.781,Did not pass counting line,No,,0.414915
Video 2,tracking_data/member2_canonical_tracks2.csv,75,Car,118,14.915,19.119,660.653,260.064,853.91,642.628,193.258,382.563,428.606,502.652,50.0,passage,288.0,16.268,Passed counting line,Yes,Toward camera,0.617766
Video 2,tracking_data/member2_canonical_tracks2.csv,76,Car,141,14.915,19.653,556.068,255.935,329.915,661.607,-226.153,405.672,464.452,504.131,50.0,passage,288.0,16.32,Passed counting line,Yes,Toward camera,0.615332
Video 2,tracking_data/member2_canonical_tracks2.csv,77,Car,69,15.916,18.619,1241.708,283.184,1077.804,239.24,-163.904,-43.944,169.692,192.446,50.0,passage,288.0,15.916,Did not pass counting line,No,,0.554692
Video 2,tracking_data/member2_canonical_tracks2.csv,78,Car,235,16.116,24.625,621.22,212.903,240.577,632.579,-380.643,419.676,566.584,634.816,50.0,passage,288.0,21.458,Passed counting line,Yes,Toward camera,0.583991
Video 2,tracking_data/member2_canonical_tracks2.csv,79,Car,53,16.216,19.019,617.316,242.6,592.126,274.983,-25.19,32.383,41.027,45.687,50.0,passage,288.0,16.216,Did not pass counting line,No,,0.426429
Video 2,tracking_data/member2_canonical_tracks2.csv,80,Car,4,16.416,16.817,683.355,209.314,684.868,211.169,1.513,1.856,2.394,2.394,50.0,passage,288.0,16.416,Did not pass counting line,No,,0.37036
Video 2,tracking_data/member2_canonical_tracks2.csv,81,Car,5,16.583,16.717,1029.366,243.441,1014.674,241.517,-14.692,-1.924,14.817,14.817,50.0,passage,288.0,16.583,Did not pass counting line,No,,0.421164
Video 2,tracking_data/member2_canonical_tracks2.csv,82,Car,10,16.717,17.017,1262.882,281.228,1261.087,293.22,-1.795,11.992,12.126,24.567,50.0,passage,288.0,16.717,Did not pass counting line,No,,0.463084
Video 2,tracking_data/member2_canonical_tracks2.csv,83,Car,53,16.984,19.219,1230.368,279.588,1103.443,246.174,-126.926,-33.414,131.25,161.02,50.0,passage,288.0,16.984,Did not pass counting line,No,,0.548493
Video 2,tracking_data/member2_canonical_tracks2.csv,84,Car,151,17.518,22.623,594.87,270.077,590.274,637.93,-4.596,367.853,367.881,393.758,50.0,passage,288.0,18.694,Passed counting line,Yes,Toward camera,0.556837
Video 2,tracking_data/member2_canonical_tracks2.csv,85,Car,85,18.085,21.054,1256.355,280.299,1062.676,236.369,-193.679,-43.929,198.598,211.632,50.0,passage,288.0,18.085,Did not pass counting line,No,,0.590547
Video 2,tracking_data/member2_canonical_tracks2.csv,86,Car,164,18.318,24.224,666.255,241.199,867.166,639.031,200.912,397.832,445.686,497.422,50.0,passage,288.0,20.732,Passed counting line,Yes,Toward camera,0.596893
Video 2,tracking_data/member2_canonical_tracks2.csv,87,Car,244,18.518,27.261,619.439,219.374,258.853,663.216,-360.587,443.842,571.855,611.668,50.0,passage,288.0,23.66,Passed counting line,Yes,Toward camera,0.614947
Video 2,tracking_data/member2_canonical_tracks2.csv,88,Car,94,18.719,21.822,579.418,298.71,553.253,646.404,-26.164,347.694,348.677,376.819,50.0,passage,288.0,18.719,Did not pass counting line,No,,0.659987
Video 2,tracking_data/member2_canonical_tracks2.csv,89,Car,267,18.819,28.428,640.891,221.415,247.009,666.957,-393.881,445.542,594.685,632.952,50.0,passage,288.0,24.954,Passed counting line,Yes,Toward camera,0.584367
Video 2,tracking_data/member2_canonical_tracks2.csv,90,Car,11,18.886,19.453,1073.354,246.587,1044.202,237.311,-29.152,-9.276,30.592,39.408,50.0,passage,288.0,18.886,Did not pass counting line,No,,0.472401
Video 2,tracking_data/member2_canonical_tracks2.csv,91,Car,5,19.086,19.219,421.245,463.438,421.336,457.748,0.091,-5.69,5.691,5.693,50.0,passage,288.0,19.086,Did not pass counting line,No,,0.398495
Video 2,tracking_data/member2_canonical_tracks2.csv,92,Truck,2,19.186,19.219,800.028,585.083,799.997,585.079,-0.031,-0.004,0.032,0.032,50.0,passage,288.0,19.186,Did not pass counting line,No,,0.405137
Video 2,tracking_data/member2_canonical_tracks2.csv,93,Car,54,19.82,21.655,1242.251,290.045,1092.099,253.665,-150.152,-36.381,154.496,187.957,50.0,passage,288.0,19.82,Did not pass counting line,No,,0.540791
Video 2,tracking_data/member2_canonical_tracks2.csv,94,Car,76,20.287,23.423,1254.264,280.586,1068.244,236.971,-186.02,-43.615,191.064,208.979,50.0,passage,288.0,20.287,Did not pass counting line,No,,0.492135
Video 2,tracking_data/member2_canonical_tracks2.csv,95,Car,141,20.687,25.893,671.193,237.157,845.317,658.944,174.124,421.787,456.315,512.689,50.0,passage,288.0,23.107,Passed counting line,Yes,Toward camera,0.605003
Video 2,tracking_data/member2_canonical_tracks2.csv,96,Car,16,20.721,21.321,623.361,229.109,610.276,228.286,-13.085,-0.823,13.111,15.777,50.0,passage,288.0,20.721,Did not pass counting line,No,,0.423254
Video 2,tracking_data/member2_canonical_tracks2.csv,97,Car,50,22.022,23.657,690.067,372.251,871.456,658.47,181.389,286.219,338.856,404.837,50.0,passage,288.0,22.022,Did not pass counting line,No,,0.790671
Video 2,tracking_data/member2_canonical_tracks2.csv,98,Car,3,22.356,22.422,1044.167,241.089,1043.715,240.771,-0.452,-0.318,0.553,0.553,50.0,passage,288.0,22.356,Did not pass counting line,No,,0.357866
Video 2,tracking_data/member2_canonical_tracks2.csv,99,Car,115,22.422,26.226,592.319,276.379,570.571,650.313,-21.748,373.934,374.566,401.426,50.0,passage,288.0,22.959,Passed counting line,Yes,Toward camera,0.673883
Video 2,tracking_data/member2_canonical_tracks2.csv,100,Car,83,22.556,25.292,1254.498,285.291,1062.668,240.498,-191.829,-44.793,196.99,225.367,50.0,passage,288.0,22.556,Did not pass counting line,No,,0.591658
Video 2,tracking_data/member2_canonical_tracks2.csv,101,Car,116,22.89,27.027,595.985,271.586,603.229,655.816,7.244,384.23,384.299,406.521,50.0,passage,288.0,23.562,Passed counting line,Yes,Toward camera,0.578167
Video 2,tracking_data/member2_canonical_tracks2.csv,102,Car,2,23.023,23.056,663.217,258.656,662.968,258.689,-0.249,0.033,0.251,0.251,50.0,passage,288.0,23.023,Did not pass counting line,No,,0.391315
Video 2,tracking_data/member2_canonical_tracks2.csv,103,Car,13,23.223,23.724,1003.593,225.546,993.358,221.391,-10.235,-4.154,11.046,14.19,50.0,passage,288.0,23.223,Did not pass counting line,No,,0.392741
Video 2,tracking_data/member2_canonical_tracks2.csv,104,Car,162,23.257,29.429,572.24,239.476,286.031,663.398,-286.208,423.923,511.493,564.979,50.0,passage,288.0,25.817,Passed counting line,Yes,Toward camera,0.616103
Video 2,tracking_data/member2_canonical_tracks2.csv,105,Car,82,23.323,26.26,1248.903,276.146,1063.965,234.587,-184.938,-41.559,189.55,209.86,50.0,passage,288.0,23.323,Did not pass counting line,No,,0.532071
Video 2,tracking_data/member2_canonical_tracks2.csv,106,Car,214,23.357,30.831,649.101,216.192,590.05,630.793,-59.051,414.602,418.786,442.504,50.0,passage,288.0,27.769,Passed counting line,Yes,Toward camera,0.597631
Video 2,tracking_data/member2_canonical_tracks2.csv,107,Car,1,23.524,23.524,695.269,205.793,695.269,205.793,0.0,0.0,0.0,0.0,50.0,passage,288.0,23.524,Did not pass counting line,No,,0.368194
Video 2,tracking_data/member2_canonical_tracks2.csv,108,Car,11,23.524,24.024,707.534,205.508,699.698,208.648,-7.836,3.14,8.442,8.772,50.0,passage,288.0,23.524,Did not pass counting line,No,,0.380541
Video 2,tracking_data/member2_canonical_tracks2.csv,109,Car,101,23.69,27.027,661.618,277.743,903.274,677.857,241.656,400.114,467.428,501.988,50.0,passage,288.0,23.69,Did not pass counting line,No,,0.645912
Video 2,tracking_data/member2_canonical_tracks2.csv,110,Car,85,23.957,27.427,1256.502,277.326,1074.364,236.609,-182.137,-40.717,186.633,229.231,50.0,passage,288.0,23.957,Did not pass counting line,No,,0.571945
Video 2,tracking_data/member2_canonical_tracks2.csv,111,Truck,1,24.324,24.324,251.609,625.558,251.609,625.558,0.0,0.0,0.0,0.0,50.0,passage,288.0,24.324,Did not pass counting line,No,,0.415309
Video 2,tracking_data/member2_canonical_tracks2.csv,112,Car,2,24.791,24.825,1087.996,243.774,1088.447,243.749,0.451,-0.025,0.452,0.452,50.0,passage,288.0,24.791,Did not pass counting line,No,,0.420501
Video 2,tracking_data/member2_canonical_tracks2.csv,113,Car,76,24.925,27.427,1255.55,276.187,1085.476,239.755,-170.074,-36.433,173.932,186.923,50.0,passage,288.0,24.925,Did not pass counting line,No,,0.518915
Video 2,tracking_data/member2_canonical_tracks2.csv,114,Car,4,24.958,25.058,607.731,219.138,605.501,219.674,-2.23,0.536,2.294,2.308,50.0,passage,288.0,24.958,Did not pass counting line,No,,0.39798
Video 2,tracking_data/member2_canonical_tracks2.csv,115,Car,132,24.992,29.429,663.698,253.427,859.511,651.24,195.813,397.813,443.394,482.653,50.0,passage,288.0,26.448,Passed counting line,Yes,Toward camera,0.640823
Video 2,tracking_data/member2_canonical_tracks2.csv,116,Car,2,24.992,25.025,616.873,222.26,616.685,222.455,-0.188,0.195,0.271,0.271,50.0,passage,288.0,24.992,Did not pass counting line,No,,0.381286
Video 2,tracking_data/member2_canonical_tracks2.csv,117,Car,9,25.158,25.425,1072.308,238.504,1054.561,236.508,-17.747,-1.996,17.859,18.251,50.0,passage,288.0,25.158,Did not pass counting line,No,,0.431098
Video 2,tracking_data/member2_canonical_tracks2.csv,118,Car,103,25.759,29.263,1259.414,285.653,1049.652,237.433,-209.762,-48.219,215.233,230.777,50.0,passage,288.0,25.759,Did not pass counting line,No,,0.598514
Video 2,tracking_data/member2_canonical_tracks2.csv,119,Car,23,26.126,27.06,640.549,221.991,626.638,228.278,-13.91,6.287,15.265,23.946,50.0,passage,288.0,26.126,Did not pass counting line,No,,0.423459
Video 2,tracking_data/member2_canonical_tracks2.csv,120,Car,44,26.393,27.828,1252.046,290.004,1134.771,262.805,-117.275,-27.199,120.388,142.481,50.0,passage,288.0,26.393,Did not pass counting line,No,,0.543565
Video 2,tracking_data/member2_canonical_tracks2.csv,121,Car,207,26.527,33.867,572.227,236.29,294.655,653.324,-277.571,417.034,500.962,536.57,50.0,passage,288.0,30.378,Passed counting line,Yes,Toward camera,0.618459
Video 2,tracking_data/member2_canonical_tracks2.csv,122,Pedestrian,3,27.16,27.227,726.332,426.141,729.611,432.442,3.279,6.301,7.103,7.114,50.0,passage,288.0,27.16,Did not pass counting line,No,,0.478352
Video 2,tracking_data/member2_canonical_tracks2.csv,123,Car,158,27.294,32.666,622.623,237.349,558.588,649.919,-64.035,412.57,417.51,454.977,50.0,passage,288.0,29.715,Passed counting line,Yes,Toward camera,0.620159
Video 2,tracking_data/member2_canonical_tracks2.csv,124,Car,92,27.394,30.631,666.206,271.244,888.217,647.963,222.011,376.719,437.272,487.069,50.0,passage,288.0,28.03,Passed counting line,Yes,Toward camera,0.704404
Video 2,tracking_data/member2_canonical_tracks2.csv,125,Car,161,27.694,33.033,544.778,250.979,283.857,660.023,-260.921,409.044,485.177,511.826,50.0,passage,288.0,29.545,Passed counting line,Yes,Toward camera,0.658858
Video 2,tracking_data/member2_canonical_tracks2.csv,126,Car,47,27.728,29.596,1217.862,284.568,1098.138,254.23,-119.724,-30.337,123.508,159.289,50.0,passage,288.0,27.728,Did not pass counting line,No,,0.497912
Video 2,tracking_data/member2_canonical_tracks2.csv,127,Car,3,27.961,28.028,1270.652,283.457,1268.354,282.721,-2.298,-0.736,2.413,2.425,50.0,passage,288.0,27.961,Did not pass counting line,No,,0.438762
Video 2,tracking_data/member2_canonical_tracks2.csv,128,Car,4,28.128,28.228,646.198,226.464,646.057,226.827,-0.142,0.362,0.389,0.395,50.0,passage,288.0,28.128,Did not pass counting line,No,,0.372414
Video 2,tracking_data/member2_canonical_tracks2.csv,129,Car,111,28.128,31.832,660.536,257.469,726.305,651.897,65.769,394.428,399.874,437.757,50.0,passage,288.0,29.264,Passed counting line,Yes,Toward camera,0.657654
Video 2,tracking_data/member2_canonical_tracks2.csv,130,Car,64,28.729,31.031,1176.975,287.882,1088.891,240.791,-88.084,-47.091,99.882,118.082,50.0,passage,288.0,28.729,Did not pass counting line,No,,0.467659
Video 2,tracking_data/member2_canonical_tracks2.csv,131,Car,167,28.762,34.668,618.59,241.886,560.433,639.875,-58.157,397.989,402.216,436.8,50.0,passage,288.0,31.709,Passed counting line,Yes,Toward camera,0.59354
Video 2,tracking_data/member2_canonical_tracks2.csv,132,Car,12,28.795,29.229,572.783,238.209,567.356,241.173,-5.427,2.964,6.184,11.312,50.0,passage,288.0,28.795,Did not pass counting line,No,,0.428489
Video 2,tracking_data/member2_canonical_tracks2.csv,133,Car,7,28.929,29.63,632.011,230.743,620.588,226.726,-11.423,-4.017,12.109,12.364,50.0,passage,288.0,28.929,Did not pass counting line,No,,0.393316
Video 2,tracking_data/member2_canonical_tracks2.csv,134,Car,158,29.096,35.235,1257.682,289.556,985.686,219.301,-271.996,-70.256,280.923,288.651,50.0,passage,288.0,29.096,Did not pass counting line,No,,0.51829
Video 2,tracking_data/member2_canonical_tracks2.csv,135,Car,191,29.196,37.037,651.083,218.645,571.659,655.53,-79.424,436.885,444.046,472.85,50.0,passage,288.0,33.834,Passed counting line,Yes,Toward camera,0.602215
Video 2,tracking_data/member2_canonical_tracks2.csv,136,Car,20,29.263,30.063,1127.622,272.702,1090.182,260.915,-37.441,-11.787,39.252,56.356,50.0,passage,288.0,29.263,Did not pass counting line,No,,0.493245
Video 2,tracking_data/member2_canonical_tracks2.csv,137,Car,4,29.93,30.03,710.472,205.374,710.104,205.43,-0.368,0.057,0.372,0.383,50.0,passage,288.0,29.93,Did not pass counting line,No,,0.408692
Video 2,tracking_data/member2_canonical_tracks2.csv,138,Car,2,29.963,29.997,1214.892,272.172,1214.987,272.17,0.095,-0.003,0.095,0.095,50.0,passage,288.0,29.963,Did not pass counting line,No,,0.476439
Video 2,tracking_data/member2_canonical_tracks2.csv,139,Truck,102,29.963,33.634,593.049,266.731,586.946,620.288,-6.103,353.557,353.61,387.173,50.0,passage,288.0,30.833,Passed counting line; class refined from downstream Truck fragment 144,Yes,Toward camera,0.538205
Video 2,tracking_data/member2_canonical_tracks2.csv,140,Car,150,30.163,35.202,1257.354,272.151,1035.981,222.677,-221.373,-49.474,226.833,240.172,50.0,passage,288.0,30.163,Did not pass counting line,No,,0.500102
Video 2,tracking_data/member2_canonical_tracks2.csv,141,Car,41,30.397,32.466,1169.8,261.467,1080.651,240.594,-89.149,-20.873,91.56,103.639,50.0,passage,288.0,30.397,Did not pass counting line,No,,0.405518
Video 2,tracking_data/member2_canonical_tracks2.csv,142,Car,2,30.597,30.631,697.483,210.524,697.481,210.501,-0.002,-0.023,0.023,0.023,50.0,passage,288.0,30.597,Did not pass counting line,No,,0.351299
Video 2,tracking_data/member2_canonical_tracks2.csv,143,Car,124,30.764,34.868,520.256,272.39,271.067,651.047,-249.189,378.656,453.294,501.073,50.0,passage,288.0,31.442,Passed counting line,Yes,Toward camera,0.657103
Video 2,tracking_data/member2_canonical_tracks2.csv,144,Truck,3,30.764,30.831,1236.843,266.0,1234.342,264.962,-2.501,-1.038,2.708,2.708,50.0,passage,288.0,30.764,Did not pass counting line,No,,0.364739
Video 2,tracking_data/member2_canonical_tracks2.csv,145,Car,13,30.931,31.398,1040.508,243.035,1024.815,237.361,-15.693,-5.674,16.687,17.121,50.0,passage,288.0,30.931,Did not pass counting line,No,,0.391159
Video 2,tracking_data/member2_canonical_tracks2.csv,146,Car,169,31.198,37.07,582.511,236.62,289.807,656.917,-292.704,420.296,512.176,552.961,50.0,passage,288.0,33.866,Passed counting line,Yes,Toward camera,0.62909
Video 2,tracking_data/member2_canonical_tracks2.csv,147,Car,85,31.198,34.034,1260.68,277.24,1106.761,244.898,-153.92,-32.342,157.281,170.475,50.0,passage,288.0,31.198,Did not pass counting line,No,,0.522829
Video 2,tracking_data/member2_canonical_tracks2.csv,148,Car,2,31.965,31.999,715.241,206.362,715.109,206.359,-0.132,-0.002,0.132,0.132,50.0,passage,288.0,31.965,Did not pass counting line,No,,0.368681
Video 2,tracking_data/member2_canonical_tracks2.csv,149,Car,31,31.999,33.0,1263.074,280.326,1209.077,265.613,-53.997,-14.713,55.966,64.357,50.0,passage,288.0,31.999,Did not pass counting line,No,,0.555188
Video 2,tracking_data/member2_canonical_tracks2.csv,150,Car,2,32.199,32.232,60.2,171.913,60.264,171.948,0.064,0.034,0.073,0.073,50.0,passage,288.0,32.199,Did not pass counting line,No,,0.371707
Video 2,tracking_data/member2_canonical_tracks2.csv,151,Car,84,32.566,35.435,1253.969,292.472,1047.386,240.611,-206.583,-51.861,212.993,236.01,50.0,passage,288.0,32.566,Did not pass counting line,No,,0.488991
Video 2,tracking_data/member2_canonical_tracks2.csv,152,Car,129,32.733,37.037,670.101,240.466,872.387,661.859,202.287,421.393,467.431,512.013,50.0,passage,288.0,34.494,Passed counting line,Yes,Toward camera,0.665078
Video 2,tracking_data/member2_canonical_tracks2.csv,153,Car,6,32.766,33.2,617.985,245.953,609.713,253.366,-8.272,7.414,11.108,11.11,50.0,passage,288.0,32.766,Did not pass counting line,No,,0.394661
Video 2,tracking_data/member2_canonical_tracks2.csv,154,Car,158,32.9,38.438,572.901,239.687,263.362,663.294,-309.539,423.606,524.649,557.89,50.0,passage,288.0,35.255,Passed counting line,Yes,Toward camera,0.64951
Video 2,tracking_data/member2_canonical_tracks2.csv,155,Car,84,33.3,36.47,1230.016,275.066,1081.773,240.346,-148.242,-34.72,152.254,163.425,50.0,passage,288.0,33.3,Did not pass counting line,No,,0.505798
Video 2,tracking_data/member2_canonical_tracks2.csv,156,Car,187,33.967,40.374,625.774,235.363,558.442,660.903,-67.332,425.54,430.834,475.264,50.0,passage,288.0,36.826,Passed counting line,Yes,Toward camera,0.619798
Video 2,tracking_data/member2_canonical_tracks2.csv,157,Car,103,34.101,37.704,588.531,274.564,575.828,650.629,-12.703,376.065,376.28,422.644,50.0,passage,288.0,34.643,Passed counting line,Yes,Toward camera,0.591081
Video 2,tracking_data/member2_canonical_tracks2.csv,158,Car,44,34.101,36.069,1136.168,250.768,1063.882,234.349,-72.286,-16.419,74.127,83.071,50.0,passage,288.0,34.101,Did not pass counting line,No,,0.399822
Video 2,tracking_data/member2_canonical_tracks2.csv,159,Car,43,34.167,35.569,1261.143,279.621,1187.958,262.513,-73.185,-17.109,75.158,94.908,50.0,passage,288.0,34.167,Did not pass counting line,No,,0.557307
Video 2,tracking_data/member2_canonical_tracks2.csv,160,Car,18,34.368,35.035,628.53,228.446,620.986,233.762,-7.544,5.316,9.229,25.61,50.0,passage,288.0,34.368,Did not pass counting line,No,,0.433758
Video 2,tracking_data/member2_canonical_tracks2.csv,161,Car,9,34.735,35.002,682.315,207.255,680.159,208.602,-2.156,1.347,2.542,2.882,50.0,passage,288.0,34.735,Did not pass counting line,No,,0.380426
Video 2,tracking_data/member2_canonical_tracks2.csv,162,Car,90,34.768,38.639,629.258,222.464,833.558,617.019,204.3,394.555,444.311,509.031,50.0,passage,288.0,36.247,Passed counting line,Yes,Toward camera,0.642708
Video 2,tracking_data/member2_canonical_tracks2.csv,163,Car,74,34.968,37.571,1254.842,289.046,1090.694,241.23,-164.148,-47.816,170.971,213.156,50.0,passage,288.0,34.968,Did not pass counting line,No,,0.504364
Video 2,tracking_data/member2_canonical_tracks2.csv,164,Car,112,35.535,39.907,1258.799,279.515,1062.153,235.589,-196.646,-43.926,201.492,224.15,50.0,passage,288.0,35.535,Did not pass counting line,No,,0.546447
Video 2,tracking_data/member2_canonical_tracks2.csv,165,Car,4,35.969,36.069,692.457,207.463,691.556,208.179,-0.9,0.716,1.15,1.15,50.0,passage,288.0,35.969,Did not pass counting line,No,,0.462263
Video 2,tracking_data/member2_canonical_tracks2.csv,166,Car,17,35.969,36.937,1262.717,294.642,1190.464,274.028,-72.253,-20.614,75.136,108.033,50.0,passage,288.0,35.969,Did not pass counting line,No,,0.572542
Video 2,tracking_data/member2_canonical_tracks2.csv,167,Car,63,36.136,38.672,645.669,220.661,624.842,229.271,-20.827,8.61,22.537,40.033,50.0,passage,288.0,36.136,Did not pass counting line,No,,0.480058
Video 2,tracking_data/member2_canonical_tracks2.csv,168,Car,4,36.169,36.637,1010.312,222.615,1001.932,219.555,-8.38,-3.06,8.921,8.944,50.0,passage,288.0,36.169,Did not pass counting line,No,,0.366753
Video 2,tracking_data/member2_canonical_tracks2.csv,169,Car,93,36.537,39.84,1259.84,279.595,1083.129,241.028,-176.711,-38.567,180.871,191.86,50.0,passage,288.0,36.537,Did not pass counting line,No,,0.513823
Video 2,tracking_data/member2_canonical_tracks2.csv,170,Car,117,36.57,41.174,610.841,244.188,429.503,659.182,-181.338,414.994,452.884,509.137,50.0,passage,288.0,37.835,Passed counting line,Yes,Toward camera,0.624201
Video 2,tracking_data/member2_canonical_tracks2.csv,171,Car,6,36.57,37.371,699.421,368.881,790.195,518.241,90.773,149.36,174.781,174.781,50.0,passage,288.0,36.57,Did not pass counting line,No,,0.433743
Video 2,tracking_data/member2_canonical_tracks2.csv,172,Car,97,36.837,40.04,657.538,269.2,855.943,652.232,198.405,383.032,431.368,479.534,50.0,passage,288.0,37.472,Passed counting line,Yes,Toward camera,0.683715
Video 2,tracking_data/member2_canonical_tracks2.csv,173,Car,153,36.87,42.009,573.894,241.096,260.47,654.644,-313.424,413.548,518.9,559.018,50.0,passage,288.0,38.961,Passed counting line,Yes,Toward camera,0.637899
Video 2,tracking_data/member2_canonical_tracks2.csv,174,Car,26,37.271,38.472,1057.683,241.463,1017.663,228.014,-40.02,-13.449,42.22,49.168,50.0,passage,288.0,37.271,Did not pass counting line,No,,0.445141
Video 2,tracking_data/member2_canonical_tracks2.csv,175,Car,175,37.337,43.41,627.104,234.956,555.873,655.718,-71.232,420.763,426.75,452.884,50.0,passage,288.0,40.126,Passed counting line,Yes,Toward camera,0.635219
Video 2,tracking_data/member2_canonical_tracks2.csv,176,Car,40,37.571,39.072,1102.316,254.527,1035.965,235.074,-66.352,-19.454,69.145,93.15,50.0,passage,288.0,37.571,Did not pass counting line,No,,0.521804
Video 2,tracking_data/member2_canonical_tracks2.csv,177,Car,148,37.871,43.31,570.061,241.161,250.29,657.132,-319.771,415.971,524.676,585.706,50.0,passage,288.0,40.154,Passed counting line,Yes,Toward camera,0.638477
Video 2,tracking_data/member2_canonical_tracks2.csv,178,Car,59,38.372,40.474,1248.595,277.636,1124.37,250.551,-124.225,-27.085,127.144,146.411,50.0,passage,288.0,38.372,Did not pass counting line,No,,0.548267
Video 2,tracking_data/member2_canonical_tracks2.csv,179,Car,99,38.505,41.808,582.491,289.625,570.965,644.096,-11.526,354.47,354.658,386.312,50.0,passage,288.0,38.505,Did not pass counting line,No,,0.633577
Video 2,tracking_data/member2_canonical_tracks2.csv,180,Car,144,38.572,44.211,622.802,235.123,577.721,655.267,-45.08,420.145,422.556,450.831,50.0,passage,288.0,41.0,Passed counting line,Yes,Toward camera,0.619681
Video 2,tracking_data/member2_canonical_tracks2.csv,181,Car,50,38.972,40.874,1254.713,280.063,1101.974,247.577,-152.739,-32.485,156.156,177.633,50.0,passage,288.0,38.972,Did not pass counting line,No,,0.490552
Video 2,tracking_data/member2_canonical_tracks2.csv,182,Car,189,39.54,46.58,643.833,226.097,582.107,660.872,-61.726,434.775,439.134,471.691,50.0,passage,288.0,43.389,Passed counting line,Yes,Toward camera,0.633102
Video 2,tracking_data/member2_canonical_tracks2.csv,183,Car,145,39.573,44.478,584.669,242.725,305.944,645.17,-278.726,402.445,489.54,535.387,50.0,passage,288.0,41.519,Passed counting line,Yes,Toward camera,0.578711
Video 2,tracking_data/member2_canonical_tracks2.csv,184,Car,47,39.573,41.575,1210.687,294.068,1069.995,250.361,-140.692,-43.707,147.325,216.301,50.0,passage,288.0,40.131,Passed counting line,Yes,Away from camera,0.518203
Video 2,tracking_data/member2_canonical_tracks2.csv,185,Car,73,39.973,42.576,1236.479,276.431,1084.32,241.472,-152.159,-34.959,156.123,187.477,50.0,passage,288.0,39.973,Did not pass counting line,No,,0.520368
Video 2,tracking_data/member2_canonical_tracks2.csv,186,Car,1,40.374,40.374,663.547,212.163,663.547,212.163,0.0,0.0,0.0,0.0,50.0,passage,288.0,40.374,Did not pass counting line,No,,0.380354
Video 2,tracking_data/member2_canonical_tracks2.csv,187,Car,4,40.541,40.641,993.535,218.429,992.513,218.1,-1.022,-0.329,1.074,1.074,50.0,passage,288.0,40.541,Did not pass counting line,No,,0.419164
Video 2,tracking_data/member2_canonical_tracks2.csv,188,Car,138,41.174,45.812,550.126,256.068,267.912,650.543,-282.215,394.475,485.032,533.41,50.0,passage,288.0,42.652,Passed counting line,Yes,Toward camera,0.661729
Video 2,tracking_data/member2_canonical_tracks2.csv,189,Car,11,41.275,41.608,649.143,217.528,645.274,220.17,-3.869,2.642,4.685,5.34,50.0,passage,288.0,41.275,Did not pass counting line,No,,0.432974
Video 2,tracking_data/member2_canonical_tracks2.csv,190,Car,233,41.975,51.919,691.785,204.492,603.815,644.167,-87.971,439.675,448.389,505.338,50.0,passage,288.0,48.85,Passed counting line,Yes,Toward camera,0.552589
Video 2,tracking_data/member2_canonical_tracks2.csv,191,Car,278,42.309,52.019,630.175,235.816,284.51,682.922,-345.666,447.107,565.145,600.0,50.0,passage,288.0,48.201,Passed counting line,Yes,Toward camera,0.609866
Video 2,tracking_data/member2_canonical_tracks2.csv,192,Car,123,43.343,47.614,615.147,252.712,584.724,616.088,-30.423,363.377,364.648,403.576,50.0,passage,288.0,44.846,Passed counting line,Yes,Toward camera,0.626714
Video 2,tracking_data/member2_canonical_tracks2.csv,193,Car,199,43.443,51.785,708.061,205.485,874.18,648.965,166.119,443.48,473.571,559.645,50.0,passage,288.0,48.968,Passed counting line,Yes,Toward camera,0.519771
Video 2,tracking_data/member2_canonical_tracks2.csv,194,Car,26,44.177,45.012,741.498,188.816,735.085,190.817,-6.413,2.0,6.718,9.57,50.0,passage,288.0,44.177,Did not pass counting line,No,,0.463832
Video 2,tracking_data/member2_canonical_tracks2.csv,195,Car,8,45.112,46.179,606.08,255.259,602.652,260.786,-3.428,5.526,6.503,6.673,50.0,passage,288.0,45.112,Did not pass counting line,No,,0.445487
Video 2,tracking_data/member2_canonical_tracks2.csv,196,Car,206,45.445,53.654,611.923,220.758,320.613,667.82,-291.31,447.061,533.597,568.724,50.0,passage,288.0,50.163,Passed counting line,Yes,Toward camera,0.562358
Video 2,tracking_data/member2_canonical_tracks2.csv,197,Car,95,46.113,49.416,585.754,285.883,574.23,646.108,-11.524,360.224,360.409,394.934,50.0,passage,288.0,46.113,Did not pass counting line,No,,0.640281
Video 2,tracking_data/member2_canonical_tracks2.csv,198,Car,94,46.146,49.416,1252.07,278.394,1046.389,231.25,-205.681,-47.144,211.014,229.097,50.0,passage,288.0,46.146,Did not pass counting line,No,,0.563612
Video 2,tracking_data/member2_canonical_tracks2.csv,199,Car,14,46.346,46.98,714.452,196.976,704.543,197.329,-9.909,0.352,9.915,10.317,50.0,passage,288.0,46.346,Did not pass counting line,No,,0.406194
Video 2,tracking_data/member2_canonical_tracks2.csv,200,Car,152,47.347,52.586,544.619,256.015,293.408,649.255,-251.212,393.239,466.631,499.349,50.0,passage,288.0,48.996,Passed counting line,Yes,Toward camera,0.514899
Video 2,tracking_data/member2_canonical_tracks2.csv,201,Car,90,47.381,50.417,577.762,294.563,564.612,664.095,-13.15,369.532,369.766,399.608,50.0,passage,288.0,47.381,Did not pass counting line,No,,0.709314
Video 2,tracking_data/member2_canonical_tracks2.csv,202,Car,154,48.115,53.654,617.094,240.285,588.569,641.314,-28.525,401.03,402.043,448.29,50.0,passage,288.0,50.797,Passed counting line,Yes,Toward camera,0.635267
Video 2,tracking_data/member2_canonical_tracks2.csv,203,Car,57,48.148,50.217,681.638,204.845,657.038,210.455,-24.599,5.61,25.231,28.659,50.0,passage,288.0,48.148,Did not pass counting line,No,,0.475968
Video 2,tracking_data/member2_canonical_tracks2.csv,204,Car,188,48.715,55.289,579.194,237.88,298.013,664.733,-281.181,426.853,511.142,544.68,50.0,passage,288.0,51.533,Passed counting line,Yes,Toward camera,0.627686
Video 2,tracking_data/member2_canonical_tracks2.csv,205,Car,119,49.149,53.654,1247.493,290.566,1044.463,246.481,-203.03,-44.084,207.761,234.778,50.0,passage,288.0,49.149,Did not pass counting line,No,,0.494013
Video 2,tracking_data/member2_canonical_tracks2.csv,206,Car,9,50.117,50.384,600.861,229.421,596.985,229.347,-3.876,-0.074,3.877,4.124,50.0,passage,288.0,50.117,Did not pass counting line,No,,0.477736
Video 2,tracking_data/member2_canonical_tracks2.csv,207,Car,28,50.317,51.852,1233.217,285.78,1196.806,275.051,-36.411,-10.729,37.959,84.408,50.0,passage,288.0,50.317,Did not pass counting line,No,,0.56349
Video 2,tracking_data/member2_canonical_tracks2.csv,208,Car,11,50.884,51.218,1073.084,247.595,1057.233,243.607,-15.851,-3.988,16.345,18.184,50.0,passage,288.0,50.884,Did not pass counting line,No,,0.439194
Video 2,tracking_data/member2_canonical_tracks2.csv,209,Car,167,50.918,56.623,579.082,237.815,395.258,439.21,-183.824,201.396,272.675,297.164,50.0,passage,288.0,53.907,Passed counting line,Yes,Toward camera,0.626601
Video 2,tracking_data/member2_canonical_tracks2.csv,210,Motorcycle,147,50.918,56.623,616.562,222.321,495.943,303.225,-120.619,80.904,145.239,170.939,50.0,passage,288.0,55.94,Passed counting line; class refined from downstream Motorcycle fragment 228,Yes,Toward camera,0.556691
Video 2,tracking_data/member2_canonical_tracks2.csv,211,Truck,130,51.051,56.056,547.999,260.968,265.341,670.168,-282.659,409.201,497.334,521.215,50.0,passage,288.0,52.345,Passed counting line; class refined from downstream Truck fragment 218,Yes,Toward camera,0.65873
Video 2,tracking_data/member2_canonical_tracks2.csv,212,Car,42,51.518,53.287,692.223,204.194,679.501,206.912,-12.722,2.717,13.009,21.258,50.0,passage,288.0,51.518,Did not pass counting line,No,,0.451993
Video 2,tracking_data/member2_canonical_tracks2.csv,213,Car,32,51.685,52.853,1248.934,307.265,1105.8,270.566,-143.133,-36.698,147.763,163.635,50.0,passage,288.0,52.272,Passed counting line,Yes,Away from camera,0.483624
Video 2,tracking_data/member2_canonical_tracks2.csv,214,Car,119,51.952,56.623,620.344,238.525,534.034,250.595,-86.31,12.07,87.15,98.116,50.0,passage,288.0,51.952,Did not pass counting line,No,,0.559876
Video 2,tracking_data/member2_canonical_tracks2.csv,215,Car,68,52.085,54.721,442.262,352.662,260.159,648.98,-182.104,296.318,347.802,400.014,50.0,passage,288.0,52.085,Did not pass counting line,No,,0.519698
Video 2,tracking_data/member2_canonical_tracks2.csv,216,Car,47,52.152,53.854,1239.808,286.805,1108.296,257.625,-131.512,-29.179,134.71,180.462,50.0,passage,288.0,52.152,Did not pass counting line,No,,0.561976
Video 2,tracking_data/member2_canonical_tracks2.csv,217,Car,12,52.152,52.819,1077.673,248.956,1042.443,238.529,-35.231,-10.427,36.741,38.966,50.0,passage,288.0,52.152,Did not pass counting line,No,,0.430821
Video 2,tracking_data/member2_canonical_tracks2.csv,218,Truck,4,52.719,52.819,415.988,390.836,413.383,394.019,-2.606,3.183,4.114,4.114,50.0,passage,288.0,52.719,Did not pass counting line,No,,0.474096
Video 2,tracking_data/member2_canonical_tracks2.csv,219,Car,65,52.753,55.422,1248.59,301.762,1014.68,239.421,-233.911,-62.34,242.076,270.044,50.0,passage,288.0,53.464,Passed counting line,Yes,Away from camera,0.482186
Video 2,tracking_data/member2_canonical_tracks2.csv,220,Car,53,52.853,56.29,663.394,212.056,633.134,224.563,-30.261,12.507,32.743,37.646,50.0,passage,288.0,52.853,Did not pass counting line,No,,0.420344
Video 2,tracking_data/member2_canonical_tracks2.csv,221,Truck,102,52.853,56.623,601.748,260.008,566.653,396.785,-35.095,136.777,141.207,169.897,50.0,passage,288.0,54.536,Passed counting line; class refined from downstream Truck fragment 223,Yes,Toward camera,0.64615
Video 2,tracking_data/member2_canonical_tracks2.csv,222,Car,68,53.32,56.223,1222.342,278.253,1032.873,234.16,-189.469,-44.093,194.532,216.223,50.0,passage,288.0,53.32,Did not pass counting line,No,,0.55729
Video 2,tracking_data/member2_canonical_tracks2.csv,223,Truck,3,54.254,54.321,250.498,653.882,233.657,684.535,-16.841,30.653,34.974,34.974,50.0,passage,288.0,54.254,Did not pass counting line,No,,0.497191
Video 2,tracking_data/member2_canonical_tracks2.csv,224,Car,63,54.555,56.623,633.906,231.586,606.729,258.426,-27.177,26.84,38.196,44.394,50.0,passage,288.0,54.555,Did not pass counting line,No,,0.550133
Video 2,tracking_data/member2_canonical_tracks2.csv,225,Car,39,54.755,56.623,691.511,218.576,668.886,240.644,-22.626,22.069,31.606,34.598,50.0,passage,288.0,54.755,Did not pass counting line,No,,0.439434
Video 2,tracking_data/member2_canonical_tracks2.csv,226,Car,44,55.155,56.623,585.648,280.65,568.106,321.943,-17.541,41.293,44.865,56.834,50.0,passage,288.0,55.155,Did not pass counting line,No,,0.53258
Video 2,tracking_data/member2_canonical_tracks2.csv,227,Car,40,55.322,56.623,1233.59,275.676,1137.614,253.817,-95.975,-21.859,98.433,119.51,50.0,passage,288.0,55.322,Did not pass counting line,No,,0.607756
Video 2,tracking_data/member2_canonical_tracks2.csv,228,Motorcycle,16,55.789,56.623,653.256,396.255,671.378,530.835,18.122,134.58,135.795,170.233,50.0,passage,288.0,55.789,Did not pass counting line,No,,0.440833
Video 2,tracking_data/member2_canonical_tracks2.csv,229,Car,3,56.556,56.623,1264.117,282.851,1263.871,282.715,-0.246,-0.136,0.281,0.281,50.0,passage,288.0,56.556,Did not pass counting line,No,,0.479512
Video 3,tracking_data/member2_canonical_tracks3.csv,1,Truck,137,0.0,6.6,1075.4,498.4,901.459,53.553,-173.941,-444.847,477.645,539.62,50.0,movement,,0.0,Moving,Yes,Away from camera,0.555789
Video 3,tracking_data/member2_canonical_tracks3.csv,2,Car,97,0.0,4.4,704.388,196.724,748.093,67.231,43.706,-129.494,136.67,156.438,50.0,movement,,0.0,Moving,Yes,Away from camera,0.538685
Video 3,tracking_data/member2_canonical_tracks3.csv,3,Car,10,0.0,0.56,894.214,60.729,889.584,55.125,-4.629,-5.604,7.269,7.991,50.0,movement,,0.0,Parked/stationary,No,,0.472588
Video 3,tracking_data/member2_canonical_tracks3.csv,4,Car,100,0.0,4.0,804.085,119.187,817.519,49.405,13.434,-69.782,71.063,74.287,50.0,movement,,0.0,Moving,Yes,Away from camera,0.509058
Video 3,tracking_data/member2_canonical_tracks3.csv,5,Car,15,0.0,0.56,743.311,75.282,747.945,65.793,4.634,-9.489,10.56,11.452,50.0,movement,,0.0,Parked/stationary,No,,0.529142
Video 3,tracking_data/member2_canonical_tracks3.csv,6,Pedestrian,59,0.0,3.44,1643.957,735.73,1241.13,292.771,-402.827,-442.959,598.734,676.69,50.0,movement,,0.0,Moving,Yes,Away from camera,0.493569
Video 3,tracking_data/member2_canonical_tracks3.csv,7,Truck,7,0.0,0.28,56.524,540.603,32.416,579.13,-24.107,38.527,45.448,45.448,50.0,movement,,0.0,Parked/stationary,No,,0.412632
Video 3,tracking_data/member2_canonical_tracks3.csv,8,Car,161,0.48,6.96,718.099,876.48,816.18,76.865,98.081,-799.615,805.608,924.209,50.0,movement,,0.48,Moving,Yes,Away from camera,0.651043
Video 3,tracking_data/member2_canonical_tracks3.csv,9,Car,268,2.0,14.4,1121.705,926.645,870.258,19.793,-251.447,-906.852,941.066,1021.623,50.0,movement,,2.0,Moving,Yes,Away from camera,0.574985
Video 3,tracking_data/member2_canonical_tracks3.csv,10,Car,184,3.08,10.52,683.274,901.922,821.214,54.758,137.94,-847.163,858.32,972.374,50.0,movement,,3.08,Moving,Yes,Away from camera,0.629448
Video 3,tracking_data/member2_canonical_tracks3.csv,11,Pedestrian,1,5.24,5.24,1120.161,173.339,1120.161,173.339,0.0,0.0,0.0,0.0,50.0,movement,,5.24,Parked/stationary,No,,0.406685
Video 3,tracking_data/member2_canonical_tracks3.csv,12,Car,137,5.48,11.04,1505.18,912.274,1016.736,85.013,-488.444,-827.261,960.697,1067.946,50.0,movement,,5.48,Moving,Yes,Away from camera,0.702015
Video 3,tracking_data/member2_canonical_tracks3.csv,13,Car,241,6.16,16.64,639.096,926.193,819.871,45.906,180.776,-880.286,898.657,978.547,50.0,movement,,6.16,Moving,Yes,Away from camera,0.59267
Video 3,tracking_data/member2_canonical_tracks3.csv,14,Car,90,7.2,10.88,1042.6,746.646,976.874,126.852,-65.725,-619.794,623.269,847.944,50.0,movement,,7.2,Moving,Yes,Away from camera,0.702001
Video 3,tracking_data/member2_canonical_tracks3.csv,15,Pedestrian,6,7.92,8.12,1783.388,361.141,1788.155,362.786,4.767,1.645,5.043,5.174,50.0,movement,,7.92,Parked/stationary,No,,0.481079
Video 3,tracking_data/member2_canonical_tracks3.csv,16,Car,195,10.6,19.08,1136.607,921.57,900.186,60.976,-236.42,-860.594,892.478,968.163,50.0,movement,,10.6,Moving,Yes,Away from camera,0.661489
Video 3,tracking_data/member2_canonical_tracks3.csv,17,Car,14,12.04,12.56,960.27,77.511,956.81,65.501,-3.461,-12.01,12.499,15.764,50.0,movement,,12.04,Parked/stationary,No,,0.572585
Video 3,tracking_data/member2_canonical_tracks3.csv,18,Car,4,12.16,12.28,991.433,58.922,990.443,58.089,-0.99,-0.833,1.294,1.768,50.0,movement,,12.16,Parked/stationary,No,,0.426802
Video 3,tracking_data/member2_canonical_tracks3.csv,19,Car,204,12.6,21.36,1150.921,925.936,817.344,69.133,-333.577,-856.804,919.449,993.9,50.0,movement,,12.6,Moving,Yes,Away from camera,0.66928
Video 3,tracking_data/member2_canonical_tracks3.csv,20,Bus,733,13.16,44.72,1524.111,866.991,991.277,59.73,-532.834,-807.262,967.256,1084.775,50.0,movement,,13.16,Moving,Yes,Away from camera,0.795094
Video 3,tracking_data/member2_canonical_tracks3.csv,21,Car,140,14.64,20.2,479.437,870.46,747.066,71.158,267.63,-799.303,842.918,943.182,50.0,movement,,14.64,Moving,Yes,Away from camera,0.6841
Video 3,tracking_data/member2_canonical_tracks3.csv,22,Car,155,16.04,22.2,1035.249,945.533,836.105,110.615,-199.143,-834.918,858.339,922.398,50.0,movement,,16.04,Moving,Yes,Away from camera,0.667891
Video 3,tracking_data/member2_canonical_tracks3.csv,23,Car,164,17.48,25.72,548.851,965.372,902.357,80.465,353.506,-884.907,952.904,1160.178,50.0,movement,,17.48,Moving,Yes,Away from camera,0.517312
Video 3,tracking_data/member2_canonical_tracks3.csv,24,Car,296,17.88,30.32,619.609,686.875,819.126,53.315,199.517,-633.56,664.233,781.289,50.0,movement,,17.88,Moving,Yes,Away from camera,0.599771
Video 3,tracking_data/member2_canonical_tracks3.csv,25,Motorcycle,3,18.56,18.64,166.319,357.827,152.095,363.895,-14.224,6.067,15.464,15.464,50.0,movement,,18.56,Parked/stationary,No,,0.423609
Video 3,tracking_data/member2_canonical_tracks3.csv,26,Car,8,19.36,19.64,871.015,20.096,871.388,20.465,0.373,0.369,0.525,1.12,50.0,movement,,19.36,Parked/stationary,No,,0.384249
Video 3,tracking_data/member2_canonical_tracks3.csv,27,Car,184,19.44,27.52,416.77,945.385,743.623,64.878,326.853,-880.507,939.216,1013.05,50.0,movement,,19.44,Moving,Yes,Away from camera,0.641721
Video 3,tracking_data/member2_canonical_tracks3.csv,28,Car,189,19.56,28.12,1128.381,960.282,894.168,79.315,-234.214,-880.968,911.57,977.974,50.0,movement,,19.56,Moving,Yes,Away from camera,0.622066
Video 3,tracking_data/member2_canonical_tracks3.csv,29,Pedestrian,29,20.28,21.4,1903.305,472.981,1872.708,450.97,-30.597,-22.011,37.692,53.054,50.0,movement,,20.28,Moving,Yes,Away from camera,0.557644
Video 3,tracking_data/member2_canonical_tracks3.csv,30,Car,254,20.36,30.8,1576.014,927.288,1001.201,56.483,-574.813,-870.805,1043.413,1125.919,50.0,movement,,20.36,Moving,Yes,Away from camera,0.630111
Video 3,tracking_data/member2_canonical_tracks3.csv,31,Car,248,21.36,31.32,1042.639,930.009,930.976,66.222,-111.663,-863.787,870.975,944.303,50.0,movement,,21.36,Moving,Yes,Away from camera,0.677262
Video 3,tracking_data/member2_canonical_tracks3.csv,32,Pedestrian,41,23.12,24.8,1796.527,397.628,1740.922,369.253,-55.605,-28.375,62.426,81.128,50.0,movement,,23.12,Moving,Yes,Away from camera,0.560021
Video 3,tracking_data/member2_canonical_tracks3.csv,33,Car,373,24.28,39.4,1535.514,926.547,1001.848,68.253,-533.666,-858.294,1010.677,1099.711,50.0,movement,,24.28,Moving,Yes,Away from camera,0.654723
Video 3,tracking_data/member2_canonical_tracks3.csv,34,Car,243,25.6,35.88,725.119,925.635,933.331,51.328,208.212,-874.307,898.757,976.811,50.0,movement,,25.6,Moving,Yes,Away from camera,0.626048
Video 3,tracking_data/member2_canonical_tracks3.csv,35,Bus,441,25.64,44.32,1689.874,875.908,1046.995,125.426,-642.879,-750.481,988.188,1065.518,50.0,movement,,25.64,Moving,Yes,Away from camera,0.713273
Video 3,tracking_data/member2_canonical_tracks3.csv,36,Pedestrian,8,26.2,26.56,1895.76,396.537,1878.344,389.827,-17.416,-6.71,18.664,24.668,50.0,movement,,26.2,Parked/stationary,No,,0.485341
Video 3,tracking_data/member2_canonical_tracks3.csv,37,Car,174,26.6,33.88,553.637,935.275,754.612,55.403,200.975,-879.871,902.532,974.312,50.0,movement,,26.6,Moving,Yes,Away from camera,0.641089
Video 3,tracking_data/member2_canonical_tracks3.csv,38,Pedestrian,31,27.96,29.44,1782.832,358.103,1788.454,341.796,5.623,-16.307,17.249,50.47,50.0,movement,,27.96,Moving,Yes,Away from camera,0.511188
Video 3,tracking_data/member2_canonical_tracks3.csv,39,Pedestrian,3,28.56,28.64,1766.26,347.078,1765.476,346.087,-0.784,-0.992,1.264,1.264,50.0,movement,,28.56,Parked/stationary,No,,0.475242
Video 3,tracking_data/member2_canonical_tracks3.csv,40,Car,413,28.6,46.68,699.919,875.01,830.739,79.039,130.82,-795.972,806.65,943.497,50.0,movement,,28.6,Moving,Yes,Away from camera,0.65764
Video 3,tracking_data/member2_canonical_tracks3.csv,41,Car,4,29.0,29.12,704.635,865.248,721.307,798.212,16.673,-67.036,69.078,69.078,50.0,movement,,29.0,Moving,Yes,Away from camera,0.415775
Video 3,tracking_data/member2_canonical_tracks3.csv,42,Car,195,29.44,38.24,430.28,885.612,753.389,53.498,323.109,-832.114,892.644,1050.916,50.0,movement,,29.44,Moving,Yes,Away from camera,0.57667
Video 3,tracking_data/member2_canonical_tracks3.csv,43,Car,1,29.48,29.48,752.325,47.169,752.325,47.169,0.0,0.0,0.0,0.0,50.0,movement,,29.48,Parked/stationary,No,,0.391857
Video 3,tracking_data/member2_canonical_tracks3.csv,44,Car,247,29.92,40.68,1126.291,950.978,904.664,67.823,-221.627,-883.155,910.539,976.753,50.0,movement,,29.92,Moving,Yes,Away from camera,0.660935
Video 3,tracking_data/member2_canonical_tracks3.csv,45,Car,283,30.76,43.6,1616.17,973.978,936.851,67.736,-679.319,-906.242,1132.585,1194.051,50.0,movement,,30.76,Moving,Yes,Away from camera,0.69874
Video 3,tracking_data/member2_canonical_tracks3.csv,46,Car,101,32.24,37.68,601.565,32.42,78.898,465.773,-522.667,433.353,678.952,740.617,50.0,movement,,32.24,Moving,Yes,Toward camera,0.591738
Video 3,tracking_data/member2_canonical_tracks3.csv,47,Car,266,33.2,44.4,439.282,926.327,755.584,53.512,316.301,-872.814,928.36,1004.771,50.0,movement,,33.2,Moving,Yes,Away from camera,0.620812
Video 3,tracking_data/member2_canonical_tracks3.csv,48,Bus,358,33.32,47.64,1693.996,871.329,1109.175,155.229,-584.821,-716.1,924.562,994.537,50.0,movement,,33.32,Moving,Yes,Away from camera,0.90102
Video 3,tracking_data/member2_canonical_tracks3.csv,49,Pedestrian,10,33.56,34.24,1511.955,429.998,1582.556,458.737,70.601,28.739,76.226,84.766,50.0,movement,,33.56,Moving,Yes,Toward camera,0.49345
Video 3,tracking_data/member2_canonical_tracks3.csv,50,Car,7,34.0,34.28,820.216,50.41,819.41,50.022,-0.806,-0.387,0.894,0.992,50.0,movement,,34.0,Parked/stationary,No,,0.380578
Video 3,tracking_data/member2_canonical_tracks3.csv,51,Car,2,34.12,34.16,580.504,30.337,579.96,30.37,-0.544,0.033,0.545,0.545,50.0,movement,,34.12,Parked/stationary,No,,0.36628
Video 3,tracking_data/member2_canonical_tracks3.csv,52,Car,159,34.96,42.36,556.312,42.46,79.971,536.792,-476.341,494.332,686.487,748.07,50.0,movement,,34.96,Moving,Yes,Toward camera,0.566214
Video 3,tracking_data/member2_canonical_tracks3.csv,53,Car,182,35.36,42.88,1215.25,942.403,991.374,129.556,-223.876,-812.848,843.115,915.298,50.0,movement,,35.36,Moving,Yes,Away from camera,0.673026
Video 3,tracking_data/member2_canonical_tracks3.csv,54,Pedestrian,26,35.76,36.8,1776.347,669.716,1891.001,795.804,114.654,126.088,170.422,215.773,50.0,movement,,35.76,Moving,Yes,Toward camera,0.47339
Video 3,tracking_data/member2_canonical_tracks3.csv,55,Car,131,35.8,41.08,608.995,74.61,102.98,705.973,-506.015,631.363,809.117,907.822,50.0,movement,,35.8,Moving,Yes,Toward camera,0.633501
Video 3,tracking_data/member2_canonical_tracks3.csv,56,Car,121,36.72,42.12,876.023,871.988,820.479,165.844,-55.545,-706.144,708.325,793.944,50.0,movement,,36.72,Moving,Yes,Away from camera,0.555322
Video 3,tracking_data/member2_canonical_tracks3.csv,57,Car,6,37.04,37.24,865.817,792.676,852.738,696.771,-13.078,-95.905,96.793,96.793,50.0,movement,,37.04,Moving,Yes,Away from camera,0.488146
Video 3,tracking_data/member2_canonical_tracks3.csv,58,Car,167,37.24,44.28,654.259,23.274,98.764,578.211,-555.495,554.937,785.194,851.84,50.0,movement,,37.24,Moving,Yes,Toward camera,0.591358
Video 3,tracking_data/member2_canonical_tracks3.csv,59,Car,239,37.44,47.64,639.166,927.94,810.903,108.521,171.737,-819.419,837.223,942.176,50.0,movement,,37.44,Moving,Yes,Away from camera,0.605592
Video 3,tracking_data/member2_canonical_tracks3.csv,60,Car,135,38.88,44.64,440.137,100.33,41.895,388.326,-398.243,287.996,491.466,521.165,50.0,movement,,38.88,Moving,Yes,Toward camera,0.596116
Video 3,tracking_data/member2_canonical_tracks3.csv,61,Car,186,39.76,47.16,1139.817,869.469,915.331,102.972,-224.487,-766.497,798.694,870.848,50.0,movement,,39.76,Moving,Yes,Away from camera,0.668289
Video 3,tracking_data/member2_canonical_tracks3.csv,62,Car,147,40.44,46.6,598.665,42.504,82.768,502.982,-515.897,460.478,691.512,753.272,50.0,movement,,40.44,Moving,Yes,Toward camera,0.546928
Video 3,tracking_data/member2_canonical_tracks3.csv,63,Pedestrian,52,40.64,43.52,1854.719,815.462,1606.116,487.302,-248.603,-328.16,411.695,627.134,50.0,movement,,40.64,Moving,Yes,Away from camera,0.489185
Video 3,tracking_data/member2_canonical_tracks3.csv,64,Bus,172,40.8,47.64,440.342,71.029,54.455,284.085,-385.887,213.056,440.796,457.879,50.0,movement,,40.8,Moving,Yes,Toward camera,0.760769
Video 3,tracking_data/member2_canonical_tracks3.csv,65,Car,151,41.6,47.64,1167.812,940.198,927.55,144.583,-240.262,-795.615,831.102,903.021,50.0,movement,,41.6,Moving,Yes,Away from camera,0.73134
Video 3,tracking_data/member2_canonical_tracks3.csv,66,Car,123,42.72,47.64,433.726,943.747,708.328,149.958,274.602,-793.789,839.945,922.29,50.0,movement,,42.72,Moving,Yes,Away from camera,0.714336
Video 3,tracking_data/member2_canonical_tracks3.csv,67,Car,93,43.96,47.64,543.383,88.762,404.587,308.027,-138.797,219.266,259.503,302.597,50.0,movement,,43.96,Moving,Yes,Toward camera,0.663862
Video 3,tracking_data/member2_canonical_tracks3.csv,68,Pedestrian,3,46.2,46.28,1356.505,306.706,1352.226,300.446,-4.279,-6.26,7.583,7.583,50.0,movement,,46.2,Parked/stationary,No,,0.507353
Video 3,tracking_data/member2_canonical_tracks3.csv,69,Car,9,46.2,47.32,1004.344,90.303,992.56,76.656,-11.783,-13.647,18.03,19.52,50.0,movement,,46.2,Parked/stationary,No,,0.406541
Video 3,tracking_data/member2_canonical_tracks3.csv,70,Car,9,46.24,47.48,609.104,54.317,573.118,77.127,-35.986,22.81,42.606,49.05,50.0,movement,,46.24,Parked/stationary,No,,0.397649
Video 3,tracking_data/member2_canonical_tracks3.csv,71,Bus,31,46.36,47.64,469.108,65.719,427.531,85.539,-41.577,19.82,46.059,57.969,50.0,movement,,46.36,Moving,Yes,Toward camera,0.669306
Video 4,tracking_data/member2_canonical_tracks4.csv,1,Car,34,0.0,1.1,1428.023,289.716,1783.962,924.434,355.939,634.718,727.709,883.3,50.0,movement,,0.0,Moving,Yes,Toward camera,0.731441
Video 4,tracking_data/member2_canonical_tracks4.csv,2,Car,109,0.0,3.6,1150.403,119.063,928.103,961.722,-222.3,842.659,871.488,957.267,50.0,movement,,0.0,Moving,Yes,Toward camera,0.641134
Video 4,tracking_data/member2_canonical_tracks4.csv,3,Car,47,0.0,1.567,1286.987,132.055,1511.818,813.88,224.831,681.825,717.938,954.007,50.0,movement,,0.0,Moving,Yes,Toward camera,0.698394
Video 4,tracking_data/member2_canonical_tracks4.csv,4,Car,61,0.0,2.033,1051.424,264.512,873.798,909.515,-177.626,645.003,669.014,753.793,50.0,movement,,0.0,Moving,Yes,Toward camera,0.647496
Video 4,tracking_data/member2_canonical_tracks4.csv,5,Car,2284,0.0,76.333,1509.462,132.122,1510.645,341.906,1.183,209.784,209.788,350.298,50.0,movement,,0.0,Moving,Yes,Toward camera,0.61808
Video 4,tracking_data/member2_canonical_tracks4.csv,6,Car,2,0.0,0.033,1614.508,983.072,1619.099,1016.856,4.591,33.785,34.095,34.095,50.0,movement,,0.0,Parked/stationary,No,,0.512388
Video 4,tracking_data/member2_canonical_tracks4.csv,7,Truck,1,0.0,0.0,1780.705,823.345,1780.705,823.345,0.0,0.0,0.0,0.0,50.0,movement,,0.0,Parked/stationary,No,,0.36243
Video 4,tracking_data/member2_canonical_tracks4.csv,8,Car,22,0.433,1.267,1384.093,17.96,1383.724,54.699,-0.369,36.74,36.742,45.936,50.0,movement,,0.433,Parked/stationary,No,,0.507523
Video 4,tracking_data/member2_canonical_tracks4.csv,9,Car,78,0.5,3.167,1301.092,23.075,1547.21,881.468,246.118,858.394,892.98,1056.284,50.0,movement,,0.5,Moving,Yes,Toward camera,0.607537
Video 4,tracking_data/member2_canonical_tracks4.csv,10,Car,115,1.267,5.3,1356.799,34.469,1523.977,977.423,167.179,942.955,957.66,1056.262,50.0,movement,,1.267,Moving,Yes,Toward camera,0.713106
Video 4,tracking_data/member2_canonical_tracks4.csv,11,Car,289,1.5,11.533,1216.011,24.454,917.955,950.294,-298.056,925.84,972.634,1033.31,50.0,movement,,1.5,Moving,Yes,Toward camera,0.529361
Video 4,tracking_data/member2_canonical_tracks4.csv,12,Bus,50,1.7,4.367,1391.686,122.05,1675.327,650.738,283.641,528.688,599.969,908.021,50.0,movement,,1.7,Moving,Yes,Toward camera,0.461547
Video 4,tracking_data/member2_canonical_tracks4.csv,13,Bus,250,2.733,11.567,1311.537,21.113,1627.47,951.749,315.932,930.635,982.8,1037.118,50.0,movement,,2.733,Moving,Yes,Toward camera,0.734176
Video 4,tracking_data/member2_canonical_tracks4.csv,14,Car,183,3.233,9.3,1373.122,100.52,1545.701,1031.659,172.58,931.139,946.997,1002.35,50.0,movement,,3.233,Moving,Yes,Toward camera,0.718909
Video 4,tracking_data/member2_canonical_tracks4.csv,15,Car,182,3.267,9.367,1386.115,22.857,1862.514,1006.806,476.399,983.949,1093.212,1137.5,50.0,movement,,3.267,Moving,Yes,Toward camera,0.638999
Video 4,tracking_data/member2_canonical_tracks4.csv,16,Car,615,3.4,23.867,1221.89,19.595,978.178,1001.947,-243.712,982.353,1012.133,1067.011,50.0,movement,,3.4,Moving,Yes,Toward camera,0.69714
Video 4,tracking_data/member2_canonical_tracks4.csv,17,Bus,98,3.733,7.333,1597.213,490.42,1830.661,905.338,233.449,414.918,476.083,593.693,50.0,movement,,3.733,Moving,Yes,Toward camera,0.586075
Video 4,tracking_data/member2_canonical_tracks4.csv,18,Car,233,4.433,12.567,1222.304,18.475,979.864,452.046,-242.44,433.57,496.75,538.57,50.0,movement,,4.433,Moving,Yes,Toward camera,0.585808
Video 4,tracking_data/member2_canonical_tracks4.csv,19,Car,205,4.5,13.067,1313.475,19.123,1621.577,998.827,308.102,979.704,1027.009,1099.967,50.0,movement,,4.5,Moving,Yes,Toward camera,0.535378
Video 4,tracking_data/member2_canonical_tracks4.csv,20,Car,29,5.2,6.133,62.058,604.445,277.469,993.396,215.411,388.951,444.617,546.482,50.0,movement,,5.2,Moving,Yes,Toward camera,0.750367
Video 4,tracking_data/member2_canonical_tracks4.csv,21,Car,218,5.267,12.567,1390.314,22.326,1852.6,964.016,462.287,941.69,1049.042,1104.727,50.0,movement,,5.267,Moving,Yes,Toward camera,0.567507
Video 4,tracking_data/member2_canonical_tracks4.csv,22,Truck,268,5.6,15.033,1218.292,23.07,1005.782,331.793,-212.51,308.722,374.793,385.636,50.0,movement,,5.6,Moving,Yes,Toward camera,0.494493
Video 4,tracking_data/member2_canonical_tracks4.csv,23,Car,246,5.733,14.2,1317.004,20.084,1475.699,1000.707,158.695,980.623,993.381,1064.649,50.0,movement,,5.733,Moving,Yes,Toward camera,0.648547
Video 4,tracking_data/member2_canonical_tracks4.csv,24,Car,267,6.833,15.7,1307.453,24.535,1509.707,991.665,202.254,967.129,988.052,1053.826,50.0,movement,,6.833,Moving,Yes,Toward camera,0.641371
Video 4,tracking_data/member2_canonical_tracks4.csv,25,Car,218,6.967,14.267,1394.422,29.458,1871.73,995.286,477.308,965.828,1077.333,1133.11,50.0,movement,,6.967,Moving,Yes,Toward camera,0.69054
Video 4,tracking_data/member2_canonical_tracks4.csv,26,Car,30,8.133,9.1,52.663,553.42,294.555,961.329,241.893,407.909,474.238,547.114,50.0,movement,,8.133,Moving,Yes,Toward camera,0.582523
Video 4,tracking_data/member2_canonical_tracks4.csv,27,Car,228,8.667,16.233,1393.462,20.848,1860.49,1006.186,467.028,985.338,1090.416,1139.342,50.0,movement,,8.667,Moving,Yes,Toward camera,0.662904
Video 4,tracking_data/member2_canonical_tracks4.csv,28,Car,234,8.933,17.767,1314.164,18.549,1579.262,907.221,265.098,888.673,927.371,1023.683,50.0,movement,,8.933,Moving,Yes,Toward camera,0.535792
Video 4,tracking_data/member2_canonical_tracks4.csv,29,Car,30,9.467,10.433,52.67,555.823,300.356,978.99,247.686,423.167,490.326,576.431,50.0,movement,,9.467,Moving,Yes,Toward camera,0.742571
Video 4,tracking_data/member2_canonical_tracks4.csv,30,Car,214,9.9,17.467,1394.53,41.806,1854.82,981.595,460.291,939.789,1046.457,1110.636,50.0,movement,,9.9,Moving,Yes,Toward camera,0.62845
Video 4,tracking_data/member2_canonical_tracks4.csv,31,Pedestrian,3,10.8,10.867,1477.412,552.788,1486.851,571.602,9.438,18.814,21.049,21.049,50.0,movement,,10.8,Parked/stationary,No,,0.431708
Video 4,tracking_data/member2_canonical_tracks4.csv,32,Truck,8,11.5,11.767,1638.377,974.029,1696.893,1039.584,58.515,65.555,87.872,102.347,50.0,movement,,11.5,Moving,Yes,Toward camera,0.468564
Video 4,tracking_data/member2_canonical_tracks4.csv,33,Car,25,11.733,12.7,1287.75,124.145,1283.507,170.644,-4.242,46.499,46.692,65.762,50.0,movement,,11.733,Moving,Yes,Toward camera,0.428998
Video 4,tracking_data/member2_canonical_tracks4.csv,34,Car,229,12.067,19.767,1391.633,18.919,1868.412,1015.53,476.78,996.611,1104.786,1150.463,50.0,movement,,12.067,Moving,Yes,Toward camera,0.634979
Video 4,tracking_data/member2_canonical_tracks4.csv,35,Car,204,12.167,20.0,1309.051,33.409,1494.55,1001.409,185.499,967.999,985.613,1048.654,50.0,movement,,12.167,Moving,Yes,Toward camera,0.614094
Video 4,tracking_data/member2_canonical_tracks4.csv,36,Car,31,12.867,13.867,60.855,569.102,404.328,976.459,343.473,407.357,532.835,614.193,50.0,movement,,12.867,Moving,Yes,Toward camera,0.773223
Video 4,tracking_data/member2_canonical_tracks4.csv,37,Car,226,13.6,21.333,1401.399,33.221,1876.45,987.966,475.051,954.744,1066.4,1107.741,50.0,movement,,13.6,Moving,Yes,Toward camera,0.585529
Video 4,tracking_data/member2_canonical_tracks4.csv,38,Car,169,13.9,19.967,1221.432,18.385,1067.08,243.56,-154.351,225.175,272.998,279.475,50.0,movement,,13.9,Moving,Yes,Toward camera,0.54436
Video 4,tracking_data/member2_canonical_tracks4.csv,39,Car,52,14.5,16.667,1291.218,106.886,1280.611,182.334,-10.607,75.447,76.189,115.862,50.0,movement,,14.5,Moving,Yes,Toward camera,0.43348
Video 4,tracking_data/member2_canonical_tracks4.csv,40,Car,239,15.133,25.367,1309.349,27.172,1534.417,998.207,225.068,971.035,996.777,1076.044,50.0,movement,,15.133,Moving,Yes,Toward camera,0.521653
Video 4,tracking_data/member2_canonical_tracks4.csv,41,Car,427,15.2,29.6,1231.103,19.803,934.996,938.146,-296.107,918.343,964.901,1034.233,50.0,movement,,15.2,Moving,Yes,Toward camera,0.563456
Video 4,tracking_data/member2_canonical_tracks4.csv,42,Car,232,15.833,23.533,1401.443,90.465,1869.042,1003.328,467.599,912.863,1025.655,1064.711,50.0,movement,,15.833,Moving,Yes,Toward camera,0.717507
Video 4,tracking_data/member2_canonical_tracks4.csv,43,Bus,104,16.1,19.767,69.539,476.334,293.403,979.8,223.864,503.466,550.993,666.676,50.0,movement,,16.1,Moving,Yes,Toward camera,0.776674
Video 4,tracking_data/member2_canonical_tracks4.csv,44,Car,283,16.3,26.233,1382.021,59.131,1871.024,1024.229,489.002,965.097,1081.913,1111.341,50.0,movement,,16.3,Moving,Yes,Toward camera,0.615628
Video 4,tracking_data/member2_canonical_tracks4.csv,45,Pedestrian,8,16.333,16.733,1500.665,436.164,1543.74,490.183,43.074,54.019,69.09,72.936,50.0,movement,,16.333,Moving,Yes,Toward camera,0.472463
Video 4,tracking_data/member2_canonical_tracks4.csv,46,Car,29,16.4,17.4,1229.437,23.731,1229.725,21.597,0.288,-2.134,2.153,37.66,50.0,movement,,16.4,Parked/stationary,No,,0.477388
Video 4,tracking_data/member2_canonical_tracks4.csv,47,Car,114,16.667,21.7,1277.139,193.842,1624.685,999.214,347.547,805.372,877.162,946.198,50.0,movement,,16.667,Moving,Yes,Toward camera,0.556355
Video 4,tracking_data/member2_canonical_tracks4.csv,48,Motorcycle,16,17.1,18.067,1603.784,632.722,1811.35,909.812,207.566,277.09,346.212,411.147,50.0,movement,,17.1,Moving,Yes,Toward camera,0.426133
Video 4,tracking_data/member2_canonical_tracks4.csv,49,Car,351,17.333,31.5,1207.511,55.86,873.235,971.767,-334.277,915.907,975.001,1047.008,50.0,movement,,17.333,Moving,Yes,Toward camera,0.547918
Video 4,tracking_data/member2_canonical_tracks4.csv,50,Car,320,17.6,32.067,1361.513,20.037,1866.201,1013.057,504.687,993.02,1113.911,1158.458,50.0,movement,,17.6,Moving,Yes,Toward camera,0.603539
Video 4,tracking_data/member2_canonical_tracks4.csv,51,Car,116,17.933,22.967,1284.981,131.073,1554.038,979.895,269.057,848.821,890.444,981.781,50.0,movement,,17.933,Moving,Yes,Toward camera,0.497413
Video 4,tracking_data/member2_canonical_tracks4.csv,52,Truck,5,18.5,18.633,337.179,957.263,348.045,1010.756,10.866,53.493,54.585,54.585,50.0,movement,,18.5,Moving,Yes,Toward camera,0.551854
Video 4,tracking_data/member2_canonical_tracks4.csv,53,Car,357,18.833,32.567,1209.116,68.194,895.557,957.484,-313.559,889.291,942.951,1018.416,50.0,movement,,18.833,Moving,Yes,Toward camera,0.525714
Video 4,tracking_data/member2_canonical_tracks4.csv,54,Car,140,19.2,24.333,1273.849,184.443,1551.627,999.976,277.777,815.533,861.541,950.102,50.0,movement,,19.2,Moving,Yes,Toward camera,0.602972
Video 4,tracking_data/member2_canonical_tracks4.csv,55,Car,228,19.267,27.667,1267.382,20.946,1546.585,990.148,279.203,969.202,1008.616,1070.659,50.0,movement,,19.267,Moving,Yes,Toward camera,0.583371
Video 4,tracking_data/member2_canonical_tracks4.csv,56,Car,184,19.667,26.333,1293.383,103.277,1549.381,993.848,255.998,890.571,926.635,1001.993,50.0,movement,,19.667,Moving,Yes,Toward camera,0.589976
Video 4,tracking_data/member2_canonical_tracks4.csv,57,Car,40,20.1,21.4,64.861,550.766,329.924,973.9,265.063,423.133,499.299,602.807,50.0,movement,,20.1,Moving,Yes,Toward camera,0.715236
Video 4,tracking_data/member2_canonical_tracks4.csv,58,Car,353,20.967,33.467,1226.674,18.635,903.568,921.63,-323.106,902.994,959.06,1030.367,50.0,movement,,20.967,Moving,Yes,Toward camera,0.530411
Video 4,tracking_data/member2_canonical_tracks4.csv,59,Car,48,21.1,22.667,61.33,541.021,373.718,986.767,312.388,445.746,544.312,630.507,50.0,movement,,21.1,Moving,Yes,Toward camera,0.742886
Video 4,tracking_data/member2_canonical_tracks4.csv,60,Truck,185,22.3,30.067,1398.208,20.277,1660.835,880.434,262.627,860.157,899.357,1000.726,50.0,movement,,22.3,Moving,Yes,Toward camera,0.585729
Video 4,tracking_data/member2_canonical_tracks4.csv,61,Car,37,22.6,24.6,1232.27,21.792,1222.956,28.002,-9.313,6.21,11.194,20.723,50.0,movement,,22.6,Parked/stationary,No,,0.435642
Video 4,tracking_data/member2_canonical_tracks4.csv,62,Car,35,22.833,24.767,956.243,555.977,932.865,876.6,-23.379,320.623,321.475,376.489,50.0,movement,,22.833,Moving,Yes,Toward camera,0.41448
Video 4,tracking_data/member2_canonical_tracks4.csv,63,Car,283,23.2,33.6,1395.077,88.072,1852.106,976.507,457.029,888.435,999.096,1058.493,50.0,movement,,23.2,Moving,Yes,Toward camera,0.692943
Video 4,tracking_data/member2_canonical_tracks4.csv,64,Car,131,23.3,28.067,1057.012,261.635,904.938,975.214,-152.073,713.579,729.603,802.226,50.0,movement,,23.3,Moving,Yes,Toward camera,0.60194
Video 4,tracking_data/member2_canonical_tracks4.csv,65,Bus,58,23.433,26.267,985.651,384.436,962.065,816.775,-23.586,432.339,432.982,508.091,50.0,movement,,23.433,Moving,Yes,Toward camera,0.49273
Video 4,tracking_data/member2_canonical_tracks4.csv,66,Car,251,25.2,33.6,1390.797,18.186,1568.593,984.653,177.796,966.466,982.684,1069.557,50.0,movement,,25.2,Moving,Yes,Toward camera,0.609631
Video 4,tracking_data/member2_canonical_tracks4.csv,67,Truck,259,25.8,35.1,1392.709,33.403,1790.09,883.878,397.381,850.475,938.733,982.266,50.0,movement,,25.8,Moving,Yes,Toward camera,0.52401
Video 4,tracking_data/member2_canonical_tracks4.csv,68,Car,149,27.2,33.4,1232.451,15.62,1172.663,101.807,-59.788,86.187,104.894,138.506,50.0,movement,,27.2,Moving,Yes,Toward camera,0.452276
Video 4,tracking_data/member2_canonical_tracks4.csv,69,Car,133,27.433,31.833,1285.48,128.967,1516.317,1000.067,230.837,871.1,901.166,974.742,50.0,movement,,27.433,Moving,Yes,Toward camera,0.648903
Video 4,tracking_data/member2_canonical_tracks4.csv,70,Truck,2,27.567,27.767,1316.062,334.116,1329.869,349.119,13.807,15.002,20.389,20.389,50.0,movement,,27.567,Parked/stationary,No,,0.432781
Video 4,tracking_data/member2_canonical_tracks4.csv,71,Car,33,27.667,28.967,1391.633,24.677,1397.197,73.098,5.564,48.421,48.74,56.877,50.0,movement,,27.667,Moving,Yes,Toward camera,0.468661
Video 4,tracking_data/member2_canonical_tracks4.csv,72,Car,211,27.833,34.933,1322.516,19.087,1551.688,989.336,229.173,970.25,996.948,1069.955,50.0,movement,,27.833,Moving,Yes,Toward camera,0.62338
Video 4,tracking_data/member2_canonical_tracks4.csv,73,Car,198,27.933,34.633,1213.382,59.011,990.394,928.342,-222.988,869.331,897.474,968.2,50.0,movement,,27.933,Moving,Yes,Toward camera,0.571421
Video 4,tracking_data/member2_canonical_tracks4.csv,74,Truck,245,28.7,37.033,1397.383,71.339,1836.961,927.384,439.578,856.044,962.31,1021.101,50.0,movement,,28.7,Moving,Yes,Toward camera,0.502838
Video 4,tracking_data/member2_canonical_tracks4.csv,75,Truck,19,29.567,30.333,1403.265,118.313,1411.136,159.224,7.87,40.91,41.661,47.616,50.0,movement,,29.567,Parked/stationary,No,,0.435817
Video 4,tracking_data/member2_canonical_tracks4.csv,76,Car,246,29.8,38.233,1394.036,27.795,1834.314,940.826,440.278,913.031,1013.642,1066.821,50.0,movement,,29.8,Moving,Yes,Toward camera,0.540408
Video 4,tracking_data/member2_canonical_tracks4.csv,77,Car,171,30.233,35.9,1201.015,55.835,940.983,927.04,-260.032,871.205,909.184,984.087,50.0,movement,,30.233,Moving,Yes,Toward camera,0.635732
Video 4,tracking_data/member2_canonical_tracks4.csv,78,Car,182,30.767,36.8,1310.406,17.256,1523.269,969.332,212.863,952.076,975.581,1067.911,50.0,movement,,30.767,Moving,Yes,Toward camera,0.638991
Video 4,tracking_data/member2_canonical_tracks4.csv,79,Car,232,31.767,39.567,1396.138,60.031,1849.016,977.242,452.878,917.21,1022.924,1104.946,50.0,movement,,31.767,Moving,Yes,Toward camera,0.649225
Video 4,tracking_data/member2_canonical_tracks4.csv,80,Car,137,33.067,37.8,1305.495,53.081,1577.608,957.27,272.113,904.189,944.247,1052.885,50.0,movement,,33.067,Moving,Yes,Toward camera,0.605979
Video 4,tracking_data/member2_canonical_tracks4.csv,81,Truck,77,33.367,36.133,1154.687,128.16,994.029,421.925,-160.658,293.765,334.827,426.921,50.0,movement,,33.367,Moving,Yes,Toward camera,0.441772
Video 4,tracking_data/member2_canonical_tracks4.csv,82,Car,202,34.3,41.0,1313.926,16.86,1512.154,967.483,198.228,950.623,971.071,1063.868,50.0,movement,,34.3,Moving,Yes,Toward camera,0.732894
Video 4,tracking_data/member2_canonical_tracks4.csv,83,Car,4,34.433,34.533,1790.257,878.402,1802.715,918.59,12.457,40.188,42.075,42.075,50.0,movement,,34.433,Parked/stationary,No,,0.486151
Video 4,tracking_data/member2_canonical_tracks4.csv,84,Car,190,35.533,41.833,1392.759,18.309,1849.288,976.82,456.529,958.511,1061.679,1133.382,50.0,movement,,35.533,Moving,Yes,Toward camera,0.671145
Video 4,tracking_data/member2_canonical_tracks4.csv,85,Truck,12,36.633,37.2,956.531,743.11,972.141,954.618,15.61,211.508,212.084,336.693,50.0,movement,,36.633,Moving,Yes,Toward camera,0.451151
Video 4,tracking_data/member2_canonical_tracks4.csv,86,Car,132,37.567,41.933,1222.771,21.032,889.267,969.008,-333.503,947.976,1004.929,1079.132,50.0,movement,,37.567,Moving,Yes,Toward camera,0.666514
Video 4,tracking_data/member2_canonical_tracks4.csv,87,Car,144,37.9,42.7,1396.809,28.663,1831.82,970.303,435.01,941.64,1037.265,1115.353,50.0,movement,,37.9,Moving,Yes,Toward camera,0.696445
Video 4,tracking_data/member2_canonical_tracks4.csv,88,Pedestrian,2,38.1,38.2,1811.773,645.098,1811.419,645.003,-0.353,-0.095,0.366,0.366,50.0,movement,,38.1,Parked/stationary,No,,0.394372
Video 4,tracking_data/member2_canonical_tracks4.csv,89,Car,148,38.367,43.3,1222.451,23.692,917.579,974.76,-304.872,951.069,998.738,1073.124,50.0,movement,,38.367,Moving,Yes,Toward camera,0.643293
Video 4,tracking_data/member2_canonical_tracks4.csv,90,Car,118,38.433,42.367,1329.717,19.686,1574.279,959.753,244.562,940.067,971.359,1088.887,50.0,movement,,38.433,Moving,Yes,Toward camera,0.688244
Video 4,tracking_data/member2_canonical_tracks4.csv,91,Car,155,39.267,44.433,1225.823,21.119,898.252,963.061,-327.571,941.941,997.275,1068.252,50.0,movement,,39.267,Moving,Yes,Toward camera,0.622953
Video 4,tracking_data/member2_canonical_tracks4.csv,92,Car,111,39.733,43.4,1320.268,21.0,1578.825,945.98,258.557,924.98,960.437,1090.553,50.0,movement,,39.733,Moving,Yes,Toward camera,0.646003
Video 4,tracking_data/member2_canonical_tracks4.csv,93,Car,142,40.567,45.267,1229.026,21.858,882.8,912.295,-346.226,890.437,955.379,1026.943,50.0,movement,,40.567,Moving,Yes,Toward camera,0.625458
Video 4,tracking_data/member2_canonical_tracks4.csv,94,Car,100,42.067,45.667,1388.759,28.923,1514.93,911.071,126.17,882.148,891.125,1076.221,50.0,movement,,42.067,Moving,Yes,Toward camera,0.705236
Video 4,tracking_data/member2_canonical_tracks4.csv,95,Car,3,42.8,43.1,1395.568,44.38,1397.544,58.816,1.976,14.435,14.57,14.693,50.0,movement,,42.8,Parked/stationary,No,,0.419535
Video 4,tracking_data/member2_canonical_tracks4.csv,96,Truck,57,44.433,46.3,1440.153,247.05,1749.969,858.525,309.815,611.475,685.483,773.845,50.0,movement,,44.433,Moving,Yes,Toward camera,0.614693
Video 4,tracking_data/member2_canonical_tracks4.csv,97,Car,6,44.567,44.967,1421.542,128.636,1454.947,190.457,33.405,61.821,70.269,70.269,50.0,movement,,44.567,Moving,Yes,Toward camera,0.388289
Video 4,tracking_data/member2_canonical_tracks4.csv,98,Car,117,44.9,48.8,1313.644,23.939,1670.417,959.575,356.774,935.635,1001.35,1113.194,50.0,movement,,44.9,Moving,Yes,Toward camera,0.705877
Video 4,tracking_data/member2_canonical_tracks4.csv,99,Truck,32,45.867,47.067,1618.193,545.035,1786.211,888.263,168.018,343.229,382.147,521.5,50.0,movement,,45.867,Moving,Yes,Toward camera,0.597698
Video 4,tracking_data/member2_canonical_tracks4.csv,100,Car,60,46.033,48.033,1285.307,169.533,1550.221,951.44,264.915,781.907,825.565,947.467,50.0,movement,,46.033,Moving,Yes,Toward camera,0.520391
Video 4,tracking_data/member2_canonical_tracks4.csv,101,Car,93,46.7,49.767,1315.763,23.536,1562.147,973.738,246.384,950.203,981.626,1062.156,50.0,movement,,46.7,Moving,Yes,Toward camera,0.703158
Video 4,tracking_data/member2_canonical_tracks4.csv,102,Car,93,48.2,51.267,1302.855,19.389,1607.353,924.729,304.498,905.341,955.176,1096.532,50.0,movement,,48.2,Moving,Yes,Toward camera,0.769023
Video 4,tracking_data/member2_canonical_tracks4.csv,103,Truck,128,48.433,53.033,1389.612,20.3,1737.115,798.0,347.503,777.701,851.808,935.868,50.0,movement,,48.433,Moving,Yes,Toward camera,0.558952
Video 4,tracking_data/member2_canonical_tracks4.csv,104,Car,75,49.933,52.4,1315.861,30.876,1517.301,895.611,201.44,864.735,887.888,1063.052,50.0,movement,,49.933,Moving,Yes,Toward camera,0.691533
Video 4,tracking_data/member2_canonical_tracks4.csv,105,Truck,45,50.5,51.967,1437.808,231.259,1739.192,797.049,301.385,565.79,641.055,760.93,50.0,movement,,50.5,Moving,Yes,Toward camera,0.620579
Video 4,tracking_data/member2_canonical_tracks4.csv,106,Car,155,50.567,55.7,1229.732,22.236,902.051,933.374,-327.68,911.138,968.27,1024.318,50.0,movement,,50.567,Moving,Yes,Toward camera,0.65357
Video 4,tracking_data/member2_canonical_tracks4.csv,107,Car,74,51.9,54.333,1315.334,25.402,1544.956,808.003,229.621,782.6,815.591,1038.856,50.0,movement,,51.9,Moving,Yes,Toward camera,0.742492
Video 4,tracking_data/member2_canonical_tracks4.csv,108,Car,106,51.9,55.4,1393.25,20.401,1780.806,901.156,387.556,880.755,962.252,1088.173,50.0,movement,,51.9,Moving,Yes,Toward camera,0.681856
Video 4,tracking_data/member2_canonical_tracks4.csv,109,Car,144,52.933,57.7,1224.93,21.467,862.786,962.928,-362.144,941.461,1008.71,1091.852,50.0,movement,,52.933,Moving,Yes,Toward camera,0.67406
Video 4,tracking_data/member2_canonical_tracks4.csv,110,Car,115,53.333,57.133,1399.201,19.677,1809.478,900.42,410.278,880.743,971.615,1102.579,50.0,movement,,53.333,Moving,Yes,Toward camera,0.731
Video 4,tracking_data/member2_canonical_tracks4.csv,111,Car,103,53.367,56.767,1314.39,17.84,1574.066,916.174,259.676,898.334,935.112,1090.743,50.0,movement,,53.367,Moving,Yes,Toward camera,0.717205
Video 4,tracking_data/member2_canonical_tracks4.csv,112,Car,156,53.967,59.233,1221.15,20.093,916.381,979.097,-304.769,959.004,1006.267,1084.01,50.0,movement,,53.967,Moving,Yes,Toward camera,0.662424
Video 4,tracking_data/member2_canonical_tracks4.csv,113,Car,91,54.233,57.4,1313.004,27.531,1554.098,922.538,241.095,895.007,926.911,1073.715,50.0,movement,,54.233,Moving,Yes,Toward camera,0.632464
Video 4,tracking_data/member2_canonical_tracks4.csv,114,Car,99,55.367,58.633,1311.609,32.443,1581.527,937.986,269.919,905.543,944.915,1089.124,50.0,movement,,55.367,Moving,Yes,Toward camera,0.703509
Video 4,tracking_data/member2_canonical_tracks4.csv,115,Car,188,55.667,61.9,1229.419,23.941,902.888,1003.685,-326.531,979.744,1032.725,1080.919,50.0,movement,,55.667,Moving,Yes,Toward camera,0.664635
Video 4,tracking_data/member2_canonical_tracks4.csv,116,Car,69,55.667,57.933,1284.264,123.952,1546.088,937.435,261.824,813.483,854.58,1003.651,50.0,movement,,55.667,Moving,Yes,Toward camera,0.695813
Video 4,tracking_data/member2_canonical_tracks4.csv,117,Car,90,56.167,59.233,1383.007,23.294,1787.842,855.479,404.835,832.185,925.432,1079.715,50.0,movement,,56.167,Moving,Yes,Toward camera,0.665315
Video 4,tracking_data/member2_canonical_tracks4.csv,118,Car,154,56.667,62.633,1226.788,21.445,898.507,876.181,-328.281,854.735,915.609,982.163,50.0,movement,,56.667,Moving,Yes,Toward camera,0.561582
Video 4,tracking_data/member2_canonical_tracks4.csv,119,Car,90,56.867,59.833,1311.857,19.546,1586.082,891.049,274.225,871.503,913.628,1081.922,50.0,movement,,56.867,Moving,Yes,Toward camera,0.714786
Video 4,tracking_data/member2_canonical_tracks4.csv,120,Car,103,57.2,60.667,1392.395,28.624,1792.236,874.667,399.841,846.042,935.767,1072.634,50.0,movement,,57.2,Moving,Yes,Toward camera,0.669274
Video 4,tracking_data/member2_canonical_tracks4.csv,121,Car,103,59.0,63.533,1312.393,17.866,1775.022,864.645,462.629,846.78,964.915,1076.372,50.0,movement,,59.0,Moving,Yes,Toward camera,0.529898
Video 4,tracking_data/member2_canonical_tracks4.csv,122,Bus,75,59.667,62.767,1301.448,59.366,1597.546,725.723,296.098,666.358,729.182,816.44,50.0,movement,,59.667,Moving,Yes,Toward camera,0.582984
Video 4,tracking_data/member2_canonical_tracks4.csv,123,Car,36,59.733,60.9,61.916,569.623,332.593,989.035,270.677,419.412,499.172,609.176,50.0,movement,,59.733,Moving,Yes,Toward camera,0.723204
Video 4,tracking_data/member2_canonical_tracks4.csv,124,Car,79,61.9,65.633,1389.843,95.771,1830.381,937.421,440.538,841.65,949.973,1067.21,50.0,movement,,61.9,Moving,Yes,Toward camera,0.567334
Video 4,tracking_data/member2_canonical_tracks4.csv,125,Car,98,61.9,65.533,1387.683,25.303,1771.743,841.039,384.06,815.736,901.625,1040.969,50.0,movement,,61.9,Moving,Yes,Toward camera,0.694122
Video 4,tracking_data/member2_canonical_tracks4.csv,126,Car,165,62.667,68.767,1216.718,24.598,940.405,929.412,-276.312,904.814,946.064,1008.418,50.0,movement,,62.667,Moving,Yes,Toward camera,0.541304
Video 4,tracking_data/member2_canonical_tracks4.csv,127,Car,72,63.367,65.733,1279.933,27.078,1546.619,853.032,266.686,825.954,867.941,1074.867,50.0,movement,,63.367,Moving,Yes,Toward camera,0.711713
Video 4,tracking_data/member2_canonical_tracks4.csv,128,Car,34,63.567,64.667,61.139,561.983,323.564,993.284,262.425,431.301,504.864,593.936,50.0,movement,,63.567,Moving,Yes,Toward camera,0.793453
Video 4,tracking_data/member2_canonical_tracks4.csv,129,Car,110,63.733,67.4,1315.056,21.692,1598.969,951.886,283.913,930.194,972.557,1093.42,50.0,movement,,63.733,Moving,Yes,Toward camera,0.690143
Video 4,tracking_data/member2_canonical_tracks4.csv,130,Car,99,63.833,67.1,1389.805,23.561,1791.568,884.916,401.763,861.356,950.446,1088.693,50.0,movement,,63.833,Moving,Yes,Toward camera,0.647192
Video 4,tracking_data/member2_canonical_tracks4.csv,131,Car,104,66.2,69.633,1314.59,20.108,1575.49,906.048,260.901,885.94,923.558,1057.823,50.0,movement,,66.2,Moving,Yes,Toward camera,0.735205
Video 4,tracking_data/member2_canonical_tracks4.csv,132,Car,39,66.833,68.1,64.272,558.953,333.678,983.903,269.407,424.95,503.153,604.087,50.0,movement,,66.833,Moving,Yes,Toward camera,0.784551
Video 4,tracking_data/member2_canonical_tracks4.csv,133,Car,109,69.167,72.767,1310.063,19.907,1540.188,907.075,230.126,887.169,916.529,1045.128,50.0,movement,,69.167,Moving,Yes,Toward camera,0.643686
Video 4,tracking_data/member2_canonical_tracks4.csv,134,Car,113,69.633,73.367,1219.952,21.233,917.308,930.434,-302.644,909.201,958.248,1051.169,50.0,movement,,69.633,Moving,Yes,Toward camera,0.676218
Video 4,tracking_data/member2_canonical_tracks4.csv,135,Car,105,69.967,73.533,1307.173,25.599,1591.005,928.278,283.832,902.679,946.25,1070.755,50.0,movement,,69.967,Moving,Yes,Toward camera,0.57487
Video 4,tracking_data/member2_canonical_tracks4.csv,136,Car,98,70.233,73.467,1400.235,22.204,1779.277,828.751,379.042,806.547,891.174,1032.351,50.0,movement,,70.233,Moving,Yes,Toward camera,0.675798
Video 4,tracking_data/member2_canonical_tracks4.csv,137,Car,153,71.033,76.1,1233.733,18.694,927.669,928.85,-306.065,910.157,960.24,1013.15,50.0,movement,,71.033,Moving,Yes,Toward camera,0.638694
Video 4,tracking_data/member2_canonical_tracks4.csv,138,Car,96,71.033,74.2,1307.997,23.891,1554.168,923.735,246.17,899.844,932.909,1077.107,50.0,movement,,71.033,Moving,Yes,Toward camera,0.700163
Video 4,tracking_data/member2_canonical_tracks4.csv,139,Car,84,71.7,74.467,1330.444,24.404,1768.865,811.124,438.42,786.72,900.633,1077.991,50.0,movement,,71.7,Moving,Yes,Toward camera,0.698227
Video 4,tracking_data/member2_canonical_tracks4.csv,140,Car,122,73.267,77.867,1403.117,58.938,1551.827,941.41,148.71,882.472,894.914,1079.457,50.0,movement,,73.267,Moving,Yes,Toward camera,0.657436
Video 4,tracking_data/member2_canonical_tracks4.csv,141,Car,254,73.5,81.933,1231.763,23.776,960.324,1001.882,-271.439,978.106,1015.072,1064.283,50.0,movement,,73.5,Moving,Yes,Toward camera,0.613082
Video 4,tracking_data/member2_canonical_tracks4.csv,142,Bus,78,74.367,77.233,1420.187,194.183,1791.398,862.398,371.211,668.216,764.401,908.755,50.0,movement,,74.367,Moving,Yes,Toward camera,0.725505
Video 4,tracking_data/member2_canonical_tracks4.csv,143,Car,328,74.8,85.767,1229.037,19.66,927.022,987.614,-302.016,967.954,1013.977,1068.221,50.0,movement,,74.8,Moving,Yes,Toward camera,0.624945
Video 4,tracking_data/member2_canonical_tracks4.csv,144,Car,118,74.933,78.9,1394.661,42.552,1803.4,930.466,408.739,887.913,977.475,1089.628,50.0,movement,,74.933,Moving,Yes,Toward camera,0.660576
Video 4,tracking_data/member2_canonical_tracks4.csv,145,Car,108,74.967,79.033,1314.758,24.486,1531.093,937.616,216.335,913.129,938.406,1060.298,50.0,movement,,74.967,Moving,Yes,Toward camera,0.689073
Video 4,tracking_data/member2_canonical_tracks4.csv,146,Car,73,75.833,78.233,1304.646,117.113,1530.752,915.382,226.106,798.268,829.672,973.834,50.0,movement,,75.833,Moving,Yes,Toward camera,0.66828
Video 4,tracking_data/member2_canonical_tracks4.csv,147,Car,1894,75.933,139.033,1511.192,130.705,1510.775,129.208,-0.417,-1.497,1.554,15.621,50.0,movement,,75.933,Parked/stationary,No,,0.593496
Video 4,tracking_data/member2_canonical_tracks4.csv,148,Car,344,76.0,87.467,1230.07,18.623,901.433,987.807,-328.636,969.183,1023.386,1074.666,50.0,movement,,76.0,Moving,Yes,Toward camera,0.646732
Video 4,tracking_data/member2_canonical_tracks4.csv,149,Car,99,76.167,79.433,1393.862,74.061,1796.239,935.119,402.377,861.058,950.436,1062.457,50.0,movement,,76.167,Moving,Yes,Toward camera,0.704896
Video 4,tracking_data/member2_canonical_tracks4.csv,150,Car,128,76.167,80.867,1317.08,24.529,1528.738,944.492,211.658,919.963,943.998,1053.388,50.0,movement,,76.167,Moving,Yes,Toward camera,0.636421
Video 4,tracking_data/member2_canonical_tracks4.csv,151,Car,99,76.6,79.867,1311.941,57.393,1569.791,943.844,257.85,886.451,923.191,1052.924,50.0,movement,,76.6,Moving,Yes,Toward camera,0.682284
Video 4,tracking_data/member2_canonical_tracks4.csv,152,Car,109,76.833,80.6,1392.767,23.586,1801.461,921.767,408.694,898.18,986.792,1091.897,50.0,movement,,76.833,Moving,Yes,Toward camera,0.581277
Video 4,tracking_data/member2_canonical_tracks4.csv,153,Car,369,76.9,89.233,1230.803,19.672,902.713,994.001,-328.089,974.329,1028.085,1079.654,50.0,movement,,76.9,Moving,Yes,Toward camera,0.626373
Video 4,tracking_data/member2_canonical_tracks4.csv,154,Truck,40,77.633,78.967,57.896,526.245,298.613,840.465,240.717,314.22,395.827,484.05,50.0,movement,,77.633,Moving,Yes,Toward camera,0.5208
Video 4,tracking_data/member2_canonical_tracks4.csv,155,Car,122,77.633,81.667,1308.449,20.994,1509.976,940.406,201.527,919.412,941.239,1060.601,50.0,movement,,77.633,Moving,Yes,Toward camera,0.629901
Video 4,tracking_data/member2_canonical_tracks4.csv,156,Car,481,78.033,94.133,1222.597,21.075,923.895,1011.007,-298.702,989.932,1034.015,1078.582,50.0,movement,,78.033,Moving,Yes,Toward camera,0.63253
Video 4,tracking_data/member2_canonical_tracks4.csv,157,Truck,6,78.167,78.433,134.284,594.27,186.497,696.858,52.213,102.588,115.111,115.111,50.0,movement,,78.167,Moving,Yes,Toward camera,0.414071
Video 4,tracking_data/member2_canonical_tracks4.csv,158,Car,118,78.467,82.4,1310.185,30.563,1529.46,961.411,219.275,930.848,956.326,1075.101,50.0,movement,,78.467,Moving,Yes,Toward camera,0.639209
Video 4,tracking_data/member2_canonical_tracks4.csv,159,Car,84,78.5,81.267,1400.376,129.851,1803.602,931.034,403.225,801.183,896.93,1063.481,50.0,movement,,78.5,Moving,Yes,Toward camera,0.625534
Video 4,tracking_data/member2_canonical_tracks4.csv,160,Car,103,78.6,82.067,1397.016,77.426,1802.306,940.199,405.291,862.773,953.225,1064.262,50.0,movement,,78.6,Moving,Yes,Toward camera,0.640482
Video 4,tracking_data/member2_canonical_tracks4.csv,161,Car,114,79.033,82.833,1387.677,25.691,1804.811,933.271,417.134,907.58,998.85,1111.054,50.0,movement,,79.033,Moving,Yes,Toward camera,0.657627
Video 4,tracking_data/member2_canonical_tracks4.csv,162,Car,40,79.267,80.567,72.338,571.96,398.757,989.631,326.419,417.67,530.092,650.422,50.0,movement,,79.267,Moving,Yes,Toward camera,0.737875
Video 4,tracking_data/member2_canonical_tracks4.csv,163,Car,118,79.467,83.367,1310.771,22.129,1508.685,942.578,197.913,920.449,941.486,1062.433,50.0,movement,,79.467,Moving,Yes,Toward camera,0.661949
Video 4,tracking_data/member2_canonical_tracks4.csv,164,Car,461,79.633,95.233,1218.992,18.943,950.962,965.185,-268.03,946.242,983.47,1032.716,50.0,movement,,79.633,Moving,Yes,Toward camera,0.599984
Video 4,tracking_data/member2_canonical_tracks4.csv,165,Car,41,79.867,81.2,66.821,556.776,319.082,987.909,252.261,431.133,499.511,592.501,50.0,movement,,79.867,Moving,Yes,Toward camera,0.748323
Video 4,tracking_data/member2_canonical_tracks4.csv,166,Car,15,80.667,81.2,1316.709,15.543,1311.93,30.704,-4.779,15.161,15.896,18.266,50.0,movement,,80.667,Parked/stationary,No,,0.575157
Video 4,tracking_data/member2_canonical_tracks4.csv,167,Car,477,80.9,96.8,1227.827,18.79,918.544,957.42,-309.283,938.63,988.272,1038.471,50.0,movement,,80.9,Moving,Yes,Toward camera,0.624247
Video 4,tracking_data/member2_canonical_tracks4.csv,168,Car,125,82.2,86.533,1293.375,100.257,1535.798,969.204,242.423,868.947,902.13,1065.173,50.0,movement,,82.2,Moving,Yes,Toward camera,0.655666
Video 4,tracking_data/member2_canonical_tracks4.csv,169,Car,1,82.8,82.8,1024.689,827.585,1024.689,827.585,0.0,0.0,0.0,0.0,50.0,movement,,82.8,Parked/stationary,No,,0.397798
Video 4,tracking_data/member2_canonical_tracks4.csv,170,Car,546,82.867,102.8,1219.868,18.79,930.702,965.275,-289.165,946.485,989.671,1059.864,50.0,movement,,82.867,Moving,Yes,Toward camera,0.529641
Video 4,tracking_data/member2_canonical_tracks4.csv,171,Truck,54,82.9,84.867,1286.516,229.892,1585.893,857.728,299.377,627.835,695.56,855.641,50.0,movement,,82.9,Moving,Yes,Toward camera,0.579633
Video 4,tracking_data/member2_canonical_tracks4.csv,172,Car,439,83.933,100.0,1196.242,52.965,902.72,892.327,-293.522,839.362,889.204,959.116,50.0,movement,,83.933,Moving,Yes,Toward camera,0.506186
Video 4,tracking_data/member2_canonical_tracks4.csv,173,Car,30,83.967,84.933,55.094,543.177,323.869,919.232,268.775,376.055,462.231,529.543,50.0,movement,,83.967,Moving,Yes,Toward camera,0.54564
Video 4,tracking_data/member2_canonical_tracks4.csv,174,Car,121,84.967,88.967,1310.156,20.411,1554.197,941.768,244.042,921.357,953.129,1067.664,50.0,movement,,84.967,Moving,Yes,Toward camera,0.712976
Video 4,tracking_data/member2_canonical_tracks4.csv,175,Car,436,85.267,101.667,1211.023,50.935,912.697,992.468,-298.326,941.533,987.665,1044.271,50.0,movement,,85.267,Moving,Yes,Toward camera,0.588947
Video 4,tracking_data/member2_canonical_tracks4.csv,176,Bus,9,85.367,85.667,1598.652,868.087,1648.416,978.504,49.764,110.417,121.113,146.881,50.0,movement,,85.367,Moving,Yes,Toward camera,0.498383
Video 4,tracking_data/member2_canonical_tracks4.csv,177,Car,124,85.733,89.867,1318.116,19.161,1586.427,937.436,268.311,918.275,956.671,1075.992,50.0,movement,,85.733,Moving,Yes,Toward camera,0.603765
Video 4,tracking_data/member2_canonical_tracks4.csv,178,Car,117,86.133,90.0,1400.006,20.006,1785.805,884.716,385.799,864.711,946.871,1062.368,50.0,movement,,86.133,Moving,Yes,Toward camera,0.649094
Video 4,tracking_data/member2_canonical_tracks4.csv,179,Car,118,87.167,91.2,1386.625,22.787,1802.425,906.169,415.8,883.382,976.347,1089.801,50.0,movement,,87.167,Moving,Yes,Toward camera,0.579461
Video 4,tracking_data/member2_canonical_tracks4.csv,180,Car,122,87.867,91.9,1332.801,19.41,1625.825,961.759,293.024,942.349,986.856,1104.579,50.0,movement,,87.867,Moving,Yes,Toward camera,0.714244
Video 4,tracking_data/member2_canonical_tracks4.csv,181,Car,3,88.367,88.567,1249.729,13.881,1247.21,15.118,-2.519,1.236,2.806,2.806,50.0,movement,,88.367,Parked/stationary,No,,0.399465
Video 4,tracking_data/member2_canonical_tracks4.csv,182,Car,125,88.633,92.833,1400.364,23.121,1802.431,910.065,402.067,886.944,973.821,1071.369,50.0,movement,,88.633,Moving,Yes,Toward camera,0.606427
Video 4,tracking_data/member2_canonical_tracks4.csv,183,Pedestrian,8,88.833,89.1,1877.943,413.229,1884.207,426.656,6.264,13.427,14.817,17.588,50.0,movement,,88.833,Parked/stationary,No,,0.496721
Video 4,tracking_data/member2_canonical_tracks4.csv,184,Car,127,89.067,93.267,1318.858,20.113,1546.541,945.003,227.683,924.89,952.502,1063.05,50.0,movement,,89.067,Moving,Yes,Toward camera,0.630963
Video 4,tracking_data/member2_canonical_tracks4.csv,185,Car,20,89.933,90.6,1310.182,21.76,1305.262,21.343,-4.92,-0.417,4.938,13.894,50.0,movement,,89.933,Parked/stationary,No,,0.436516
Video 4,tracking_data/member2_canonical_tracks4.csv,186,Car,103,90.1,93.567,1405.181,73.875,1803.108,933.815,397.927,859.94,947.546,1063.637,50.0,movement,,90.1,Moving,Yes,Toward camera,0.673739
Video 4,tracking_data/member2_canonical_tracks4.csv,187,Car,37,90.567,91.767,71.654,523.912,396.119,974.574,324.465,450.662,555.314,666.676,50.0,movement,,90.567,Moving,Yes,Toward camera,0.761751
Video 4,tracking_data/member2_canonical_tracks4.csv,188,Car,93,90.667,94.1,1289.763,82.987,1537.105,943.657,247.342,860.67,895.506,1023.386,50.0,movement,,90.667,Moving,Yes,Toward camera,0.499669
Video 4,tracking_data/member2_canonical_tracks4.csv,189,Car,114,91.267,95.033,1298.198,60.088,1595.197,974.274,296.998,914.186,961.22,1042.476,50.0,movement,,91.267,Moving,Yes,Toward camera,0.65908
Video 4,tracking_data/member2_canonical_tracks4.csv,190,Car,141,91.3,96.3,1315.708,28.302,1519.68,1000.283,203.972,971.982,993.153,1067.301,50.0,movement,,91.3,Moving,Yes,Toward camera,0.579391
Video 4,tracking_data/member2_canonical_tracks4.csv,191,Car,418,91.367,107.2,1220.327,42.74,925.473,988.654,-294.854,945.913,990.803,1058.549,50.0,movement,,91.367,Moving,Yes,Toward camera,0.561693
Video 4,tracking_data/member2_canonical_tracks4.csv,192,Car,30,92.333,93.3,50.677,564.496,266.861,981.767,216.185,417.271,469.948,559.096,50.0,movement,,92.333,Moving,Yes,Toward camera,0.727541
Video 4,tracking_data/member2_canonical_tracks4.csv,193,Car,92,92.367,95.667,1394.648,20.399,1770.244,884.303,375.596,863.905,942.021,1084.661,50.0,movement,,92.367,Moving,Yes,Toward camera,0.540911
Video 4,tracking_data/member2_canonical_tracks4.csv,194,Car,162,92.433,97.867,1318.04,20.053,1531.218,989.493,213.178,969.441,992.603,1070.179,50.0,movement,,92.433,Moving,Yes,Toward camera,0.656455
Video 4,tracking_data/member2_canonical_tracks4.csv,195,Car,161,93.667,99.033,1311.256,27.143,1521.922,1007.137,210.666,979.994,1002.382,1067.907,50.0,movement,,93.667,Moving,Yes,Toward camera,0.646906
Video 4,tracking_data/member2_canonical_tracks4.csv,196,Car,107,93.867,97.4,1395.353,19.121,1803.267,946.391,407.914,927.27,1013.027,1135.943,50.0,movement,,93.867,Moving,Yes,Toward camera,0.706754
Video 4,tracking_data/member2_canonical_tracks4.csv,197,Car,1,94.167,94.167,1024.173,827.314,1024.173,827.314,0.0,0.0,0.0,0.0,50.0,movement,,94.167,Parked/stationary,No,,0.393385
Video 4,tracking_data/member2_canonical_tracks4.csv,198,Car,194,94.267,100.867,1310.825,20.547,1536.657,1029.155,225.832,1008.608,1033.581,1065.309,50.0,movement,,94.267,Moving,Yes,Toward camera,0.593215
Video 4,tracking_data/member2_canonical_tracks4.csv,199,Car,114,95.533,99.967,1404.677,20.195,1784.455,924.621,379.777,904.426,980.926,1076.89,50.0,movement,,95.533,Moving,Yes,Toward camera,0.596387
Video 4,tracking_data/member2_canonical_tracks4.csv,200,Truck,268,95.733,106.467,1315.595,27.825,1604.759,984.154,289.164,956.329,999.09,1062.13,50.0,movement,,95.733,Moving,Yes,Toward camera,0.491623
Video 4,tracking_data/member2_canonical_tracks4.csv,201,Car,91,96.1,99.167,1404.53,65.364,1789.022,920.649,384.492,855.285,937.735,1052.887,50.0,movement,,96.1,Moving,Yes,Toward camera,0.668842
Video 4,tracking_data/member2_canonical_tracks4.csv,202,Truck,188,96.8,104.667,1149.562,126.799,941.858,917.646,-207.704,790.847,817.667,892.955,50.0,movement,,96.8,Moving,Yes,Toward camera,0.481874
Video 4,tracking_data/member2_canonical_tracks4.csv,203,Car,328,97.367,108.667,1202.112,52.339,872.617,982.918,-329.496,930.579,987.19,1049.683,50.0,movement,,97.367,Moving,Yes,Toward camera,0.62601
Video 4,tracking_data/member2_canonical_tracks4.csv,204,Car,363,97.533,109.667,1312.181,26.158,1558.217,1040.945,246.037,1014.787,1044.187,1081.67,50.0,movement,,97.533,Moving,Yes,Toward camera,0.645054
Video 4,tracking_data/member2_canonical_tracks4.csv,205,Car,105,97.767,101.3,1397.798,31.692,1794.623,919.27,396.826,887.578,972.248,1090.153,50.0,movement,,97.767,Moving,Yes,Toward camera,0.626765
Video 4,tracking_data/member2_canonical_tracks4.csv,206,Car,24,98.467,99.233,58.376,596.92,245.649,971.975,187.273,375.055,419.211,496.766,50.0,movement,,98.467,Moving,Yes,Toward camera,0.610977
Video 4,tracking_data/member2_canonical_tracks4.csv,207,Car,357,99.8,111.767,1320.446,19.985,1506.357,1013.239,185.911,993.255,1010.504,1073.169,50.0,movement,,99.8,Moving,Yes,Toward camera,0.679706
Video 4,tracking_data/member2_canonical_tracks4.csv,208,Car,186,99.967,106.4,1400.278,21.045,1835.92,952.037,435.642,930.992,1027.876,1107.298,50.0,movement,,99.967,Moving,Yes,Toward camera,0.589023
Video 4,tracking_data/member2_canonical_tracks4.csv,209,Car,295,100.133,110.167,1215.084,31.69,862.668,975.191,-352.415,943.5,1007.169,1091.219,50.0,movement,,100.133,Moving,Yes,Toward camera,0.540922
Video 4,tracking_data/member2_canonical_tracks4.csv,210,Car,327,100.3,111.4,1227.234,18.679,947.107,971.435,-280.127,952.756,993.084,1064.915,50.0,movement,,100.3,Moving,Yes,Toward camera,0.553106
Video 4,tracking_data/member2_canonical_tracks4.csv,211,Car,300,101.067,114.867,1312.007,52.468,1540.183,996.718,228.176,944.25,971.428,1056.363,50.0,movement,,101.067,Moving,Yes,Toward camera,0.525702
Video 4,tracking_data/member2_canonical_tracks4.csv,212,Car,84,101.6,104.867,1397.443,121.044,1813.082,899.857,415.64,778.813,882.783,967.136,50.0,movement,,101.6,Moving,Yes,Toward camera,0.489082
Video 4,tracking_data/member2_canonical_tracks4.csv,213,Car,54,101.833,103.733,1310.689,23.905,1274.271,116.566,-36.417,92.661,99.56,117.823,50.0,movement,,101.833,Moving,Yes,Toward camera,0.453035
Video 4,tracking_data/member2_canonical_tracks4.csv,214,Truck,12,101.967,102.633,1399.003,138.011,1409.186,203.246,10.182,65.235,66.025,95.069,50.0,movement,,101.967,Moving,Yes,Toward camera,0.426621
Video 4,tracking_data/member2_canonical_tracks4.csv,215,Car,32,102.567,104.9,1300.431,41.471,1289.218,118.621,-11.213,77.149,77.96,122.283,50.0,movement,,102.567,Moving,Yes,Toward camera,0.423454
Video 4,tracking_data/member2_canonical_tracks4.csv,216,Car,126,103.2,107.767,1391.05,19.947,1826.93,958.397,435.88,938.449,1034.736,1136.957,50.0,movement,,103.2,Moving,Yes,Toward camera,0.603505
Video 4,tracking_data/member2_canonical_tracks4.csv,217,Car,438,103.967,119.633,1238.976,17.994,945.317,1008.002,-293.659,990.008,1032.643,1073.359,50.0,movement,,103.967,Moving,Yes,Toward camera,0.548806
Video 4,tracking_data/member2_canonical_tracks4.csv,218,Pedestrian,10,104.167,104.467,1891.506,362.199,1873.657,350.404,-17.849,-11.795,21.394,22.399,50.0,movement,,104.167,Parked/stationary,No,,0.599218
Video 4,tracking_data/member2_canonical_tracks4.csv,219,Car,345,104.367,118.7,1314.406,19.374,1550.065,1003.228,235.658,983.854,1011.684,1079.613,50.0,movement,,104.367,Moving,Yes,Toward camera,0.561741
Video 4,tracking_data/member2_canonical_tracks4.csv,220,Truck,5,104.6,104.8,1494.888,868.669,1503.181,886.733,8.293,18.064,19.877,20.911,50.0,movement,,104.6,Parked/stationary,No,,0.426762
Video 4,tracking_data/member2_canonical_tracks4.csv,221,Car,1,104.867,104.867,1857.46,950.953,1857.46,950.953,0.0,0.0,0.0,0.0,50.0,movement,,104.867,Parked/stationary,No,,0.41281
Video 4,tracking_data/member2_canonical_tracks4.csv,222,Car,103,105.3,108.967,1401.649,73.137,1809.411,940.284,407.761,867.146,958.234,1069.007,50.0,movement,,105.3,Moving,Yes,Toward camera,0.589858
Video 4,tracking_data/member2_canonical_tracks4.csv,223,Car,33,105.333,106.433,60.447,570.61,289.646,964.01,229.199,393.4,455.297,542.724,50.0,movement,,105.333,Moving,Yes,Toward camera,0.568247
Video 4,tracking_data/member2_canonical_tracks4.csv,224,Car,163,105.433,113.6,1311.039,28.399,1282.944,133.578,-28.095,105.178,108.866,177.985,50.0,movement,,105.433,Moving,Yes,Toward camera,0.470476
Video 4,tracking_data/member2_canonical_tracks4.csv,225,Car,415,105.733,120.933,1224.182,17.104,913.385,983.409,-310.796,966.305,1015.056,1064.688,50.0,movement,,105.733,Moving,Yes,Toward camera,0.549036
Video 4,tracking_data/member2_canonical_tracks4.csv,226,Car,106,106.3,109.9,1399.688,73.498,1809.95,927.92,410.262,854.422,947.814,1048.602,50.0,movement,,106.3,Moving,Yes,Toward camera,0.657819
Video 4,tracking_data/member2_canonical_tracks4.csv,227,Pedestrian,13,106.7,107.933,1739.227,282.992,1714.431,252.693,-24.796,-30.3,39.152,41.171,50.0,movement,,106.7,Parked/stationary,No,,0.423918
Video 4,tracking_data/member2_canonical_tracks4.csv,228,Car,10,107.433,108.067,1310.953,23.228,1311.221,27.963,0.269,4.735,4.743,6.324,50.0,movement,,107.433,Parked/stationary,No,,0.424361
Video 4,tracking_data/member2_canonical_tracks4.csv,229,Car,587,107.533,129.2,1220.176,22.938,958.432,1016.273,-261.744,993.335,1027.241,1074.235,50.0,movement,,107.533,Moving,Yes,Toward camera,0.534961
Video 4,tracking_data/member2_canonical_tracks4.csv,230,Car,99,107.867,111.333,1397.796,23.028,1798.791,935.018,400.995,911.99,996.255,1094.234,50.0,movement,,107.867,Moving,Yes,Toward camera,0.601809
Video 4,tracking_data/member2_canonical_tracks4.csv,231,Car,119,108.433,113.033,1292.583,443.818,1532.45,1004.904,239.867,561.086,610.208,682.046,50.0,movement,,108.433,Moving,Yes,Toward camera,0.613894
Video 4,tracking_data/member2_canonical_tracks4.csv,232,Car,26,108.9,110.1,1312.261,21.48,1299.032,69.778,-13.229,48.299,50.078,53.555,50.0,movement,,108.9,Moving,Yes,Toward camera,0.4156
Video 4,tracking_data/member2_canonical_tracks4.csv,233,Car,102,108.967,112.333,1387.809,28.023,1807.276,950.364,419.467,922.341,1013.245,1127.993,50.0,movement,,108.967,Moving,Yes,Toward camera,0.650164
Video 4,tracking_data/member2_canonical_tracks4.csv,234,Pedestrian,42,109.2,112.3,1692.709,220.865,1663.01,173.087,-29.698,-47.778,56.256,63.27,50.0,movement,,109.2,Moving,Yes,Away from camera,0.469238
Video 4,tracking_data/member2_canonical_tracks4.csv,235,Car,103,109.2,113.833,1310.558,21.683,1309.175,27.222,-1.383,5.539,5.709,18.925,50.0,movement,,109.2,Parked/stationary,No,,0.445625
Video 4,tracking_data/member2_canonical_tracks4.csv,236,Car,529,109.433,130.5,1224.864,28.547,947.833,992.074,-277.031,963.528,1002.563,1070.145,50.0,movement,,109.433,Moving,Yes,Toward camera,0.533909
Video 4,tracking_data/member2_canonical_tracks4.csv,237,Car,165,109.667,115.967,1264.452,286.987,1493.623,998.492,229.171,711.505,747.501,824.859,50.0,movement,,109.667,Moving,Yes,Toward camera,0.551649
Video 4,tracking_data/member2_canonical_tracks4.csv,238,Car,108,110.1,113.733,1391.834,29.587,1805.295,933.549,413.462,903.963,994.032,1101.152,50.0,movement,,110.1,Moving,Yes,Toward camera,0.626845
Video 4,tracking_data/member2_canonical_tracks4.csv,239,Car,25,110.933,113.8,1188.015,80.551,1093.982,196.142,-94.033,115.592,149.009,170.363,50.0,movement,,110.933,Moving,Yes,Toward camera,0.412342
Video 4,tracking_data/member2_canonical_tracks4.csv,240,Car,189,111.633,120.7,1307.427,46.417,1518.631,971.921,211.203,925.504,949.297,1031.116,50.0,movement,,111.633,Moving,Yes,Toward camera,0.461892
Video 4,tracking_data/member2_canonical_tracks4.csv,241,Car,39,111.9,113.167,60.731,562.612,338.573,983.779,277.842,421.167,504.557,600.245,50.0,movement,,111.9,Moving,Yes,Toward camera,0.789496
Video 4,tracking_data/member2_canonical_tracks4.csv,242,Pedestrian,130,111.967,118.3,1887.187,355.449,1686.415,199.072,-200.773,-156.377,254.486,272.251,50.0,movement,,111.967,Moving,Yes,Away from camera,0.490439
Video 4,tracking_data/member2_canonical_tracks4.csv,243,Car,120,112.0,116.0,1391.542,19.855,1770.557,774.235,379.016,754.38,844.241,1033.436,50.0,movement,,112.0,Moving,Yes,Toward camera,0.573855
Video 4,tracking_data/member2_canonical_tracks4.csv,244,Car,536,112.267,133.233,1227.39,18.669,914.83,960.114,-312.56,941.445,991.974,1036.774,50.0,movement,,112.267,Moving,Yes,Toward camera,0.530307
Video 4,tracking_data/member2_canonical_tracks4.csv,245,Car,102,112.8,118.367,1135.591,175.682,1073.45,284.475,-62.141,108.793,125.289,184.302,50.0,movement,,112.8,Moving,Yes,Toward camera,0.440003
Video 4,tracking_data/member2_canonical_tracks4.csv,246,Car,168,113.567,119.733,1265.115,213.784,1549.736,990.688,284.621,776.904,827.399,890.33,50.0,movement,,113.567,Moving,Yes,Toward camera,0.602021
Video 4,tracking_data/member2_canonical_tracks4.csv,247,Pedestrian,237,113.833,127.567,1871.51,387.813,1619.776,121.611,-251.734,-266.201,366.378,380.974,50.0,movement,,113.833,Moving,Yes,Away from camera,0.443652
Video 4,tracking_data/member2_canonical_tracks4.csv,248,Car,85,114.533,117.333,1405.429,133.016,1811.444,937.849,406.015,804.833,901.446,1010.844,50.0,movement,,114.533,Moving,Yes,Toward camera,0.699946
Video 4,tracking_data/member2_canonical_tracks4.csv,249,Car,100,114.733,118.1,1395.08,62.351,1798.252,910.063,403.172,847.712,938.703,1051.724,50.0,movement,,114.733,Moving,Yes,Toward camera,0.602462
Video 4,tracking_data/member2_canonical_tracks4.csv,250,Car,14,115.033,116.467,1301.552,48.895,1296.218,63.31,-5.334,14.415,15.37,21.759,50.0,movement,,115.033,Parked/stationary,No,,0.395433
Video 4,tracking_data/member2_canonical_tracks4.csv,251,Car,35,115.133,116.267,60.809,525.397,295.303,860.13,234.494,334.733,408.698,478.938,50.0,movement,,115.133,Moving,Yes,Toward camera,0.570816
Video 4,tracking_data/member2_canonical_tracks4.csv,252,Car,176,115.2,122.833,1224.438,19.757,1138.128,124.039,-86.31,104.281,135.366,147.192,50.0,movement,,115.2,Moving,Yes,Toward camera,0.452358
Video 4,tracking_data/member2_canonical_tracks4.csv,253,Car,2,115.533,115.567,125.873,584.095,132.77,592.037,6.898,7.943,10.52,10.52,50.0,movement,,115.533,Parked/stationary,No,,0.375944
Video 4,tracking_data/member2_canonical_tracks4.csv,254,Car,100,116.0,119.3,1397.916,70.314,1789.116,904.659,391.2,834.345,921.503,1033.441,50.0,movement,,116.0,Moving,Yes,Toward camera,0.665407
Video 4,tracking_data/member2_canonical_tracks4.csv,255,Car,106,116.2,120.133,1394.478,30.22,1791.343,895.822,396.865,865.602,952.244,1056.879,50.0,movement,,116.2,Moving,Yes,Toward camera,0.610737
Video 4,tracking_data/member2_canonical_tracks4.csv,256,Car,35,116.4,117.533,63.084,550.318,382.089,994.298,319.004,443.98,546.701,643.662,50.0,movement,,116.4,Moving,Yes,Toward camera,0.699019
Video 4,tracking_data/member2_canonical_tracks4.csv,257,Car,161,116.633,121.967,1286.977,134.243,1589.743,972.881,302.766,838.639,891.618,981.04,50.0,movement,,116.633,Moving,Yes,Toward camera,0.617009
Video 4,tracking_data/member2_canonical_tracks4.csv,258,Car,14,116.8,117.9,1318.331,22.147,1316.698,23.351,-1.633,1.204,2.029,4.596,50.0,movement,,116.8,Parked/stationary,No,,0.399639
Video 4,tracking_data/member2_canonical_tracks4.csv,259,Car,110,117.233,121.133,1389.107,24.134,1807.906,930.423,418.799,906.289,998.375,1109.964,50.0,movement,,117.233,Moving,Yes,Toward camera,0.642511
Video 4,tracking_data/member2_canonical_tracks4.csv,260,Car,32,117.4,118.433,58.744,583.799,266.756,985.781,208.012,401.982,452.613,553.282,50.0,movement,,117.4,Moving,Yes,Toward camera,0.635486
Video 4,tracking_data/member2_canonical_tracks4.csv,261,Car,170,118.133,123.767,1288.43,117.917,1516.119,976.182,227.688,858.265,887.953,966.716,50.0,movement,,118.133,Moving,Yes,Toward camera,0.648276
Video 4,tracking_data/member2_canonical_tracks4.csv,262,Car,14,118.167,118.767,1228.839,20.883,1226.139,23.45,-2.7,2.567,3.726,9.354,50.0,movement,,118.167,Parked/stationary,No,,0.409959
Video 4,tracking_data/member2_canonical_tracks4.csv,263,Car,127,119.067,123.333,1396.089,21.585,1794.695,923.517,398.606,901.932,986.087,1096.046,50.0,movement,,119.067,Moving,Yes,Toward camera,0.677769
Video 4,tracking_data/member2_canonical_tracks4.csv,264,Car,182,119.333,125.4,1287.681,85.172,1535.703,978.66,248.022,893.488,927.273,1016.401,50.0,movement,,119.333,Moving,Yes,Toward camera,0.644481
Video 4,tracking_data/member2_canonical_tracks4.csv,265,Car,570,119.667,138.833,1210.58,52.436,966.552,991.152,-244.029,938.716,969.917,1016.461,50.0,movement,,119.667,Moving,Yes,Toward camera,0.601947
Video 4,tracking_data/member2_canonical_tracks4.csv,266,Pedestrian,17,119.667,120.933,1671.784,172.868,1663.92,154.433,-7.864,-18.436,20.043,24.381,50.0,movement,,119.667,Parked/stationary,No,,0.411838
Video 4,tracking_data/member2_canonical_tracks4.csv,267,Truck,63,120.5,122.933,978.819,410.407,926.363,855.492,-52.456,445.085,448.166,498.508,50.0,movement,,120.5,Moving,Yes,Toward camera,0.491002
Video 4,tracking_data/member2_canonical_tracks4.csv,268,Car,78,120.567,124.267,1304.787,60.099,1271.817,213.42,-32.97,153.321,156.826,214.036,50.0,movement,,120.567,Moving,Yes,Toward camera,0.444337
Video 4,tracking_data/member2_canonical_tracks4.csv,269,Car,106,120.9,124.4,1402.926,71.301,1807.179,935.545,404.254,864.244,954.117,1066.609,50.0,movement,,120.9,Moving,Yes,Toward camera,0.637757
Video 4,tracking_data/member2_canonical_tracks4.csv,270,Car,130,121.467,126.2,1388.772,24.386,1800.098,924.649,411.327,900.263,989.779,1112.207,50.0,movement,,121.467,Moving,Yes,Toward camera,0.51675
Video 4,tracking_data/member2_canonical_tracks4.csv,271,Car,314,121.633,134.567,1134.894,131.793,905.105,851.002,-229.789,719.209,755.026,837.665,50.0,movement,,121.633,Moving,Yes,Toward camera,0.478366
Video 4,tracking_data/member2_canonical_tracks4.csv,272,Car,10,122.167,123.233,1213.213,42.228,1220.02,19.402,6.807,-22.826,23.819,41.428,50.0,movement,,122.167,Parked/stationary,No,,0.38719
Video 4,tracking_data/member2_canonical_tracks4.csv,273,Car,341,123.2,135.8,1198.444,63.198,964.576,826.853,-233.868,763.655,798.664,895.156,50.0,movement,,123.2,Moving,Yes,Toward camera,0.463607
Video 4,tracking_data/member2_canonical_tracks4.csv,274,Car,121,123.3,127.8,1318.753,17.93,1614.866,972.879,296.113,954.949,999.805,1099.066,50.0,movement,,123.3,Moving,Yes,Toward camera,0.512303
Video 4,tracking_data/member2_canonical_tracks4.csv,275,Truck,82,123.767,126.5,1272.704,178.422,1533.327,821.602,260.623,643.18,693.977,896.973,50.0,movement,,123.767,Moving,Yes,Toward camera,0.601982
Video 4,tracking_data/member2_canonical_tracks4.csv,276,Car,413,123.9,139.033,1216.484,53.886,926.846,672.272,-289.638,618.386,682.855,723.91,50.0,movement,,123.9,Moving,Yes,Toward camera,0.513736
Video 4,tracking_data/member2_canonical_tracks4.csv,277,Car,149,123.9,129.167,1315.233,25.132,1525.181,955.525,209.948,930.393,953.787,1049.404,50.0,movement,,123.9,Moving,Yes,Toward camera,0.629176
Video 4,tracking_data/member2_canonical_tracks4.csv,278,Car,79,124.333,127.4,1399.586,108.104,1798.137,884.765,398.551,776.661,872.952,997.158,50.0,movement,,124.333,Moving,Yes,Toward camera,0.53404
Video 4,tracking_data/member2_canonical_tracks4.csv,279,Car,101,124.567,129.733,1218.457,31.802,1169.406,103.264,-49.051,71.461,86.676,100.85,50.0,movement,,124.567,Moving,Yes,Toward camera,0.477065
Video 4,tracking_data/member2_canonical_tracks4.csv,280,Car,108,125.033,128.6,1385.667,77.498,1789.932,912.94,404.266,835.443,928.114,1040.632,50.0,movement,,125.033,Moving,Yes,Toward camera,0.660935
Video 4,tracking_data/member2_canonical_tracks4.csv,281,Car,128,125.6,130.233,1308.647,38.597,1572.212,953.402,263.565,914.805,952.016,1065.734,50.0,movement,,125.6,Moving,Yes,Toward camera,0.519449
Video 4,tracking_data/member2_canonical_tracks4.csv,282,Car,33,125.867,126.933,67.613,575.28,337.203,988.2,269.59,412.92,493.135,583.636,50.0,movement,,125.867,Moving,Yes,Toward camera,0.79917
Video 4,tracking_data/member2_canonical_tracks4.csv,283,Car,86,126.333,129.367,1388.351,120.322,1803.961,938.293,415.609,817.971,917.5,1039.329,50.0,movement,,126.333,Moving,Yes,Toward camera,0.620921
Video 4,tracking_data/member2_canonical_tracks4.csv,284,Car,142,126.4,131.333,1310.822,31.043,1542.93,964.978,232.108,933.934,962.345,1074.347,50.0,movement,,126.4,Moving,Yes,Toward camera,0.640035
Video 4,tracking_data/member2_canonical_tracks4.csv,285,Car,31,127.133,128.133,60.313,595.748,293.03,986.949,232.716,391.201,455.187,537.106,50.0,movement,,127.133,Moving,Yes,Toward camera,0.79417
Video 4,tracking_data/member2_canonical_tracks4.csv,286,Car,73,127.133,130.2,1394.457,98.816,1791.088,890.906,396.63,792.09,885.846,989.595,50.0,movement,,127.133,Moving,Yes,Toward camera,0.536122
Video 4,tracking_data/member2_canonical_tracks4.csv,287,Car,147,127.367,132.233,1311.786,17.558,1584.256,947.048,272.47,929.49,968.603,1072.403,50.0,movement,,127.367,Moving,Yes,Toward camera,0.675101
Video 4,tracking_data/member2_canonical_tracks4.csv,288,Car,275,129.6,139.033,1235.021,20.969,1051.03,291.162,-183.991,270.194,326.89,344.021,50.0,movement,,129.6,Moving,Yes,Toward camera,0.560164
Video 4,tracking_data/member2_canonical_tracks4.csv,289,Car,105,130.967,136.1,1319.278,16.992,1458.814,594.791,139.536,577.799,594.409,930.034,50.0,movement,,130.967,Moving,Yes,Toward camera,0.561005
Video 4,tracking_data/member2_canonical_tracks4.csv,290,Car,32,131.5,132.533,60.298,572.104,283.247,977.262,222.949,405.158,462.449,549.23,50.0,movement,,131.5,Moving,Yes,Toward camera,0.745833
Video 4,tracking_data/member2_canonical_tracks4.csv,291,Car,196,131.5,139.033,1232.933,23.478,1184.494,78.158,-48.439,54.68,73.05,81.366,50.0,movement,,131.5,Moving,Yes,Toward camera,0.512399
Video 4,tracking_data/member2_canonical_tracks4.csv,292,Car,187,132.167,139.033,1153.383,118.395,981.944,419.192,-171.439,300.797,346.223,364.54,50.0,movement,,132.167,Moving,Yes,Toward camera,0.562106
Video 4,tracking_data/member2_canonical_tracks4.csv,293,Car,5,133.633,134.5,1280.344,156.992,1285.773,268.604,5.43,111.613,111.745,111.826,50.0,movement,,133.633,Moving,Yes,Toward camera,0.431723
Video 4,tracking_data/member2_canonical_tracks4.csv,294,Car,63,133.667,135.833,1394.67,65.55,1519.139,398.362,124.469,332.811,355.325,457.161,50.0,movement,,133.667,Moving,Yes,Toward camera,0.650319
Video 4,tracking_data/member2_canonical_tracks4.csv,295,Truck,80,135.467,139.033,1312.048,56.251,1506.289,676.57,194.241,620.319,650.019,820.081,50.0,movement,,135.467,Moving,Yes,Toward camera,0.492977
Video 4,tracking_data/member2_canonical_tracks4.csv,296,Truck,9,136.633,136.933,1610.423,728.389,1645.883,806.755,35.46,78.366,86.016,102.364,50.0,movement,,136.633,Moving,Yes,Toward camera,0.424582
Video 4,tracking_data/member2_canonical_tracks4.csv,297,Car,55,136.867,139.033,1255.463,101.059,1302.345,259.678,46.883,158.618,165.402,212.544,50.0,movement,,136.867,Moving,Yes,Toward camera,0.607278
Video 4,tracking_data/member2_canonical_tracks4.csv,298,Car,33,137.033,138.1,58.444,568.809,292.854,977.19,234.409,408.381,470.875,563.528,50.0,movement,,137.033,Moving,Yes,Toward camera,0.666722
Video 4,tracking_data/member2_canonical_tracks4.csv,299,Car,5,138.9,139.033,1241.022,14.207,1237.681,17.091,-3.341,2.884,4.414,4.414,50.0,movement,,138.9,Parked/stationary,No,,0.516331
